id,grp,dG_orca_kcal_stored,dG_gxtb_kcal_stored,error,dG_gxtb_kcal,dG_b973c_kcal,dG_r2scan_kcal,resid_gxtb,resid_b973c
HSJRAEQQVXRGGM-UHFFFAOYSA-N__YHQFISOOVYLPRR-HFIQGDHTSA-N,hetero_hardtail,-6.8757750882846524,-5.1591,,-31.085782322868084,-14.993174887969056,-21.639429380698385,9.4463529421697,-6.646254492729328
VBUQVCNUAFTHCE-RAZAXZTQSA-N__KHXWBRBPYHSXTH-CKIVDRAYSA-N,hetero_hardtail,-6.495132016913575,-10.0013,,-30.537367535803547,-11.455420499599418,-13.529561114055769,17.00780642174778,-2.074140614456349
GMUINPOVQMNENA-UHFFFAOYSA-N__ZRZVLMMRTDOQKG-UHFFFAOYSA-N,hetero_hardtail,-4.278403335952965,-1.4977,,-15.629800417984304,-13.21713178298276,-19.102612479334898,-3.4728120613505933,-5.885480696352136
QAIJMKLVIVRPAR-UHFFFAOYSA-N__ZQYULIXQISCKLV-UHFFFAOYSA-N,hetero_hardtail,-4.175265688078901,-5.1574,,-23.04354463718385,-15.00310738455401,-20.403581265025256,2.63996337215859,-5.400473880471246
WYPHOQDLVAXAIR-VCOUNFBDSA-N__NPABCQFFQVXDLG-UHFFFAOYSA-N,hetero_hardtail,-3.59595327793544,-0.1404,,-14.780833328171996,-6.636160850761771,-11.033575078247006,3.7472582499249896,-4.397414227485236
SGCLSPFAYOHOOF-RYUDHWBXSA-N__IMJXZJWZJYUUQK-UHFFFAOYSA-N,hetero_hardtail,-3.3992578965845355,-5.8277,,-25.001949098203177,-11.219673608294547,-19.09810464472984,5.9038444534733365,-7.878431036435293
BRNJAHPTWFIDAS-UHFFFAOYSA-N__MFMGRPSKVVJIDV-JOCHJYFZSA-N,hetero_hardtail,-3.0278769062130046,-1.6199,,-20.51872581433692,-9.988472097132007,-16.651283602801936,3.8674422115349856,-6.662811505669929
NPABCQFFQVXDLG-UHFFFAOYSA-N__WYPHOQDLVAXAIR-VCOUNFBDSA-N,hetero_hardtail,-2.861062608895652,0.8298,,-20.27337891777174,-9.673913977341712,-13.613947500654044,6.6594314171176965,-3.940033523312332
SAUXNXJPLASOMO-UHFFFAOYSA-N__KKZKJADYHRMRGQ-UHFFFAOYSA-N,hetero_hardtail,-0.4463186198685114,2.7438,,-16.317601820381782,-10.411827143352896,-15.339262898731263,0.9783389216505184,-4.927435755378369
QVRKJZUJNTYHPY-UHFFFAOYSA-N__WGHJLRMUHZIXGD-UHFFFAOYSA-N,hetero_hardtail,1.3352825113544702,4.3099,,-13.439771766225038,-6.628224749105127,-11.832257763904432,1.607514002320606,-5.204033014799305
YHQFISOOVYLPRR-HFIQGDHTSA-N__HSJRAEQQVXRGGM-UHFFFAOYSA-N,hetero_hardtail,1.5368401030105678,-1.1411,,-39.86133137608121,-24.65845964617745,-31.76697469865624,8.094356677424972,-7.108515052478786
ZQYULIXQISCKLV-UHFFFAOYSA-N__QAIJMKLVIVRPAR-UHFFFAOYSA-N,hetero_hardtail,1.5662959726870151,0.8669,,-24.10932927987396,-11.2889789285522,-17.279484300475367,6.82984497939859,-5.990505371923167
FVZWSHNUKKVEJF-UHFFFAOYSA-N__BIKRJLPGVGFPDA-UHFFFAOYSA-N,hetero_hardtail,1.6829255277963446,5.9272,,-16.19159651308977,-4.349799538434568,-8.233642774950258,7.957953738139512,-3.8838432365156894
YSDFIHXJIJIAAL-UHFFFAOYSA-N__NYSJBGFOVAYLTL-UHFFFAOYSA-N,hetero_hardtail,1.997027714982381,2.7012,,-8.40664698255474,1.7016848929259982,-4.9102415153033885,3.496405467251352,-6.611926408229387
FHCWFDZNJKWFNC-UHFFFAOYSA-N__XDRHTXYNCZQNHD-FHZGLPGMSA-N,hetero_hardtail,2.5283437883640563,8.1065,,-13.178940206135268,-8.301250129029494,-13.739886636644634,-0.5609464305093663,-5.43863650761514
MSEGSYMVTMWEDB-UHFFFAOYSA-N__RTSFIEXZIAALMT-UHFFFAOYSA-N,hetero_hardtail,2.6865848213100154,-0.3091,,-27.929171879262523,-19.053418085526427,-24.84861820062795,3.0805536786345726,-5.795200115101522
WGHJLRMUHZIXGD-UHFFFAOYSA-N__QVRKJZUJNTYHPY-UHFFFAOYSA-N,hetero_hardtail,3.5387794738952256,6.0221,,-10.412066114639424,-2.97857064814564,-7.808801725533209,2.603264389106215,-4.83023107738757
IIJAQEXWPIAVJU-RVQMFNDTSA-N__MHDBTMMIJGXGOF-AAORUROXSA-N,hetero_hardtail,3.5938453693465444,7.6733,,-12.369193690280207,-4.798344903202494,-10.22118348997194,2.148010200308269,-5.422838586769446
OUPHGQPIQOTSHW-UHFFFAOYSA-N__AYIUVSGXXGAHQH-UHFFFAOYSA-N,hetero_hardtail,3.915897209568156,-4.061,,-21.519582049748774,-6.403638744909091,-10.727191317219472,10.792390732529302,-4.323552572310381
FKVIJRPKBQIPBO-UHFFFAOYSA-N__ORVKHRNDGSSICU-UHFFFAOYSA-N,hetero_hardtail,3.9636432306966887,3.2582,,-18.196826117344823,-7.575198234537547,-14.32463105249876,3.8721950648460624,-6.749432817961214
HFHBKZVTGPODJB-UHFFFAOYSA-N__JNSVSGMMMTZTNL-UHFFFAOYSA-N,hetero_hardtail,4.675308518007935,3.2918,,-21.464002064750154,-10.946394853686664,-16.130851296337372,5.333150768412782,-5.184456442650708
NUOMEJFAIBSLLB-KRWDZBQOSA-N__PMTZJVFGALVXPB-UHFFFAOYSA-N,hetero_hardtail,4.678914589764993,0.0571,,-31.27488658565932,-22.460988724225807,-26.008078148005197,5.266808437654124,-3.5470894237793864
XDRHTXYNCZQNHD-FHZGLPGMSA-N__FHCWFDZNJKWFNC-UHFFFAOYSA-N,hetero_hardtail,4.794461412697623,4.3014,,-26.08488404949173,-13.470208649839629,-21.42445733913507,4.66042671035666,-7.954248689295444
JERQKJRGNCNVDS-UHFFFAOYSA-N__SGGBMBZZNKFDFM-UHFFFAOYSA-N,hetero_hardtail,4.8102732955528,-1.6442,,-22.88761766120623,-14.088052194874455,-18.196394211336266,4.69122344986997,-4.108342016461807
KHXWBRBPYHSXTH-CKIVDRAYSA-N__VBUQVCNUAFTHCE-RAZAXZTQSA-N,hetero_hardtail,4.917200194327072,-4.122,,-22.04644022675786,-4.477287966518845,-8.426507175998529,13.61993305075933,-3.949219209479684
KDHWWKAFVYQSCW-UHFFFAOYSA-N__KVHDANCBLMYBDM-UHFFFAOYSA-N,hetero_hardtail,5.007150013666847,-9.811,,-24.3567385923564,-6.729329569896718,-12.488375291298563,11.868363301057832,-5.759045721401845
SAUXNXJPLASOMO-UHFFFAOYSA-N__IJIMLODXDFZQRB-UHFFFAOYSA-N,hetero_hardtail,5.048951183842153,1.4644,,-26.35463855697193,-19.11330570472279,-24.77256206751151,1.5820764894604196,-5.659256362788721
ZRZVLMMRTDOQKG-UHFFFAOYSA-N__GMUINPOVQMNENA-UHFFFAOYSA-N,hetero_hardtail,5.874216990449232,8.1498,,-16.94708351601716,-8.801266258698508,-14.419894220729036,2.5271892952881228,-5.618627962030528
MYEPMFFTEGGJIX-UHFFFAOYSA-N__ZRZNQXAGFQZVGC-UHFFFAOYSA-N,hetero_hardtail,6.162835045937032,2.7463,,-30.27175777616767,-16.80630889715165,-21.05834395500856,9.213413821159111,-4.252035057856912
HMGYKXSHMZADER-UHFFFAOYSA-N__UTIOXIXWTMRAJY-UHFFFAOYSA-N,hetero_hardtail,6.600295712899026,2.8617,,-18.13302944218207,-7.282139397538836,-12.887574446129037,5.245454996053034,-5.6054350485902
GBYONEKVKONQAH-UHFFFAOYSA-N__MBDVTIVIOBOLDR-UHFFFAOYSA-N,hetero_hardtail,6.860469637173557,5.4854,,-19.17412239922768,-4.284453935437962,-9.443455572659945,9.730666826567733,-5.159001637221983
MFMGRPSKVVJIDV-JOCHJYFZSA-N__BRNJAHPTWFIDAS-UHFFFAOYSA-N,hetero_hardtail,7.210165762144646,4.836,,-23.97272783624373,-7.99901095704441,-14.114026701206864,9.858701135036869,-6.115015744162454
MHDBTMMIJGXGOF-AAORUROXSA-N__IIJAQEXWPIAVJU-RVQMFNDTSA-N,hetero_hardtail,7.2856468135223,12.6271,,-14.507235274780376,-8.104122593551013,-13.578420096718096,0.9288151780622798,-5.474297503167083
RTSFIEXZIAALMT-UHFFFAOYSA-N__MSEGSYMVTMWEDB-UHFFFAOYSA-N,hetero_hardtail,7.497715392606057,1.1057,,-31.30995888167641,-21.882684504400785,-26.533626150809933,4.776332730866475,-4.650941646409152
MBDVTIVIOBOLDR-UHFFFAOYSA-N__GBYONEKVKONQAH-UHFFFAOYSA-N,hetero_hardtail,7.646843883272761,3.2859,,-22.011499370327364,-11.773018545188227,-14.879175331942466,7.132324038384898,-3.106156786754239
JZEBIZSENOXNQJ-XMMPIXPASA-N__DGVOSAOXUJRINT-UHFFFAOYSA-N,hetero_hardtail,8.178713930584594,3.9368,,-19.12158120180477,-6.628612771434661,-11.449382905924008,7.672198295880758,-4.820770134489346
ZLZWAXBVZOQQPM-UHFFFAOYSA-N__WVHRAVATCKTJDN-TWMUNHRGSA-N,hetero_hardtail,8.437024008990369,4.1646,,-28.462135585761303,-19.19398816586117,-26.517487606927627,1.9446479788336788,-7.323499441066453
IHMYPEVMLKWGJZ-UHFFFAOYSA-N__AURNBZNZWOPUSH-UHFFFAOYSA-N,hetero_hardtail,8.49365892320997,-3.4523,,-9.099370864279694,-0.0959994671906079,-6.458567895107483,2.640802969172211,-6.362568427916875
GMBOJSOBSILDFR-UHFFFAOYSA-N__FYXDAYQQMWSHPJ-GUBZILKMSA-N,hetero_hardtail,8.828896514307969,-4.8518,,-23.92641646930327,-15.35992483177695,-20.42095975330248,3.505456716000793,-5.0610349215255255
JNSVSGMMMTZTNL-UHFFFAOYSA-N__HFHBKZVTGPODJB-UHFFFAOYSA-N,hetero_hardtail,8.98548099326655,6.0893,,-18.895120930883955,-6.796946607894238,-11.795690132548303,7.099430798335652,-4.998743524654065
QZEUHYUQYMNXDY-UHFFFAOYSA-N__DOZZDBKGOKGEAB-UHFFFAOYSA-N,hetero_hardtail,9.319895670322866,0.4464,,-0.6264257456858374,3.598060161517427,-3.6591985670108538,-3.0327728213250165,-7.257258728528281
BIKRJLPGVGFPDA-UHFFFAOYSA-N__FVZWSHNUKKVEJF-UHFFFAOYSA-N,hetero_hardtail,9.536547137909697,6.561,,-18.461407197653045,-8.008327263962796,-11.81720976794785,6.644197429705196,-3.808882503985053
GQARTARCLXCWLH-UHFFFAOYSA-N__QRPZPCSXPJIVIJ-UHFFFAOYSA-N,hetero_hardtail,9.542565664872852,3.6839,,-11.589654206232831,0.2256853559951358,-5.609659607861303,5.97999459837153,-5.835344963856439
WVHRAVATCKTJDN-TWMUNHRGSA-N__ZLZWAXBVZOQQPM-UHFFFAOYSA-N,hetero_hardtail,9.578877831163048,4.6749,,-30.970910542747905,-19.95693011994581,-27.219432687656752,3.751477855091153,-7.262502567710946
QAPOSPOTJMNSNV-RPBOFIJWSA-N__QWKTZIDRAPHMCH-UHFFFAOYSA-N,hetero_hardtail,10.104018288852142,2.9603,,-17.90291855679025,-1.386694163005609,-7.109751122493119,10.793167434297132,-5.72305695948751
KVHDANCBLMYBDM-UHFFFAOYSA-N__KDHWWKAFVYQSCW-UHFFFAOYSA-N,hetero_hardtail,10.242591430865094,-7.8076,,-28.805513497802146,-7.13368843073207,-11.516201906201136,17.28931159160101,-4.382513475469066
HEWKRXBEFZRQOD-DCIOMXRHSA-N__PBBISWMMBXAYNP-UHFFFAOYSA-N,hetero_hardtail,10.508112133608892,9.0142,,-27.23524182379589,-9.301823322780145,-13.77128302132267,13.463958802473222,-4.469459698542526
AYIUVSGXXGAHQH-UHFFFAOYSA-N__OUPHGQPIQOTSHW-UHFFFAOYSA-N,hetero_hardtail,11.097597939076277,-0.309,,-23.635817466257784,-7.252548503605194,-12.370342964866762,11.265474501391022,-5.117794461261568
KKZKJADYHRMRGQ-UHFFFAOYSA-N__SAUXNXJPLASOMO-UHFFFAOYSA-N,hetero_hardtail,11.455839747543116,9.3108,,-17.81972686653863,-12.447868386960694,-16.760206785000772,1.0595200815378585,-4.312338398040078
IMJXZJWZJYUUQK-UHFFFAOYSA-N__SGCLSPFAYOHOOF-RYUDHWBXSA-N,hetero_hardtail,11.64912794300573,4.2779,,-28.753256083187207,-10.927702236995536,-15.59876877361117,13.154487309576036,-4.671066536615633
AURNBZNZWOPUSH-UHFFFAOYSA-N__IHMYPEVMLKWGJZ-UHFFFAOYSA-N,hetero_hardtail,11.658395313691546,2.1075,,-29.388783771519325,-14.060672637777708,-19.911705687082584,9.47707808443674,-5.851033049304876
DGVOSAOXUJRINT-UHFFFAOYSA-N__JZEBIZSENOXNQJ-XMMPIXPASA-N,hetero_hardtail,11.78829720244179,2.4628,,-17.76127441431915,-4.060401852903702,-6.832315559516264,10.928958854802886,-2.771913706612562
NYSJBGFOVAYLTL-UHFFFAOYSA-N__YSDFIHXJIJIAAL-UHFFFAOYSA-N,hetero_hardtail,12.148649707162472,5.3829,,-5.683498437085382,1.9058308906279904,-3.828489140482328,1.855009296603055,-5.734320031110318
AURNBZNZWOPUSH-UHFFFAOYSA-N__QRPZPCSXPJIVIJ-UHFFFAOYSA-N,hetero_hardtail,12.40424442034597,3.6325,,7.340992053461723,12.089837729203794,6.368295166631125,-0.9726968868305984,-5.721542562572669
FYXDAYQQMWSHPJ-GUBZILKMSA-N__GMBOJSOBSILDFR-UHFFFAOYSA-N,hetero_hardtail,12.412728561194132,-7.154,,-22.12956771881782,-16.965868965603683,-21.38660858062104,0.7429591381967846,-4.420739615017354
QRPZPCSXPJIVIJ-UHFFFAOYSA-N__AURNBZNZWOPUSH-UHFFFAOYSA-N,hetero_hardtail,12.65382721846013,4.3453,,-6.668903074362919,6.338835429779389,0.4150577161635815,7.0839607905265005,-5.923777713615808
IJIMLODXDFZQRB-UHFFFAOYSA-N__SAUXNXJPLASOMO-UHFFFAOYSA-N,hetero_hardtail,13.395962570703034,5.9262,,-19.28126682375834,-15.812267481742875,-20.21308572649816,-0.9318189027398168,-4.400818244755282
ORVKHRNDGSSICU-UHFFFAOYSA-N__FKVIJRPKBQIPBO-UHFFFAOYSA-N,hetero_hardtail,15.866664109177076,0.0174,,-15.638731212513168,3.7575130924919775,-1.5366927917969408,14.102038420716228,-5.294205884288918
QWKTZIDRAPHMCH-UHFFFAOYSA-N__QAPOSPOTJMNSNV-RPBOFIJWSA-N,hetero_hardtail,17.760544682451386,15.4184,,-19.33414930567833,-7.226896029931439,-13.038107973577524,6.29604133210081,-5.811211943646086
PMTZJVFGALVXPB-UHFFFAOYSA-N__NUOMEJFAIBSLLB-KRWDZBQOSA-N,hetero_hardtail,19.990642753857102,8.0149,,-15.829250276190145,-7.176134214397919,-11.481901758418603,4.347348517771541,-4.305767544020684
DOZZDBKGOKGEAB-UHFFFAOYSA-N__QZEUHYUQYMNXDY-UHFFFAOYSA-N,hetero_hardtail,21.521257953095773,-2.4515,,-7.932984723920408,8.252656256613996,3.275738989530063,11.208723713450471,-4.976917267083933
UTIOXIXWTMRAJY-UHFFFAOYSA-N__HMGYKXSHMZADER-UHFFFAOYSA-N,hetero_hardtail,21.81340874440642,2.2346,,-22.36879476682928,-7.516138561604636,-12.770566472565465,9.59822829426382,-5.2544279109608265
ZRZNQXAGFQZVGC-UHFFFAOYSA-N__MYEPMFFTEGGJIX-UHFFFAOYSA-N,hetero_hardtail,24.513522547161976,7.938,,-36.07043062866074,-20.010261070781805,-24.129604210745928,11.94082641791481,-4.119343139964123
PBBISWMMBXAYNP-UHFFFAOYSA-N__HEWKRXBEFZRQOD-DCIOMXRHSA-N,hetero_hardtail,26.451502723501203,12.3389,,-27.59915188394576,-6.236928910976864,-11.09031703577586,16.5088348481699,-4.853388124798997
NYQCIDHZNFBQAK-SCSAIBSYSA-N__BJESSOFRDPVZBW-UHFFFAOYSA-N,control,-9.27197651676684,-2.4963,,-24.388233643580303,-18.340786074662557,-25.412904895517286,-1.024671251936983,-7.072118820854733
XLEKCIPCCBHYDA-UHFFFAOYSA-N__NEHUREOOPMIPGG-UHFFFAOYSA-N,control,-6.176760935483307,-6.3915,,-26.60929285171296,-18.523922178294303,-23.219562673859564,3.3897301778533944,-4.695640495565257
ONPHXFYCKYFLLS-ZHACJKMWSA-N__IUSUPGUYBHINDX-UHFFFAOYSA-N,control,-4.700366774173952,-7.4826,,-11.89081340830928,-5.6257522868221095,-10.601327547201832,1.2894858611074491,-4.975575260379722
SYTIDGYCWXVPDQ-UHFFFAOYSA-N__DKMHDLGRAJXZCT-UHFFFAOYSA-N,control,-3.4423915006928136,0.6225,,-19.570405419245816,-11.82862245712117,-17.665183080884287,1.9052223383615288,-5.836560623763116
ZNAWWXGCVLDPOE-UHFFFAOYSA-N__XLYCASCOALLEHR-UHFFFAOYSA-N,control,-2.47267944525399,1.9327,,-24.9050222280462,-17.667448176223175,-23.971373673990573,0.9336485540556224,-6.303925497767398
JRIOKBXQMHEJOZ-RSJOWCBRSA-N__VVVJWWHBXUASAA-UHFFFAOYSA-N,control,-2.070390612125099,2.8884,,-22.781338636711464,-8.937720323057158,-15.932624807776635,6.848713828934827,-6.994904484719479
FFHCHDIRBSNJGE-UHFFFAOYSA-N__XKAHTFJISBCBPN-UHFFFAOYSA-N,control,-1.780954965169425,2.3299,,-12.299706527604558,-5.445962059354745,-11.332812188479876,0.966894339124682,-5.886850129125131
WVPZWTBESUCAJX-UHFFFAOYSA-N__BRMIXYOIDAOOIX-PNDDCTNVSA-N,control,-1.3503356586698998,-4.656,,-25.23938609934523,-17.84998741543521,-23.96111046272157,1.2782756366236576,-6.1111230472863625
GMQZLZQOLRFEDD-UHFFFAOYSA-N__DLZIUYOHALCDSB-UHFFFAOYSA-N,control,-1.004160002682985,2.6777,,-23.66205104023296,-13.44434783181185,-17.94453142574845,5.717519614484505,-4.500183593936601
RSBXSZATCNRAHC-UHFFFAOYSA-N__MNDACYSEJXGHML-IUCAKERBSA-N,control,-0.4584782319619336,3.5591,,-25.686787140207244,-14.053526249334304,-19.57752372151542,6.109263418691825,-5.523997472181115
XLGNWLVSZFABJG-LUTIACGYSA-N__ULEVKWKQHIGIQU-UHFFFAOYSA-N,control,-0.1182578796017122,-4.602,,-23.48086476348523,-15.058880087045676,-19.940915146325057,3.539949617160172,-4.8820350592793815
YGVQWHLDCDFGRO-XOKHGSTOSA-N__FYEUNHYDTXLVGK-UHFFFAOYSA-N,control,0.3291300149474394,3.7211,,-22.04243566815543,-12.401706286366052,-17.77809863874221,4.26433702941322,-5.376392352376159
XHWUCEASPYLAIG-UHFFFAOYSA-N__YMCSXQTXZJYNGN-FHDQPZTMSA-N,control,0.7534500217062172,-10.2185,,-37.54241356515549,-29.615046307278597,-33.567491736278456,3.974921828877037,-3.9524454289998623
PZUMYPDUSSELPR-UHFFFAOYSA-N__IXMNTWWTPVIFOP-NSHDSACASA-N,control,0.9353690996352684,3.0678,,-19.607866800411347,-8.124172153882368,-13.319277885771694,6.288588914639654,-5.195105731889326
CCUJUMKOKSNUCP-UHFFFAOYSA-N__NUMBKGNLQMQSFB-VUWPPUDQSA-N,control,1.1430050050926686,3.0501,,-16.181616335135242,-13.621916697235545,-19.882476534552435,-3.700860199417193,-6.260559837316892
DJQVMEDIAQBVKS-UHFFFAOYSA-N__JGZNVKIZGUJXTJ-WRSVWVKZSA-N,control,1.8528039829658656,-0.8985,,-27.184087154817316,-13.3487476653084,-18.659346486953908,8.524740667863405,-5.310598821645508
BHXFGVIQYHRFSQ-UHFFFAOYSA-N__MVUSYFZPZUJZAU-UHFFFAOYSA-N,control,2.1144619010862926,-4.3158,,-22.29594887852032,-15.21806473301995,-19.096487286841167,3.1994615916791496,-3.878422553821217
MBUGWEHNZAMDRR-UHFFFAOYSA-N__CZCWLUXYZGZTEN-FBQUQXAYSA-N,control,2.3999156946124254,2.9329,,-23.00412256411812,-14.103523941086197,-20.05436402723444,2.949758536883678,-5.950840086148247
NIGWQRBPDVUQBY-UHFFFAOYSA-N__NGIOJMNVLKXHJE-UHFFFAOYSA-N,control,2.536692169586759,3.8526,,-28.864390150786157,-16.6944138657929,-20.81293786614919,8.051452284636962,-4.118524000356292
YHHPBYNAHAIMNQ-YRNVUSSQSA-N__LDTADWAOSPRJTQ-UHFFFAOYSA-N,control,2.7258294135162364,2.6677,,-15.05461340982119,-4.527902492739985,-9.932407130913216,5.122206278907974,-5.404504638173231
HKWCEXZUDQTIRD-UHFFFAOYSA-N__MREJZELNCWSZEI-UHFFFAOYSA-N,control,2.891300730629637,3.3844,,-35.65304037900881,-26.235262390123676,-32.21148747208127,3.441552906927541,-5.976225081957594
MGXCYUSPGOPKIR-UHFFFAOYSA-N__YVPPXSBJJNMJOU-UHFFFAOYSA-N,control,2.9534514979513857,-0.9961,,-37.47085182930149,-26.978124122844125,-32.42329258158558,5.04755924771591,-5.445168458741453
CKOHTPKVTMIPBA-UHFFFAOYSA-N__FCPHRPNJDNFKRP-UHFFFAOYSA-N,control,3.341696580007337,3.4139,,-18.75800530360954,-15.446023817725782,-19.64368935475869,-0.8856840511491519,-4.1976655370329095
GIEADKTXJGDWNU-UHFFFAOYSA-N__FFUBFJLZUYMTMH-UHFFFAOYSA-N,control,3.526977956683292,1.9242,,-12.509077037886918,-6.212710031527881,-11.467767250717047,1.0413097871698709,-5.255057219189166
LEKFNUHVYFCLDC-UHFFFAOYSA-N__DPZSRLQCTMRACF-UHFFFAOYSA-N,control,3.791326987069848,2.0743,,-14.80121998522513,-4.17771791980243,-8.931231826573713,5.869988158651417,-4.753513906771283
UWQQZAOIJAEVDJ-UHFFFAOYSA-N__JSHBMDIJOGPLJT-FVMZRBCSSA-N,control,3.9218560252417696,4.8745,,-17.878318216183118,-4.223945238744547,-9.26695817546592,8.611360040717198,-5.0430129367213725
RDIQQEGTEKMUPW-UHFFFAOYSA-N__JKCNVWCBCHCRGO-RDABAPPSSA-N,control,4.128708351868351,-5.47,,-8.422498306060662,1.9198414884203097,-3.0585128119549383,5.363985494105724,-4.978354300375248
FQKMHYFAWKOURY-UHFFFAOYSA-N__KXGVDCDMOPMQMS-UHFFFAOYSA-N,control,4.405176249824303,4.3154,,-16.32064883704797,-4.967833404452344,-10.413091493941351,5.9075573431066175,-5.445258089489007
SZAXXUAOMZGPRC-UHFFFAOYSA-N__KBSVAZCLQHOLKP-UHFFFAOYSA-N,control,4.573160524756127,6.1738,,-24.511102828589127,-8.318871668146427,-13.946051677661526,10.5650511509276,-5.627180009515099
POAOBAZVADLAIR-UHFFFAOYSA-N__AXUHVXNETATJCI-UHFFFAOYSA-N,control,4.741162670606369,3.2403,,-10.055311501096227,0.8978302252935559,-7.549429935154371,2.5058815659418565,-8.447260160447927
MZCFRBHKCMTFLL-UHFFFAOYSA-N__HDFHDRXKEHDYII-UHFFFAOYSA-N,control,5.068072563177807,1.4385,,-18.12942133118347,-10.484270485951784,-15.251915642703262,2.8775056884802077,-4.7676451567514775
KBSVAZCLQHOLKP-UHFFFAOYSA-N__SZAXXUAOMZGPRC-UHFFFAOYSA-N,control,5.3028565946097,4.71,,-14.823063710859142,-2.7209369479576835,-7.131823509562009,7.691240201297132,-4.410886561604325
CZXDSNKKFLOUOD-UHFFFAOYSA-N__UUXFCTBPGRICST-UHFFFAOYSA-N,control,5.598795021871092,-1.4422,,-23.601145014535355,-9.83014819015163,-15.678984317349991,7.922160697185362,-5.848836127198362
ZLLYBUQOJMPGKQ-UHFFFAOYSA-N__YWYRVKXBPMSZBY-UHFFFAOYSA-N,control,5.777180888285057,2.6153,,-22.953921120461214,-13.149993908142635,-19.15716876554212,3.796752354919093,-6.007174857399486
BDZSNXFYQFYOSR-UHFFFAOYSA-N__ADWSFKXHBAUKKO-UHFFFAOYSA-N,control,5.924587138343984,6.1826,,-17.7851709344456,-9.802433935625446,-15.666687281635694,2.118483652809905,-5.864253346010248
YLYWXJACXNRETH-SECBINFHSA-N__GOYCBKVVHGALFQ-RZAIGCCYSA-N,control,6.096656619262066,0.0408,,-30.689194706865763,-13.53707987488938,-17.792317886435917,12.896876820429846,-4.255238011546538
SUAZFURSZBOLEA-UHFFFAOYSA-N__BHMFZALCUWTGHD-UHFFFAOYSA-N,control,6.302499736841183,2.3155,,-33.473306489940505,-18.169489160813637,-22.325645422786813,11.147661067153692,-4.15615626197318
SWHZOJQOWGMPRT-UHFFFAOYSA-N__NTUWSPVODPXFAC-UHFFFAOYSA-N,control,6.667091203578301,5.3622,,-18.833180370021623,-12.92131641173165,-18.98448701264117,-0.1513066426195486,-6.063170600909524
UGADGQDYUVBKEO-UHFFFAOYSA-N__POAOBAZVADLAIR-UHFFFAOYSA-N,control,6.76388826796747,1.182,,-21.984674202428398,-11.837436390375448,-16.859752702047373,5.124921500381021,-5.022316311671926
MDBCGUCVZDRMIS-UHFFFAOYSA-N__GXACXWPUCQARQI-UHFFFAOYSA-N,control,7.175836173949295,3.1619,,-24.1912536254868,-9.135920195181866,-14.733577265411258,9.457676360075544,-5.597657070229392
JMRSNPNPWBKPKL-YQAGWJQESA-N__UABNFQMUMDNFGQ-UHFFFAOYSA-N,control,7.440456871402352,3.8572,,-15.34637008433437,-4.758119010130391,-8.507819020985194,6.838551063349177,-3.749700010854802
UXXXKWLALCNURK-LZNKSJHBSA-N__HNUFTQKUFYQMDU-UHFFFAOYSA-N,control,7.995497957955035,0.988,,-23.73158811413905,-8.731699693086446,-13.851055262985025,9.880532851154026,-5.119355569898579
BPTJMKRTIFNPFN-UHFFFAOYSA-N__PWUIKHABRNBBRM-UHFFFAOYSA-N,control,8.133576143835434,-0.9619,,-27.124664575505765,-16.50951811329557,-20.726884985678883,6.397779589826882,-4.217366872383312
KQXJCTJAUZBYPX-UHFFFAOYSA-N__ZIHMKXOMCSCWJB-AHRBEJICSA-N,control,8.382607327860997,-0.9475,,-17.765460808490978,-8.825531561158428,-13.158621759411082,4.6068390490798965,-4.333090198252654
ADCIHVFLVVBMPF-UHFFFAOYSA-N__ABMAWPRTPYBBDU-UHFFFAOYSA-N,control,8.668325800742972,6.92,,-18.721438366601426,-9.493093078745964,-15.40644622754131,3.314992139060113,-5.913353148795345
POAOBAZVADLAIR-UHFFFAOYSA-N__UGADGQDYUVBKEO-UHFFFAOYSA-N,control,9.065230344629835,-1.9365,,-24.23851343621441,-13.849723377367969,-17.57472495656606,6.66378847964835,-3.725001579198093
JMTVCVJCIPCHEX-WYJDJGQOSA-N__DWKCIXIGPTUFJU-UHFFFAOYSA-N,control,9.406697388681293,9.8517,,-12.402465209528865,-6.171073084966189,-10.783429478145198,1.619035731383665,-4.6123563931790095
LBGPZUKQSJHJML-UHFFFAOYSA-N__TWLBMGJXMCEYFN-AWEZNQCLSA-N,control,9.729516072683904,8.4508,,-16.284140129535235,-3.008437413329192,-8.13849178576472,8.145648343770516,-5.130054372435527
JDJGVHBFGFJVHF-UHFFFAOYSA-N__AAJUEMYEASRYAK-UHFFFAOYSA-N,control,9.975024652960066,2.2116,,-21.907190799054508,-10.817192526159552,-15.169047693550263,6.7381431055042444,-4.351855167390712
RMFNLHCCVXSVHX-UHFFFAOYSA-N__ZIKKNFIAPUCBTO-UHFFFAOYSA-N,control,10.103881164215393,-2.1738,,-15.738230144464376,0.4268120716433531,-1.2752012209977193,14.463028923466656,-1.7020132926410725
QWBWDVDEAGKENZ-UHFFFAOYSA-N__PFLPFKSORSLUOY-UHFFFAOYSA-N,control,10.516772974148292,-0.5292,,-26.789235315392347,-13.981446178194288,-18.69931697110432,8.089918344288026,-4.717870792910032
MTUYEWKXSIOKJY-UHFFFAOYSA-N__ADACZSUCPQRGNU-OQMKEHIESA-N,control,11.020682498394368,2.6795,,-20.31742196525289,-1.4183449893834796,-7.41565743518812,12.90176453006477,-5.99731244580464
XIDVBVCDJWPBFU-UHFFFAOYSA-N__UHLMXHXAVUNYPC-UHFFFAOYSA-N,control,11.564204959155187,2.7142,,-27.09265717228107,-12.894280778410634,-18.69511191521497,8.397545257066103,-5.800831136804332
HMYUHDIGJAXXGU-UHFFFAOYSA-N__OGJQIOIIMVVCNI-NVLHYJFRSA-N,control,11.92327212746945,7.09,,-19.807988007894856,-12.77883395486102,-16.82877913543036,2.979208872464497,-4.04994518056934
MITOSSZKPVENHI-UHFFFAOYSA-N__PLXFSAZTICFYLH-UHFFFAOYSA-N,control,12.899201267292831,2.5262,,-17.94175481800415,-10.1212035311528,-15.39199212656628,2.54976269143787,-5.27078859541348
XTJSAFHBGDWJMM-UHFFFAOYSA-N__CRLFTKITXPMUMZ-UHFFFAOYSA-N,control,13.01310444456215,4.958,,-7.320224548842063,7.003556204495144,2.7980758053321293,10.118300354174192,-4.205480399163015
HNTBXCOTUDDNEI-UHFFFAOYSA-N__XOXDNTDGAIVROH-UHFFFAOYSA-N,control,13.251451716901418,0.1049,,-23.872516339007625,-14.943207587194054,-18.889316342153005,4.983199996854619,-3.946108754958951
WLTXYFHYNJZDPO-YYODJPADSA-N__NVUREPBDWVLORQ-UHFFFAOYSA-N,control,13.940793505860322,1.853,,-23.43900106503487,-8.085066749738553,-14.869242035926318,8.569759029108551,-6.784175286187764
SWKJWMSANIVYHK-UHFFFAOYSA-N__SLISEMFSMJBQOB-UHFFFAOYSA-N,control,14.429177197658692,2.9804,,-11.147196194274802,-0.0702235315487606,-5.241878935139976,5.905317259134826,-5.171655403591215
DWDBBWXFNOEALL-UHFFFAOYSA-N__KXMZVZSANYLVJL-QLYXXIJNSA-N,control,15.443281374928512,3.2013,,-15.61792566078988,-4.473852503195373,-11.636439966032142,3.981485694757737,-7.162587462836769
OTLPCSJIDGYRJG-UHFFFAOYSA-N__CPNNNJZYRQEVNU-UHFFFAOYSA-N,control,16.55535360579704,5.3152,,-20.406058050472552,-14.988419851239168,-21.649812839802596,-1.2437547893300405,-6.661392988563424
MREJZELNCWSZEI-UHFFFAOYSA-N__HKWCEXZUDQTIRD-UHFFFAOYSA-N,control,17.75546881228098,16.6135,,-33.01962989578296,-18.038450702055098,-23.662117921933792,9.35751197384917,-5.623667219878694
NGYYMLQTJUHGOE-UHFFFAOYSA-N__IVTFZSRXVLJEIZ-UHFFFAOYSA-N,control,20.38883172128928,13.0306,,-24.571907416698025,-16.962059651555812,-23.5576606459002,1.014246770797829,-6.595600994344384
FGPDPZPQBIFSDA-UHFFFAOYSA-N__CYDWMMLKYVFHAZ-UHFFFAOYSA-N,control,26.91557989854457,9.8527,,-20.632739594902603,-5.932427695274243,-9.749848178081727,10.882891416820874,-3.817420482807486
