id,donor_id,acceptor_id,donor_smiles,acceptor_smiles,smiles,dG_orca_kcal,dG_gxtb_kcal,grp,risk
HSJRAEQQVXRGGM-UHFFFAOYSA-N__YHQFISOOVYLPRR-HFIQGDHTSA-N,HSJRAEQQVXRGGM-UHFFFAOYSA-N,YHQFISOOVYLPRR-HFIQGDHTSA-N,C=C1C(C=O)C(=C)N(c2cc(CC)c(=NC)n(C(=C)C(F)F)c2)C1c1ccc(Cl)cc1,CC(C)OC(=O)OCOP1(=O)OC[C@@](CF)(O[C@H](CO)n2ccc(=O)[nH]c2=O)[C@H](C=O)O1,C=C1C(C(=O)C(O)C2OP(=O)(OCOC(=O)OC(C)C)OCC2(CF)OC(CO)n2ccc(=O)[nH]c2=O)C(=C)N(c2cc(CC)c(=NC)n(C(=C)C(F)F)c2)C1c1ccc(Cl)cc1,-6.8757750882846524,-5.1591,hetero_hardtail,hypervalent_P
VBUQVCNUAFTHCE-RAZAXZTQSA-N__KHXWBRBPYHSXTH-CKIVDRAYSA-N,VBUQVCNUAFTHCE-RAZAXZTQSA-N,KHXWBRBPYHSXTH-CKIVDRAYSA-N,Cn1ccc(NC(=O)[C@@H]2CCN2S(=O)(=O)C2CC(C=O)CC3C(F)NNC32)cc1=O,O=C[C@H]1NCC(=S)C1C(=O)[C@H]1NCC(=S)C1C(=O)CC1=Cc2ccccc2C1,Cn1ccc(NC(=O)C2CCN2S(=O)(=O)C2CC(C(=O)C(O)C3NCC(=S)C3C(=O)C3NCC(=S)C3C(=O)CC3=Cc4ccccc4C3)CC3C(F)NNC32)cc1=O,-6.495132016913575,-10.0013,hetero_hardtail,sulfonyl
GMUINPOVQMNENA-UHFFFAOYSA-N__ZRZVLMMRTDOQKG-UHFFFAOYSA-N,GMUINPOVQMNENA-UHFFFAOYSA-N,ZRZVLMMRTDOQKG-UHFFFAOYSA-N,CC1(CC1)NS(=O)(=O)C2=CC3=C(C=C2)N(C(=O)N3C4=CC=C(S4)C=O)C,C(C(C=O)O)[N+](=O)[O-],Cn1c(=O)n(-c2ccc(C(=O)C(O)C(O)C[N+](=O)[O-])s2)c2cc(S(=O)(=O)NC3(C)CC3)ccc21,-4.278403335952965,-1.4977,hetero_hardtail,"N_oxide,nitro,sulfonyl"
QAIJMKLVIVRPAR-UHFFFAOYSA-N__ZQYULIXQISCKLV-UHFFFAOYSA-N,QAIJMKLVIVRPAR-UHFFFAOYSA-N,ZQYULIXQISCKLV-UHFFFAOYSA-N,CC1(CC2=C(C(=O)C1)C(=NO2)CC(C=O)C3=CC(=CC=C3)[N+](=O)[O-])C,CC1=NOC(C1C=O)C2=CC=CC=C2,CC1=NOC(c2ccccc2)C1C(O)C(=O)C(Cc1noc2c1C(=O)CC(C)(C)C2)c1cccc([N+](=O)[O-])c1,-4.175265688078901,-5.1574,hetero_hardtail,"N_oxide,nitro"
WYPHOQDLVAXAIR-VCOUNFBDSA-N__NPABCQFFQVXDLG-UHFFFAOYSA-N,WYPHOQDLVAXAIR-VCOUNFBDSA-N,NPABCQFFQVXDLG-UHFFFAOYSA-N,C[C@H]1CN(CCN1CC[C@H]2CC3(CCN(CC3)C[C@@H](C=O)NC(=O)O)C(=O)O2)C4=CC=C(C=C4)F,C1=CN=C2C(=C1C=O)C(=O)C3=C(C2=O)C=C(S3)[N+](=O)[O-],CC1CN(c2ccc(F)cc2)CCN1CCC1CC2(CCN(CC(NC(=O)O)C(=O)C(O)c3ccnc4c3C(=O)c3sc([N+](=O)[O-])cc3C4=O)CC2)C(=O)O1,-3.59595327793544,-0.1404,hetero_hardtail,"N_oxide,nitro"
SGCLSPFAYOHOOF-RYUDHWBXSA-N__IMJXZJWZJYUUQK-UHFFFAOYSA-N,SGCLSPFAYOHOOF-RYUDHWBXSA-N,IMJXZJWZJYUUQK-UHFFFAOYSA-N,O=CC1(S(=O)(=O)c2nc3n(n2)[C@H](c2ccccc2)C[C@@H]3F)CC1,O=C=Nc1nc(C=O)nc(C(=O)c2cccc(F)c2NS(=O)(=O)C(F)F)n1,O=C=Nc1nc(C(=O)c2cccc(F)c2NS(=O)(=O)C(F)F)nc(C(O)C(=O)C2(S(=O)(=O)c3nc4n(n3)C(c3ccccc3)CC4F)CC2)n1,-3.3992578965845355,-5.8277,hetero_hardtail,sulfonyl
BRNJAHPTWFIDAS-UHFFFAOYSA-N__MFMGRPSKVVJIDV-JOCHJYFZSA-N,BRNJAHPTWFIDAS-UHFFFAOYSA-N,MFMGRPSKVVJIDV-JOCHJYFZSA-N,C1C(=O)NS(=O)(=O)N1C2=C(C=C3C=CC(=CC3=C2F)OCCCCC=O)OCC4=CC=CC=C4,CC(C)(C)C1=CC(=C(C=C1)OC[C@@H](CN2CCC3(CC2)CC4=C(O3)C=CC(=C4)Cl)O)C=O,CC(C)(C)c1ccc(OCC(O)CN2CCC3(CC2)Cc2cc(Cl)ccc2O3)c(C(O)C(=O)CCCCOc2ccc3cc(OCc4ccccc4)c(N4CC(=O)NS4(=O)=O)c(F)c3c2)c1,-3.0278769062130046,-1.6199,hetero_hardtail,sulfonyl
NPABCQFFQVXDLG-UHFFFAOYSA-N__WYPHOQDLVAXAIR-VCOUNFBDSA-N,NPABCQFFQVXDLG-UHFFFAOYSA-N,WYPHOQDLVAXAIR-VCOUNFBDSA-N,C1=CN=C2C(=C1C=O)C(=O)C3=C(C2=O)C=C(S3)[N+](=O)[O-],C[C@H]1CN(CCN1CC[C@H]2CC3(CCN(CC3)C[C@@H](C=O)NC(=O)O)C(=O)O2)C4=CC=C(C=C4)F,CC1CN(c2ccc(F)cc2)CCN1CCC1CC2(CCN(CC(NC(=O)O)C(O)C(=O)c3ccnc4c3C(=O)c3sc([N+](=O)[O-])cc3C4=O)CC2)C(=O)O1,-2.861062608895652,0.8298,hetero_hardtail,"N_oxide,nitro"
SAUXNXJPLASOMO-UHFFFAOYSA-N__KKZKJADYHRMRGQ-UHFFFAOYSA-N,SAUXNXJPLASOMO-UHFFFAOYSA-N,KKZKJADYHRMRGQ-UHFFFAOYSA-N,O=CCCCCS(=O)CCCC(F)(F)C(F)(F)F,O=CCNNc1ccc(-n2nc(C(F)(F)F)cc2C2=CC3Nc4ccccc4SC3C=C2)cc1,O=C(CCCCS(=O)CCCC(F)(F)C(F)(F)F)C(O)CNNc1ccc(-n2nc(C(F)(F)F)cc2C2=CC3Nc4ccccc4SC3C=C2)cc1,-0.4463186198685114,2.7438,hetero_hardtail,sulfoxide
QVRKJZUJNTYHPY-UHFFFAOYSA-N__WGHJLRMUHZIXGD-UHFFFAOYSA-N,QVRKJZUJNTYHPY-UHFFFAOYSA-N,WGHJLRMUHZIXGD-UHFFFAOYSA-N,C1CC(CCC1CC=O)C2CCC(=CC2)C3=C(C(=C(C=C3)C4CO4)F)F,C1=CC(=CC(=C1)OCC2=CC3=[N+](ON=C3C=C2)[O-])C=O,O=C(CC1CCC(C2CC=C(c3ccc(C4CO4)c(F)c3F)CC2)CC1)C(O)c1cccc(OCc2ccc3no[n+]([O-])c3c2)c1,1.3352825113544702,4.3099,hetero_hardtail,N_oxide
YHQFISOOVYLPRR-HFIQGDHTSA-N__HSJRAEQQVXRGGM-UHFFFAOYSA-N,YHQFISOOVYLPRR-HFIQGDHTSA-N,HSJRAEQQVXRGGM-UHFFFAOYSA-N,CC(C)OC(=O)OCOP1(=O)OC[C@@](CF)(O[C@H](CO)n2ccc(=O)[nH]c2=O)[C@H](C=O)O1,C=C1C(C=O)C(=C)N(c2cc(CC)c(=NC)n(C(=C)C(F)F)c2)C1c1ccc(Cl)cc1,C=C1C(C(O)C(=O)C2OP(=O)(OCOC(=O)OC(C)C)OCC2(CF)OC(CO)n2ccc(=O)[nH]c2=O)C(=C)N(c2cc(CC)c(=NC)n(C(=C)C(F)F)c2)C1c1ccc(Cl)cc1,1.5368401030105678,-1.1411,hetero_hardtail,hypervalent_P
ZQYULIXQISCKLV-UHFFFAOYSA-N__QAIJMKLVIVRPAR-UHFFFAOYSA-N,ZQYULIXQISCKLV-UHFFFAOYSA-N,QAIJMKLVIVRPAR-UHFFFAOYSA-N,CC1=NOC(C1C=O)C2=CC=CC=C2,CC1(CC2=C(C(=O)C1)C(=NO2)CC(C=O)C3=CC(=CC=C3)[N+](=O)[O-])C,CC1=NOC(c2ccccc2)C1C(=O)C(O)C(Cc1noc2c1C(=O)CC(C)(C)C2)c1cccc([N+](=O)[O-])c1,1.5662959726870151,0.8669,hetero_hardtail,"N_oxide,nitro"
FVZWSHNUKKVEJF-UHFFFAOYSA-N__BIKRJLPGVGFPDA-UHFFFAOYSA-N,FVZWSHNUKKVEJF-UHFFFAOYSA-N,BIKRJLPGVGFPDA-UHFFFAOYSA-N,C1=CC(=CC=C1C(F)(F)F)N2C(=C(SC2=O)C=O)Cl,CCC(C=O)N1CC2=C(S1=O)C=C(S2)C3=CC(=C(C=C3)OCC4=CC=CC=C4)F,CCC(C(O)C(=O)c1sc(=O)n(-c2ccc(C(F)(F)F)cc2)c1Cl)N1Cc2sc(-c3ccc(OCc4ccccc4)c(F)c3)cc2S1=O,1.6829255277963446,5.9272,hetero_hardtail,sulfoxide
YSDFIHXJIJIAAL-UHFFFAOYSA-N__NYSJBGFOVAYLTL-UHFFFAOYSA-N,YSDFIHXJIJIAAL-UHFFFAOYSA-N,NYSJBGFOVAYLTL-UHFFFAOYSA-N,C1=CC=C(C=C1)OC2=CC3=C(C=C2)NC=C3C=O,C1=CC(=C(C=C1C=O)[N+](=O)[O-])OCC(=O)NCCC2=CNC3=C2C=CC(=C3)F,O=C(COc1ccc(C(O)C(=O)c2c[nH]c3ccc(Oc4ccccc4)cc23)cc1[N+](=O)[O-])NCCc1c[nH]c2cc(F)ccc12,1.997027714982381,2.7012,hetero_hardtail,"N_oxide,nitro"
FHCWFDZNJKWFNC-UHFFFAOYSA-N__XDRHTXYNCZQNHD-FHZGLPGMSA-N,FHCWFDZNJKWFNC-UHFFFAOYSA-N,XDRHTXYNCZQNHD-FHZGLPGMSA-N,C1COCCN1C2=CC=C(C=C2)C#CC3=CC(=C(C(=C3)F)O)C=O,CCOP(=O)(C(C[C@@H]1C(C[C@@H](O1)N2C=NC(=C2O)C(=O)N)C=O)(F)F)OCC,CCOP(=O)(OCC)C(F)(F)CC1OC(n2cnc(C(N)=O)c2O)CC1C(O)C(=O)c1cc(C#Cc2ccc(N3CCOCC3)cc2)cc(F)c1O,2.5283437883640563,8.1065,hetero_hardtail,hypervalent_P
MSEGSYMVTMWEDB-UHFFFAOYSA-N__RTSFIEXZIAALMT-UHFFFAOYSA-N,MSEGSYMVTMWEDB-UHFFFAOYSA-N,RTSFIEXZIAALMT-UHFFFAOYSA-N,C=C1C(C)=C(C(C)(F)F)N(C)C(=O)N1c1cc(SCC=O)c(Cl)cc1F,CCCc1c(S(=O)(=O)Nc2ccc(C#N)cc2F)c[nH]c1CC=O,C=C1C(C)=C(C(C)(F)F)N(C)C(=O)N1c1cc(SCC(=O)C(O)Cc2[nH]cc(S(=O)(=O)Nc3ccc(C#N)cc3F)c2CCC)c(Cl)cc1F,2.6865848213100154,-0.3091,hetero_hardtail,sulfonyl
WGHJLRMUHZIXGD-UHFFFAOYSA-N__QVRKJZUJNTYHPY-UHFFFAOYSA-N,WGHJLRMUHZIXGD-UHFFFAOYSA-N,QVRKJZUJNTYHPY-UHFFFAOYSA-N,C1=CC(=CC(=C1)OCC2=CC3=[N+](ON=C3C=C2)[O-])C=O,C1CC(CCC1CC=O)C2CCC(=CC2)C3=C(C(=C(C=C3)C4CO4)F)F,O=C(c1cccc(OCc2ccc3no[n+]([O-])c3c2)c1)C(O)CC1CCC(C2CC=C(c3ccc(C4CO4)c(F)c3F)CC2)CC1,3.5387794738952256,6.0221,hetero_hardtail,N_oxide
IIJAQEXWPIAVJU-RVQMFNDTSA-N__MHDBTMMIJGXGOF-AAORUROXSA-N,IIJAQEXWPIAVJU-RVQMFNDTSA-N,MHDBTMMIJGXGOF-AAORUROXSA-N,C1=CC(=NC=C1O)[C@H](C[C@H](C(=O)N[C@H]([C@H]2[C@@H]([C@@H]([C@@H](O2)N3C=C(NC3=O)C=O)O)O)C(=O)O)N)O,CCOP(=O)([C@H]1CC=C[C@@H]([C@@]12C3=C(C=CC(=C3)F)N(C2=O)C(=O)OC(C)(C)C)CC=O)OCC,CCOP(=O)(OCC)C1CC=CC(CC(O)C(=O)c2cn(C3OC(C(NC(=O)C(N)CC(O)c4ccc(O)cn4)C(=O)O)C(O)C3O)c(=O)[nH]2)C12C(=O)N(C(=O)OC(C)(C)C)c1ccc(F)cc12,3.5938453693465444,7.6733,hetero_hardtail,hypervalent_P
OUPHGQPIQOTSHW-UHFFFAOYSA-N__AYIUVSGXXGAHQH-UHFFFAOYSA-N,OUPHGQPIQOTSHW-UHFFFAOYSA-N,AYIUVSGXXGAHQH-UHFFFAOYSA-N,CC1=CC=C(C=C1)S(=O)(=O)N2C=NC(=C2C)C=O,C1=CC=C(C=C1)CCC(C=O)NC(=O)C2=CC=CC=N2,Cc1ccc(S(=O)(=O)n2cnc(C(=O)C(O)C(CCc3ccccc3)NC(=O)c3ccccn3)c2C)cc1,3.915897209568156,-4.061,hetero_hardtail,sulfonyl
FKVIJRPKBQIPBO-UHFFFAOYSA-N__ORVKHRNDGSSICU-UHFFFAOYSA-N,FKVIJRPKBQIPBO-UHFFFAOYSA-N,ORVKHRNDGSSICU-UHFFFAOYSA-N,Cn1c(C2CC23CCN(c2cccc(OCc4ccc(C#N)cc4F)n2)CC3)nc2cc(C=O)oc21,Cc1ccnc(Nc2c(C=O)cccc2-c2ccccc2F)c1[N+](=O)[O-],Cc1ccnc(Nc2c(-c3ccccc3F)cccc2C(O)C(=O)c2cc3nc(C4CC45CCN(c4cccc(OCc6ccc(C#N)cc6F)n4)CC5)n(C)c3o2)c1[N+](=O)[O-],3.9636432306966887,3.2582,hetero_hardtail,"N_oxide,nitro"
HFHBKZVTGPODJB-UHFFFAOYSA-N__JNSVSGMMMTZTNL-UHFFFAOYSA-N,HFHBKZVTGPODJB-UHFFFAOYSA-N,JNSVSGMMMTZTNL-UHFFFAOYSA-N,CCC1=NC2=C(C=C1)C=C(N2CC(C)(F)F)C3=C(N4C(=CC(=CC4=N3)C=O)OC)C,CC1=CC=C(C=C1)SC2=C(C=C(C=C2)C3=NN(C(=C3)C=O)C4=CC=CC=C4)[N+](=O)[O-],CCc1ccc2cc(-c3nc4cc(C(=O)C(O)c5cc(-c6ccc(Sc7ccc(C)cc7)c([N+](=O)[O-])c6)nn5-c5ccccc5)cc(OC)n4c3C)n(CC(C)(F)F)c2n1,4.675308518007935,3.2918,hetero_hardtail,"N_oxide,nitro"
NUOMEJFAIBSLLB-KRWDZBQOSA-N__PMTZJVFGALVXPB-UHFFFAOYSA-N,NUOMEJFAIBSLLB-KRWDZBQOSA-N,PMTZJVFGALVXPB-UHFFFAOYSA-N,C1OC2=C(O1)C=C(C=C2)[C@@H](C(F)(F)F)NC3=C(C(=O)C3=O)NC4=CSC(=C4O)C=O,COC(=O)CN(CCN1CCOCC1)S(=O)(=O)C2=C(C=CS2)C=O,COC(=O)CN(CCN1CCOCC1)S(=O)(=O)c1sccc1C(O)C(=O)c1scc(Nc2c(NC(c3ccc4c(c3)OCO4)C(F)(F)F)c(=O)c2=O)c1O,4.678914589764993,0.0571,hetero_hardtail,sulfonyl
XDRHTXYNCZQNHD-FHZGLPGMSA-N__FHCWFDZNJKWFNC-UHFFFAOYSA-N,XDRHTXYNCZQNHD-FHZGLPGMSA-N,FHCWFDZNJKWFNC-UHFFFAOYSA-N,CCOP(=O)(C(C[C@@H]1C(C[C@@H](O1)N2C=NC(=C2O)C(=O)N)C=O)(F)F)OCC,C1COCCN1C2=CC=C(C=C2)C#CC3=CC(=C(C(=C3)F)O)C=O,CCOP(=O)(OCC)C(F)(F)CC1OC(n2cnc(C(N)=O)c2O)CC1C(=O)C(O)c1cc(C#Cc2ccc(N3CCOCC3)cc2)cc(F)c1O,4.794461412697623,4.3014,hetero_hardtail,hypervalent_P
JERQKJRGNCNVDS-UHFFFAOYSA-N__SGGBMBZZNKFDFM-UHFFFAOYSA-N,JERQKJRGNCNVDS-UHFFFAOYSA-N,SGGBMBZZNKFDFM-UHFFFAOYSA-N,O=CC(c1cc(F)c(Cl)cc1Cl)N1CCC(c2ccc(O)cc2)=N1,CN(c1cc(F)cc(C=O)c1)C1CCS(=O)(=O)C1,CN(c1cc(F)cc(C(O)C(=O)C(c2cc(F)c(Cl)cc2Cl)N2CCC(c3ccc(O)cc3)=N2)c1)C1CCS(=O)(=O)C1,4.8102732955528,-1.6442,hetero_hardtail,sulfonyl
KHXWBRBPYHSXTH-CKIVDRAYSA-N__VBUQVCNUAFTHCE-RAZAXZTQSA-N,KHXWBRBPYHSXTH-CKIVDRAYSA-N,VBUQVCNUAFTHCE-RAZAXZTQSA-N,O=C[C@H]1NCC(=S)C1C(=O)[C@H]1NCC(=S)C1C(=O)CC1=Cc2ccccc2C1,Cn1ccc(NC(=O)[C@@H]2CCN2S(=O)(=O)C2CC(C=O)CC3C(F)NNC32)cc1=O,Cn1ccc(NC(=O)C2CCN2S(=O)(=O)C2CC(C(O)C(=O)C3NCC(=S)C3C(=O)C3NCC(=S)C3C(=O)CC3=Cc4ccccc4C3)CC3C(F)NNC32)cc1=O,4.917200194327072,-4.122,hetero_hardtail,sulfonyl
KDHWWKAFVYQSCW-UHFFFAOYSA-N__KVHDANCBLMYBDM-UHFFFAOYSA-N,KDHWWKAFVYQSCW-UHFFFAOYSA-N,KVHDANCBLMYBDM-UHFFFAOYSA-N,C1=CC=C2C=CC(=C2C=C1)OC(=O)C3=C(C=CC(=C3C=O)CC[N+](=O)[O-])F,CC(C1=C(N=C2C=C(C=CC2=C1)F)C=O)N3C(=O)C4=CC=CC=C4C3=O,CC(c1cc2ccc(F)cc2nc1C(O)C(=O)c1c(CC[N+](=O)[O-])ccc(F)c1C(=O)Oc1ccc2cccccc1-2)N1C(=O)c2ccccc2C1=O,5.007150013666847,-9.811,hetero_hardtail,"N_oxide,nitro"
SAUXNXJPLASOMO-UHFFFAOYSA-N__IJIMLODXDFZQRB-UHFFFAOYSA-N,SAUXNXJPLASOMO-UHFFFAOYSA-N,IJIMLODXDFZQRB-UHFFFAOYSA-N,O=CCCCCS(=O)CCCC(F)(F)C(F)(F)F,O=CC1NC(=O)C=C(C(F)(F)F)N1,O=C1C=C(C(F)(F)F)NC(C(O)C(=O)CCCCS(=O)CCCC(F)(F)C(F)(F)F)N1,5.048951183842153,1.4644,hetero_hardtail,sulfoxide
ZRZVLMMRTDOQKG-UHFFFAOYSA-N__GMUINPOVQMNENA-UHFFFAOYSA-N,ZRZVLMMRTDOQKG-UHFFFAOYSA-N,GMUINPOVQMNENA-UHFFFAOYSA-N,C(C(C=O)O)[N+](=O)[O-],CC1(CC1)NS(=O)(=O)C2=CC3=C(C=C2)N(C(=O)N3C4=CC=C(S4)C=O)C,Cn1c(=O)n(-c2ccc(C(O)C(=O)C(O)C[N+](=O)[O-])s2)c2cc(S(=O)(=O)NC3(C)CC3)ccc21,5.874216990449232,8.1498,hetero_hardtail,"N_oxide,nitro,sulfonyl"
MYEPMFFTEGGJIX-UHFFFAOYSA-N__ZRZNQXAGFQZVGC-UHFFFAOYSA-N,MYEPMFFTEGGJIX-UHFFFAOYSA-N,ZRZNQXAGFQZVGC-UHFFFAOYSA-N,COc1cccc(N2CCN(CC(=O)NC3c4c(O)c(C)cc(C=O)c4CC3(C)C)CC2)c1,CC1CC=C(N2CCC(C3CC3CCOc3ccc(S(C)(=O)=O)c(F)c3)CC2)ON=C1CC=O,COc1cccc(N2CCN(CC(=O)NC3c4c(O)c(C)cc(C(=O)C(O)CC5=NOC(N6CCC(C7CC7CCOc7ccc(S(C)(=O)=O)c(F)c7)CC6)=CCC5C)c4CC3(C)C)CC2)c1,6.162835045937032,2.7463,hetero_hardtail,sulfonyl
HMGYKXSHMZADER-UHFFFAOYSA-N__UTIOXIXWTMRAJY-UHFFFAOYSA-N,HMGYKXSHMZADER-UHFFFAOYSA-N,UTIOXIXWTMRAJY-UHFFFAOYSA-N,COC1=CC2=C(C=C1)C3=C(N2)C(=C(C(=C3)C=O)O)C4=C(C=C5C6=CC=CC=C6NC5=C4O)C(=O)OC,C1CCC(C1)OC2=C3C(=C(C=C2)C=O)C4=C(O3)C=CC(=C4)[N+](=O)[O-],COC(=O)c1cc2c([nH]c3ccccc32)c(O)c1-c1c(O)c(C(=O)C(O)c2ccc(OC3CCCC3)c3oc4ccc([N+](=O)[O-])cc4c23)cc2c1[nH]c1cc(OC)ccc12,6.600295712899026,2.8617,hetero_hardtail,"N_oxide,nitro"
GBYONEKVKONQAH-UHFFFAOYSA-N__MBDVTIVIOBOLDR-UHFFFAOYSA-N,GBYONEKVKONQAH-UHFFFAOYSA-N,MBDVTIVIOBOLDR-UHFFFAOYSA-N,CC1=NN(C(=C1C=O)SC2=CC(=NN2C)C(F)(F)F)C,C1=CC=C(C(=C1)C2=NC(=CN2S(=O)(=O)C3=CC=CS3)C=O)F,Cc1nn(C)c(Sc2cc(C(F)(F)F)nn2C)c1C(=O)C(O)c1cn(S(=O)(=O)c2cccs2)c(-c2ccccc2F)n1,6.860469637173557,5.4854,hetero_hardtail,sulfonyl
MFMGRPSKVVJIDV-JOCHJYFZSA-N__BRNJAHPTWFIDAS-UHFFFAOYSA-N,MFMGRPSKVVJIDV-JOCHJYFZSA-N,BRNJAHPTWFIDAS-UHFFFAOYSA-N,CC(C)(C)C1=CC(=C(C=C1)OC[C@@H](CN2CCC3(CC2)CC4=C(O3)C=CC(=C4)Cl)O)C=O,C1C(=O)NS(=O)(=O)N1C2=C(C=C3C=CC(=CC3=C2F)OCCCCC=O)OCC4=CC=CC=C4,CC(C)(C)c1ccc(OCC(O)CN2CCC3(CC2)Cc2cc(Cl)ccc2O3)c(C(=O)C(O)CCCCOc2ccc3cc(OCc4ccccc4)c(N4CC(=O)NS4(=O)=O)c(F)c3c2)c1,7.210165762144646,4.836,hetero_hardtail,sulfonyl
MHDBTMMIJGXGOF-AAORUROXSA-N__IIJAQEXWPIAVJU-RVQMFNDTSA-N,MHDBTMMIJGXGOF-AAORUROXSA-N,IIJAQEXWPIAVJU-RVQMFNDTSA-N,CCOP(=O)([C@H]1CC=C[C@@H]([C@@]12C3=C(C=CC(=C3)F)N(C2=O)C(=O)OC(C)(C)C)CC=O)OCC,C1=CC(=NC=C1O)[C@H](C[C@H](C(=O)N[C@H]([C@H]2[C@@H]([C@@H]([C@@H](O2)N3C=C(NC3=O)C=O)O)O)C(=O)O)N)O,CCOP(=O)(OCC)C1CC=CC(CC(=O)C(O)c2cn(C3OC(C(NC(=O)C(N)CC(O)c4ccc(O)cn4)C(=O)O)C(O)C3O)c(=O)[nH]2)C12C(=O)N(C(=O)OC(C)(C)C)c1ccc(F)cc12,7.2856468135223,12.6271,hetero_hardtail,hypervalent_P
RTSFIEXZIAALMT-UHFFFAOYSA-N__MSEGSYMVTMWEDB-UHFFFAOYSA-N,RTSFIEXZIAALMT-UHFFFAOYSA-N,MSEGSYMVTMWEDB-UHFFFAOYSA-N,CCCc1c(S(=O)(=O)Nc2ccc(C#N)cc2F)c[nH]c1CC=O,C=C1C(C)=C(C(C)(F)F)N(C)C(=O)N1c1cc(SCC=O)c(Cl)cc1F,C=C1C(C)=C(C(C)(F)F)N(C)C(=O)N1c1cc(SCC(O)C(=O)Cc2[nH]cc(S(=O)(=O)Nc3ccc(C#N)cc3F)c2CCC)c(Cl)cc1F,7.497715392606057,1.1057,hetero_hardtail,sulfonyl
MBDVTIVIOBOLDR-UHFFFAOYSA-N__GBYONEKVKONQAH-UHFFFAOYSA-N,MBDVTIVIOBOLDR-UHFFFAOYSA-N,GBYONEKVKONQAH-UHFFFAOYSA-N,C1=CC=C(C(=C1)C2=NC(=CN2S(=O)(=O)C3=CC=CS3)C=O)F,CC1=NN(C(=C1C=O)SC2=CC(=NN2C)C(F)(F)F)C,Cc1nn(C)c(Sc2cc(C(F)(F)F)nn2C)c1C(O)C(=O)c1cn(S(=O)(=O)c2cccs2)c(-c2ccccc2F)n1,7.646843883272761,3.2859,hetero_hardtail,sulfonyl
JZEBIZSENOXNQJ-XMMPIXPASA-N__DGVOSAOXUJRINT-UHFFFAOYSA-N,JZEBIZSENOXNQJ-XMMPIXPASA-N,DGVOSAOXUJRINT-UHFFFAOYSA-N,CS(=O)(=O)C(=C1CN(C1)[C@H](C2=CC=C(C=C2)C=O)C3=CC=C(C=C3)Cl)C4=CC(=CC(=C4)F)F,C1C2CN(C=CN2CN1)C3=C(C=CC(=C3)F)C=O,CS(=O)(=O)C(=C1CN(C(c2ccc(Cl)cc2)c2ccc(C(=O)C(O)c3ccc(F)cc3N3C=CN4CNCC4C3)cc2)C1)c1cc(F)cc(F)c1,8.178713930584594,3.9368,hetero_hardtail,sulfonyl
ZLZWAXBVZOQQPM-UHFFFAOYSA-N__WVHRAVATCKTJDN-TWMUNHRGSA-N,ZLZWAXBVZOQQPM-UHFFFAOYSA-N,WVHRAVATCKTJDN-TWMUNHRGSA-N,O=Cc1ccc(OP2(=O)OCCCO2)c(C(=O)OCOC(=O)CCC(=O)OF)c1,CCC1(C)OCc2cnc(C(=O)N[C@H](C=O)CCn3nc([C@@H]4CC4(F)F)cc3N(C)C)cc21,CCC1(C)OCc2cnc(C(=O)NC(CCn3nc(C4CC4(F)F)cc3N(C)C)C(O)C(=O)c3ccc(OP4(=O)OCCCO4)c(C(=O)OCOC(=O)CCC(=O)OF)c3)cc21,8.437024008990369,4.1646,hetero_hardtail,hypervalent_P
IHMYPEVMLKWGJZ-UHFFFAOYSA-N__AURNBZNZWOPUSH-UHFFFAOYSA-N,IHMYPEVMLKWGJZ-UHFFFAOYSA-N,AURNBZNZWOPUSH-UHFFFAOYSA-N,C1=CC=C(C=C1)C(=C(CC2=CC=C(C=C2)S(=O)(=O)N)C(=NC3=NC(=CS3)C=O)C(F)(F)F)N,CC(C1=C(C=CC(=C1)F)OCCNC(=O)OC(C)(C)C)OC2=NN3C(=NC=C3C=O)C=C2,CC(Oc1ccc2ncc(C(O)C(=O)c3csc(N=C(C(Cc4ccc(S(N)(=O)=O)cc4)=C(N)c4ccccc4)C(F)(F)F)n3)n2n1)c1cc(F)ccc1OCCNC(=O)OC(C)(C)C,8.49365892320997,-3.4523,hetero_hardtail,sulfonyl
GMBOJSOBSILDFR-UHFFFAOYSA-N__FYXDAYQQMWSHPJ-GUBZILKMSA-N,GMBOJSOBSILDFR-UHFFFAOYSA-N,FYXDAYQQMWSHPJ-GUBZILKMSA-N,Cc1ccc(OC(C)CN)c(-c2cc(NSc3cc(C=O)cc(Cl)c3O)c(F)cc2F)c1,CC(C)C[C@H](NC(=O)[C@@H](N)COP(=O)(O)O)C(=O)N[C@@H](C)C=O,Cc1ccc(OC(C)CN)c(-c2cc(NSc3cc(C(=O)C(O)C(C)NC(=O)C(CC(C)C)NC(=O)C(N)COP(=O)(O)O)cc(Cl)c3O)c(F)cc2F)c1,8.828896514307969,-4.8518,hetero_hardtail,hypervalent_P
JNSVSGMMMTZTNL-UHFFFAOYSA-N__HFHBKZVTGPODJB-UHFFFAOYSA-N,JNSVSGMMMTZTNL-UHFFFAOYSA-N,HFHBKZVTGPODJB-UHFFFAOYSA-N,CC1=CC=C(C=C1)SC2=C(C=C(C=C2)C3=NN(C(=C3)C=O)C4=CC=CC=C4)[N+](=O)[O-],CCC1=NC2=C(C=C1)C=C(N2CC(C)(F)F)C3=C(N4C(=CC(=CC4=N3)C=O)OC)C,CCc1ccc2cc(-c3nc4cc(C(O)C(=O)c5cc(-c6ccc(Sc7ccc(C)cc7)c([N+](=O)[O-])c6)nn5-c5ccccc5)cc(OC)n4c3C)n(CC(C)(F)F)c2n1,8.98548099326655,6.0893,hetero_hardtail,"N_oxide,nitro"
QZEUHYUQYMNXDY-UHFFFAOYSA-N__DOZZDBKGOKGEAB-UHFFFAOYSA-N,QZEUHYUQYMNXDY-UHFFFAOYSA-N,DOZZDBKGOKGEAB-UHFFFAOYSA-N,CS(=O)(=O)N1CC(C1)NC2=CC(=NC=C2C#N)NC(=O)N3C4CC(C4)(C5=C3N=C(C=C5)C=O)F,CC(=O)C1=CC(=C2N1C=CC(=C2)OC)C(=O)NC3=CC(=CC(=C3F)C4=CN(N=C4)C)C=O,COc1ccn2c(C(C)=O)cc(C(=O)Nc3cc(C(O)C(=O)c4ccc5c(n4)N(C(=O)Nc4cc(NC6CN(S(C)(=O)=O)C6)c(C#N)cn4)C4CC5(F)C4)cc(-c4cnn(C)c4)c3F)c2c1,9.319895670322866,0.4464,hetero_hardtail,sulfonyl
BIKRJLPGVGFPDA-UHFFFAOYSA-N__FVZWSHNUKKVEJF-UHFFFAOYSA-N,BIKRJLPGVGFPDA-UHFFFAOYSA-N,FVZWSHNUKKVEJF-UHFFFAOYSA-N,CCC(C=O)N1CC2=C(S1=O)C=C(S2)C3=CC(=C(C=C3)OCC4=CC=CC=C4)F,C1=CC(=CC=C1C(F)(F)F)N2C(=C(SC2=O)C=O)Cl,CCC(C(=O)C(O)c1sc(=O)n(-c2ccc(C(F)(F)F)cc2)c1Cl)N1Cc2sc(-c3ccc(OCc4ccccc4)c(F)c3)cc2S1=O,9.536547137909697,6.561,hetero_hardtail,sulfoxide
GQARTARCLXCWLH-UHFFFAOYSA-N__QRPZPCSXPJIVIJ-UHFFFAOYSA-N,GQARTARCLXCWLH-UHFFFAOYSA-N,QRPZPCSXPJIVIJ-UHFFFAOYSA-N,CC1=CC=C(C=C1)S(=O)(=O)NC2=C(SC(=C2)C=O)C3=CC=C(C=C3)F,CS(=O)(=O)C1=NN=C(C=C1)N2C(=C(C(=N2)C(F)F)C=O)NCC3=CC=CC=C3,Cc1ccc(S(=O)(=O)Nc2cc(C(=O)C(O)c3c(C(F)F)nn(-c4ccc(S(C)(=O)=O)nn4)c3NCc3ccccc3)sc2-c2ccc(F)cc2)cc1,9.542565664872852,3.6839,hetero_hardtail,sulfonyl
WVHRAVATCKTJDN-TWMUNHRGSA-N__ZLZWAXBVZOQQPM-UHFFFAOYSA-N,WVHRAVATCKTJDN-TWMUNHRGSA-N,ZLZWAXBVZOQQPM-UHFFFAOYSA-N,CCC1(C)OCc2cnc(C(=O)N[C@H](C=O)CCn3nc([C@@H]4CC4(F)F)cc3N(C)C)cc21,O=Cc1ccc(OP2(=O)OCCCO2)c(C(=O)OCOC(=O)CCC(=O)OF)c1,CCC1(C)OCc2cnc(C(=O)NC(CCn3nc(C4CC4(F)F)cc3N(C)C)C(=O)C(O)c3ccc(OP4(=O)OCCCO4)c(C(=O)OCOC(=O)CCC(=O)OF)c3)cc21,9.578877831163048,4.6749,hetero_hardtail,hypervalent_P
QAPOSPOTJMNSNV-RPBOFIJWSA-N__QWKTZIDRAPHMCH-UHFFFAOYSA-N,QAPOSPOTJMNSNV-RPBOFIJWSA-N,QWKTZIDRAPHMCH-UHFFFAOYSA-N,Cc1ccc(S(=O)(=O)N2CC[C@H](C=O)[C@@H](Cc3cn(-c4ccccc4)nc3-c3ccccc3)C2)cc1,CC(C)C1NOC(C2CCN(C3NN(C)c4c(-c5ccc(C=O)c(F)c5)cc(F)cc43)CC2)N1C,Cc1ccc(S(=O)(=O)N2CCC(C(=O)C(O)c3ccc(-c4cc(F)cc5c4N(C)NC5N4CCC(C5ONC(C(C)C)N5C)CC4)cc3F)C(Cc3cn(-c4ccccc4)nc3-c3ccccc3)C2)cc1,10.104018288852142,2.9603,hetero_hardtail,sulfonyl
KVHDANCBLMYBDM-UHFFFAOYSA-N__KDHWWKAFVYQSCW-UHFFFAOYSA-N,KVHDANCBLMYBDM-UHFFFAOYSA-N,KDHWWKAFVYQSCW-UHFFFAOYSA-N,CC(C1=C(N=C2C=C(C=CC2=C1)F)C=O)N3C(=O)C4=CC=CC=C4C3=O,C1=CC=C2C=CC(=C2C=C1)OC(=O)C3=C(C=CC(=C3C=O)CC[N+](=O)[O-])F,CC(c1cc2ccc(F)cc2nc1C(=O)C(O)c1c(CC[N+](=O)[O-])ccc(F)c1C(=O)Oc1ccc2cccccc1-2)N1C(=O)c2ccccc2C1=O,10.242591430865094,-7.8076,hetero_hardtail,"N_oxide,nitro"
HEWKRXBEFZRQOD-DCIOMXRHSA-N__PBBISWMMBXAYNP-UHFFFAOYSA-N,HEWKRXBEFZRQOD-DCIOMXRHSA-N,PBBISWMMBXAYNP-UHFFFAOYSA-N,C=CCOC(=O)N(COC)[C@]1(C=O)[C@@H]2[C@@H](CC(=O)O)[C@@H]2C[C@H]1OCc1ccc(F)cc1,O=CC1CN(C2CCN(C(=O)Cc3ccc(C(F)(F)F)cc3)CC2)c2c(cccc2[N+](=O)[O-])N1,C=CCOC(=O)N(COC)C1(C(=O)C(O)C2CN(C3CCN(C(=O)Cc4ccc(C(F)(F)F)cc4)CC3)c3c(cccc3[N+](=O)[O-])N2)C(OCc2ccc(F)cc2)CC2C(CC(=O)O)C21,10.508112133608892,9.0142,hetero_hardtail,"N_oxide,nitro"
AYIUVSGXXGAHQH-UHFFFAOYSA-N__OUPHGQPIQOTSHW-UHFFFAOYSA-N,AYIUVSGXXGAHQH-UHFFFAOYSA-N,OUPHGQPIQOTSHW-UHFFFAOYSA-N,C1=CC=C(C=C1)CCC(C=O)NC(=O)C2=CC=CC=N2,CC1=CC=C(C=C1)S(=O)(=O)N2C=NC(=C2C)C=O,Cc1ccc(S(=O)(=O)n2cnc(C(O)C(=O)C(CCc3ccccc3)NC(=O)c3ccccn3)c2C)cc1,11.097597939076277,-0.309,hetero_hardtail,sulfonyl
KKZKJADYHRMRGQ-UHFFFAOYSA-N__SAUXNXJPLASOMO-UHFFFAOYSA-N,KKZKJADYHRMRGQ-UHFFFAOYSA-N,SAUXNXJPLASOMO-UHFFFAOYSA-N,O=CCNNc1ccc(-n2nc(C(F)(F)F)cc2C2=CC3Nc4ccccc4SC3C=C2)cc1,O=CCCCCS(=O)CCCC(F)(F)C(F)(F)F,O=C(CNNc1ccc(-n2nc(C(F)(F)F)cc2C2=CC3Nc4ccccc4SC3C=C2)cc1)C(O)CCCCS(=O)CCCC(F)(F)C(F)(F)F,11.455839747543116,9.3108,hetero_hardtail,sulfoxide
IMJXZJWZJYUUQK-UHFFFAOYSA-N__SGCLSPFAYOHOOF-RYUDHWBXSA-N,IMJXZJWZJYUUQK-UHFFFAOYSA-N,SGCLSPFAYOHOOF-RYUDHWBXSA-N,O=C=Nc1nc(C=O)nc(C(=O)c2cccc(F)c2NS(=O)(=O)C(F)F)n1,O=CC1(S(=O)(=O)c2nc3n(n2)[C@H](c2ccccc2)C[C@@H]3F)CC1,O=C=Nc1nc(C(=O)c2cccc(F)c2NS(=O)(=O)C(F)F)nc(C(=O)C(O)C2(S(=O)(=O)c3nc4n(n3)C(c3ccccc3)CC4F)CC2)n1,11.64912794300573,4.2779,hetero_hardtail,sulfonyl
AURNBZNZWOPUSH-UHFFFAOYSA-N__IHMYPEVMLKWGJZ-UHFFFAOYSA-N,AURNBZNZWOPUSH-UHFFFAOYSA-N,IHMYPEVMLKWGJZ-UHFFFAOYSA-N,CC(C1=C(C=CC(=C1)F)OCCNC(=O)OC(C)(C)C)OC2=NN3C(=NC=C3C=O)C=C2,C1=CC=C(C=C1)C(=C(CC2=CC=C(C=C2)S(=O)(=O)N)C(=NC3=NC(=CS3)C=O)C(F)(F)F)N,CC(Oc1ccc2ncc(C(=O)C(O)c3csc(N=C(C(Cc4ccc(S(N)(=O)=O)cc4)=C(N)c4ccccc4)C(F)(F)F)n3)n2n1)c1cc(F)ccc1OCCNC(=O)OC(C)(C)C,11.658395313691546,2.1075,hetero_hardtail,sulfonyl
DGVOSAOXUJRINT-UHFFFAOYSA-N__JZEBIZSENOXNQJ-XMMPIXPASA-N,DGVOSAOXUJRINT-UHFFFAOYSA-N,JZEBIZSENOXNQJ-XMMPIXPASA-N,C1C2CN(C=CN2CN1)C3=C(C=CC(=C3)F)C=O,CS(=O)(=O)C(=C1CN(C1)[C@H](C2=CC=C(C=C2)C=O)C3=CC=C(C=C3)Cl)C4=CC(=CC(=C4)F)F,CS(=O)(=O)C(=C1CN(C(c2ccc(Cl)cc2)c2ccc(C(O)C(=O)c3ccc(F)cc3N3C=CN4CNCC4C3)cc2)C1)c1cc(F)cc(F)c1,11.78829720244179,2.4628,hetero_hardtail,sulfonyl
NYSJBGFOVAYLTL-UHFFFAOYSA-N__YSDFIHXJIJIAAL-UHFFFAOYSA-N,NYSJBGFOVAYLTL-UHFFFAOYSA-N,YSDFIHXJIJIAAL-UHFFFAOYSA-N,C1=CC(=C(C=C1C=O)[N+](=O)[O-])OCC(=O)NCCC2=CNC3=C2C=CC(=C3)F,C1=CC=C(C=C1)OC2=CC3=C(C=C2)NC=C3C=O,O=C(COc1ccc(C(=O)C(O)c2c[nH]c3ccc(Oc4ccccc4)cc23)cc1[N+](=O)[O-])NCCc1c[nH]c2cc(F)ccc12,12.148649707162472,5.3829,hetero_hardtail,"N_oxide,nitro"
AURNBZNZWOPUSH-UHFFFAOYSA-N__QRPZPCSXPJIVIJ-UHFFFAOYSA-N,AURNBZNZWOPUSH-UHFFFAOYSA-N,QRPZPCSXPJIVIJ-UHFFFAOYSA-N,CC(C1=C(C=CC(=C1)F)OCCNC(=O)OC(C)(C)C)OC2=NN3C(=NC=C3C=O)C=C2,CS(=O)(=O)C1=NN=C(C=C1)N2C(=C(C(=N2)C(F)F)C=O)NCC3=CC=CC=C3,CC(Oc1ccc2ncc(C(=O)C(O)c3c(C(F)F)nn(-c4ccc(S(C)(=O)=O)nn4)c3NCc3ccccc3)n2n1)c1cc(F)ccc1OCCNC(=O)OC(C)(C)C,12.40424442034597,3.6325,hetero_hardtail,sulfonyl
FYXDAYQQMWSHPJ-GUBZILKMSA-N__GMBOJSOBSILDFR-UHFFFAOYSA-N,FYXDAYQQMWSHPJ-GUBZILKMSA-N,GMBOJSOBSILDFR-UHFFFAOYSA-N,CC(C)C[C@H](NC(=O)[C@@H](N)COP(=O)(O)O)C(=O)N[C@@H](C)C=O,Cc1ccc(OC(C)CN)c(-c2cc(NSc3cc(C=O)cc(Cl)c3O)c(F)cc2F)c1,Cc1ccc(OC(C)CN)c(-c2cc(NSc3cc(C(O)C(=O)C(C)NC(=O)C(CC(C)C)NC(=O)C(N)COP(=O)(O)O)cc(Cl)c3O)c(F)cc2F)c1,12.412728561194132,-7.154,hetero_hardtail,hypervalent_P
QRPZPCSXPJIVIJ-UHFFFAOYSA-N__AURNBZNZWOPUSH-UHFFFAOYSA-N,QRPZPCSXPJIVIJ-UHFFFAOYSA-N,AURNBZNZWOPUSH-UHFFFAOYSA-N,CS(=O)(=O)C1=NN=C(C=C1)N2C(=C(C(=N2)C(F)F)C=O)NCC3=CC=CC=C3,CC(C1=C(C=CC(=C1)F)OCCNC(=O)OC(C)(C)C)OC2=NN3C(=NC=C3C=O)C=C2,CC(Oc1ccc2ncc(C(O)C(=O)c3c(C(F)F)nn(-c4ccc(S(C)(=O)=O)nn4)c3NCc3ccccc3)n2n1)c1cc(F)ccc1OCCNC(=O)OC(C)(C)C,12.65382721846013,4.3453,hetero_hardtail,sulfonyl
IJIMLODXDFZQRB-UHFFFAOYSA-N__SAUXNXJPLASOMO-UHFFFAOYSA-N,IJIMLODXDFZQRB-UHFFFAOYSA-N,SAUXNXJPLASOMO-UHFFFAOYSA-N,O=CC1NC(=O)C=C(C(F)(F)F)N1,O=CCCCCS(=O)CCCC(F)(F)C(F)(F)F,O=C1C=C(C(F)(F)F)NC(C(=O)C(O)CCCCS(=O)CCCC(F)(F)C(F)(F)F)N1,13.395962570703034,5.9262,hetero_hardtail,sulfoxide
ORVKHRNDGSSICU-UHFFFAOYSA-N__FKVIJRPKBQIPBO-UHFFFAOYSA-N,ORVKHRNDGSSICU-UHFFFAOYSA-N,FKVIJRPKBQIPBO-UHFFFAOYSA-N,Cc1ccnc(Nc2c(C=O)cccc2-c2ccccc2F)c1[N+](=O)[O-],Cn1c(C2CC23CCN(c2cccc(OCc4ccc(C#N)cc4F)n2)CC3)nc2cc(C=O)oc21,Cc1ccnc(Nc2c(C(=O)C(O)c3cc4nc(C5CC56CCN(c5cccc(OCc7ccc(C#N)cc7F)n5)CC6)n(C)c4o3)cccc2-c2ccccc2F)c1[N+](=O)[O-],15.866664109177076,0.0174,hetero_hardtail,"N_oxide,nitro"
QWKTZIDRAPHMCH-UHFFFAOYSA-N__QAPOSPOTJMNSNV-RPBOFIJWSA-N,QWKTZIDRAPHMCH-UHFFFAOYSA-N,QAPOSPOTJMNSNV-RPBOFIJWSA-N,CC(C)C1NOC(C2CCN(C3NN(C)c4c(-c5ccc(C=O)c(F)c5)cc(F)cc43)CC2)N1C,Cc1ccc(S(=O)(=O)N2CC[C@H](C=O)[C@@H](Cc3cn(-c4ccccc4)nc3-c3ccccc3)C2)cc1,Cc1ccc(S(=O)(=O)N2CCC(C(O)C(=O)c3ccc(-c4cc(F)cc5c4N(C)NC5N4CCC(C5ONC(C(C)C)N5C)CC4)cc3F)C(Cc3cn(-c4ccccc4)nc3-c3ccccc3)C2)cc1,17.760544682451386,15.4184,hetero_hardtail,sulfonyl
PMTZJVFGALVXPB-UHFFFAOYSA-N__NUOMEJFAIBSLLB-KRWDZBQOSA-N,PMTZJVFGALVXPB-UHFFFAOYSA-N,NUOMEJFAIBSLLB-KRWDZBQOSA-N,COC(=O)CN(CCN1CCOCC1)S(=O)(=O)C2=C(C=CS2)C=O,C1OC2=C(O1)C=C(C=C2)[C@@H](C(F)(F)F)NC3=C(C(=O)C3=O)NC4=CSC(=C4O)C=O,COC(=O)CN(CCN1CCOCC1)S(=O)(=O)c1sccc1C(=O)C(O)c1scc(Nc2c(NC(c3ccc4c(c3)OCO4)C(F)(F)F)c(=O)c2=O)c1O,19.990642753857102,8.0149,hetero_hardtail,sulfonyl
DOZZDBKGOKGEAB-UHFFFAOYSA-N__QZEUHYUQYMNXDY-UHFFFAOYSA-N,DOZZDBKGOKGEAB-UHFFFAOYSA-N,QZEUHYUQYMNXDY-UHFFFAOYSA-N,CC(=O)C1=CC(=C2N1C=CC(=C2)OC)C(=O)NC3=CC(=CC(=C3F)C4=CN(N=C4)C)C=O,CS(=O)(=O)N1CC(C1)NC2=CC(=NC=C2C#N)NC(=O)N3C4CC(C4)(C5=C3N=C(C=C5)C=O)F,COc1ccn2c(C(C)=O)cc(C(=O)Nc3cc(C(=O)C(O)c4ccc5c(n4)N(C(=O)Nc4cc(NC6CN(S(C)(=O)=O)C6)c(C#N)cn4)C4CC5(F)C4)cc(-c4cnn(C)c4)c3F)c2c1,21.521257953095773,-2.4515,hetero_hardtail,sulfonyl
UTIOXIXWTMRAJY-UHFFFAOYSA-N__HMGYKXSHMZADER-UHFFFAOYSA-N,UTIOXIXWTMRAJY-UHFFFAOYSA-N,HMGYKXSHMZADER-UHFFFAOYSA-N,C1CCC(C1)OC2=C3C(=C(C=C2)C=O)C4=C(O3)C=CC(=C4)[N+](=O)[O-],COC1=CC2=C(C=C1)C3=C(N2)C(=C(C(=C3)C=O)O)C4=C(C=C5C6=CC=CC=C6NC5=C4O)C(=O)OC,COC(=O)c1cc2c([nH]c3ccccc32)c(O)c1-c1c(O)c(C(O)C(=O)c2ccc(OC3CCCC3)c3oc4ccc([N+](=O)[O-])cc4c23)cc2c1[nH]c1cc(OC)ccc12,21.81340874440642,2.2346,hetero_hardtail,"N_oxide,nitro"
ZRZNQXAGFQZVGC-UHFFFAOYSA-N__MYEPMFFTEGGJIX-UHFFFAOYSA-N,ZRZNQXAGFQZVGC-UHFFFAOYSA-N,MYEPMFFTEGGJIX-UHFFFAOYSA-N,CC1CC=C(N2CCC(C3CC3CCOc3ccc(S(C)(=O)=O)c(F)c3)CC2)ON=C1CC=O,COc1cccc(N2CCN(CC(=O)NC3c4c(O)c(C)cc(C=O)c4CC3(C)C)CC2)c1,COc1cccc(N2CCN(CC(=O)NC3c4c(O)c(C)cc(C(O)C(=O)CC5=NOC(N6CCC(C7CC7CCOc7ccc(S(C)(=O)=O)c(F)c7)CC6)=CCC5C)c4CC3(C)C)CC2)c1,24.513522547161976,7.938,hetero_hardtail,sulfonyl
PBBISWMMBXAYNP-UHFFFAOYSA-N__HEWKRXBEFZRQOD-DCIOMXRHSA-N,PBBISWMMBXAYNP-UHFFFAOYSA-N,HEWKRXBEFZRQOD-DCIOMXRHSA-N,O=CC1CN(C2CCN(C(=O)Cc3ccc(C(F)(F)F)cc3)CC2)c2c(cccc2[N+](=O)[O-])N1,C=CCOC(=O)N(COC)[C@]1(C=O)[C@@H]2[C@@H](CC(=O)O)[C@@H]2C[C@H]1OCc1ccc(F)cc1,C=CCOC(=O)N(COC)C1(C(O)C(=O)C2CN(C3CCN(C(=O)Cc4ccc(C(F)(F)F)cc4)CC3)c3c(cccc3[N+](=O)[O-])N2)C(OCc2ccc(F)cc2)CC2C(CC(=O)O)C21,26.451502723501203,12.3389,hetero_hardtail,"N_oxide,nitro"
NYQCIDHZNFBQAK-SCSAIBSYSA-N__BJESSOFRDPVZBW-UHFFFAOYSA-N,NYQCIDHZNFBQAK-SCSAIBSYSA-N,BJESSOFRDPVZBW-UHFFFAOYSA-N,C[C@@](CF)(C=O)F,CCC(C(C=O)(F)F)OC(=C)C=C,C=CC(=C)OC(CC)C(F)(F)C(O)C(=O)C(C)(F)CF,-9.27197651676684,-2.4963,control,
XLEKCIPCCBHYDA-UHFFFAOYSA-N__NEHUREOOPMIPGG-UHFFFAOYSA-N,XLEKCIPCCBHYDA-UHFFFAOYSA-N,NEHUREOOPMIPGG-UHFFFAOYSA-N,C1=CC=C(C=C1)COC2=CC3=C(C=C2)C(=C(S3)C4=CC=C(C=C4)F)OC5=CC=C(C=C5)OCC=O,C1CC2=C(C=CC(=C2)C3=CN=C(C=C3)C(F)(F)F)N(C1)C4=CC(=C(C=C4)C5=NC(ON5)C=O)Cl,O=C(COc1ccc(Oc2c(-c3ccc(F)cc3)sc3cc(OCc4ccccc4)ccc23)cc1)C(O)C1N=C(c2ccc(N3CCCc4cc(-c5ccc(C(F)(F)F)nc5)ccc43)cc2Cl)NO1,-6.176760935483307,-6.3915,control,
ONPHXFYCKYFLLS-ZHACJKMWSA-N__IUSUPGUYBHINDX-UHFFFAOYSA-N,ONPHXFYCKYFLLS-ZHACJKMWSA-N,IUSUPGUYBHINDX-UHFFFAOYSA-N,CC1CC(C(C(C1C)/C=C/C2=NC=C(C=C2)C3=CC=CC=C3F)C(C)O)(C=O)O,C1=CC=C(C(=C1)C(C=O)C2=COC3=C(C2=O)C=CC(=C3)O)O,CC(O)C1C(C=Cc2ccc(-c3ccccc3F)cn2)C(C)C(C)CC1(O)C(=O)C(O)C(c1ccccc1O)c1coc2cc(O)ccc2c1=O,-4.700366774173952,-7.4826,control,
SYTIDGYCWXVPDQ-UHFFFAOYSA-N__DKMHDLGRAJXZCT-UHFFFAOYSA-N,SYTIDGYCWXVPDQ-UHFFFAOYSA-N,DKMHDLGRAJXZCT-UHFFFAOYSA-N,CC(CSCCCCCCC(F)(F)F)C=O,C=C1N(C(C2(N1C3=CC=C(C=C3)CCCC=O)CCC2)O)C4=CC(=C(C=C4)C#N)C(F)(F)F,C=C1N(c2ccc(C#N)c(C(F)(F)F)c2)C(O)C2(CCC2)N1c1ccc(CCCC(O)C(=O)C(C)CSCCCCCCC(F)(F)F)cc1,-3.4423915006928136,0.6225,control,
ZNAWWXGCVLDPOE-UHFFFAOYSA-N__XLYCASCOALLEHR-UHFFFAOYSA-N,ZNAWWXGCVLDPOE-UHFFFAOYSA-N,XLYCASCOALLEHR-UHFFFAOYSA-N,CCCCCCCC(C)OCC=O,CC(C)N1CC(C(=O)C2=CC(=C(N=C21)Cl)F)C=O,CCCCCCCC(C)OCC(=O)C(O)C1CN(C(C)C)c2nc(Cl)c(F)cc2C1=O,-2.47267944525399,1.9327,control,
JRIOKBXQMHEJOZ-RSJOWCBRSA-N__VVVJWWHBXUASAA-UHFFFAOYSA-N,JRIOKBXQMHEJOZ-RSJOWCBRSA-N,VVVJWWHBXUASAA-UHFFFAOYSA-N,C(=O)[C@@H]([C@H]([C@H]([C@@H](C(=O)N)O)O)O)O,C1CC(C(=O)C2=C1C=C(C=C2)C3=CN=C(C=N3)NC4=CC5=C(C=C4)OCO5)(CC=O)CC(F)(F)F,NC(=O)C(O)C(O)C(O)C(O)C(=O)C(O)CC1(CC(F)(F)F)CCc2cc(-c3cnc(Nc4ccc5c(c4)OCO5)cn3)ccc2C1=O,-2.070390612125099,2.8884,control,
FFHCHDIRBSNJGE-UHFFFAOYSA-N__XKAHTFJISBCBPN-UHFFFAOYSA-N,FFHCHDIRBSNJGE-UHFFFAOYSA-N,XKAHTFJISBCBPN-UHFFFAOYSA-N,CC1=C(C(=NC(=N1)CC2CCN(CC2)C3=CC(=CC=C3)F)C=O)O,C1CN2CC1C(C2)C(=O)CC=O,Cc1nc(CC2CCN(c3cccc(F)c3)CC2)nc(C(=O)C(O)CC(=O)C2CN3CCC2C3)c1O,-1.780954965169425,2.3299,control,
WVPZWTBESUCAJX-UHFFFAOYSA-N__BRMIXYOIDAOOIX-PNDDCTNVSA-N,WVPZWTBESUCAJX-UHFFFAOYSA-N,BRMIXYOIDAOOIX-PNDDCTNVSA-N,CC(C)C1=CC=CC=C1C2=NC=C3C(=N2)N(C(N3)C=O)OC(C)C4=CC=C(C=C4)F,COC1=C2C(=CN=C1)O[C@@]3([C@]2([C@@H]([C@@H]([C@H]3C4=CC=CC=C4)C=O)O)O)C5=CC=C(C=C5)C(F)(F)F,COc1cncc2c1C1(O)C(O)C(C(O)C(=O)C3Nc4cnc(-c5ccccc5C(C)C)nc4N3OC(C)c3ccc(F)cc3)C(c3ccccc3)C1(c1ccc(C(F)(F)F)cc1)O2,-1.3503356586698998,-4.656,control,
GMQZLZQOLRFEDD-UHFFFAOYSA-N__DLZIUYOHALCDSB-UHFFFAOYSA-N,GMQZLZQOLRFEDD-UHFFFAOYSA-N,DLZIUYOHALCDSB-UHFFFAOYSA-N,CCCCC1=CN(C(=O)N1CC2=C(C=CN=C2)C3=CC=CC=C3C4=NNN=N4)C5=C(C=CN5CC)C=O,CN1CC(C1)NC2=CC(=NC=C2C#N)NC(=O)N3C4CC(C4)(C5=C3N=C(C=C5)C=O)F,CCCCc1cn(-c2c(C(=O)C(O)c3ccc4c(n3)N(C(=O)Nc3cc(NC5CN(C)C5)c(C#N)cn3)C3CC4(F)C3)ccn2CC)c(=O)n1Cc1cnccc1-c1ccccc1-c1nn[nH]n1,-1.004160002682985,2.6777,control,
RSBXSZATCNRAHC-UHFFFAOYSA-N__MNDACYSEJXGHML-IUCAKERBSA-N,RSBXSZATCNRAHC-UHFFFAOYSA-N,MNDACYSEJXGHML-IUCAKERBSA-N,CN1C(N(C2=CN=C(N=C21)C3=CC=CC=C3OC)C(=O)N4CCN(CC4)C5=CC=C(C=C5)F)C=O,C1=CC=C(C=C1)[C@H]2[C@@H](O2)C=O,COc1ccccc1-c1ncc2c(n1)N(C)C(C(=O)C(O)C1OC1c1ccccc1)N2C(=O)N1CCN(c2ccc(F)cc2)CC1,-0.4584782319619336,3.5591,control,
XLGNWLVSZFABJG-LUTIACGYSA-N__ULEVKWKQHIGIQU-UHFFFAOYSA-N,XLGNWLVSZFABJG-LUTIACGYSA-N,ULEVKWKQHIGIQU-UHFFFAOYSA-N,CC(C[C@@H](C(=O)NC(C)(C)CC1=CC=C(C=C1)F)NC(=O)C2=CC=C(C=C2)C3=NN(C=C3)C)C=O,CC1=CC2=C(CCN2)C(=C1CC=O)C3=CC(=C4C(=C3C)CCCO4)F,Cc1cc2c(c(-c3cc(F)c4c(c3C)CCCO4)c1CC(O)C(=O)C(C)CC(NC(=O)c1ccc(-c3ccn(C)n3)cc1)C(=O)NC(C)(C)Cc1ccc(F)cc1)CCN2,-0.1182578796017122,-4.602,control,
YGVQWHLDCDFGRO-XOKHGSTOSA-N__FYEUNHYDTXLVGK-UHFFFAOYSA-N,YGVQWHLDCDFGRO-XOKHGSTOSA-N,FYEUNHYDTXLVGK-UHFFFAOYSA-N,C[C@H]([C@H]1C[C@@H](OC(O1)(C)C)CC=O)OCC2=CC=C(C=C2)OC,C1CN(C(=O)C2=C1C=C(C=C2)OCCC=O)CCCC3=CC=CC=C3,COc1ccc(COC(C)C2CC(CC(=O)C(O)CCOc3ccc4c(c3)CCN(CCCc3ccccc3)C4=O)OC(C)(C)O2)cc1,0.3291300149474394,3.7211,control,
XHWUCEASPYLAIG-UHFFFAOYSA-N__YMCSXQTXZJYNGN-FHDQPZTMSA-N,XHWUCEASPYLAIG-UHFFFAOYSA-N,YMCSXQTXZJYNGN-FHDQPZTMSA-N,CCN1C=CC2=C(OC(=C(C=CC(=C21)C3=CC=CC(=C3)C=O)C(=O)NC)C4=CC=C(C=C4)F)C,C[C@H]1CN(CCN1C2=CC(=CC(=C2)F)F)CC(CC3(C(=O)NC(=O)N3)C4=COC=N4)C=O,CCn1ccc2c(C)oc(-c3ccc(F)cc3)c(C(=O)NC)ccc(-c3cccc(C(=O)C(O)C(CN4CCN(c5cc(F)cc(F)c5)C(C)C4)CC4(c5cocn5)NC(=O)NC4=O)c3)c21,0.7534500217062172,-10.2185,control,
PZUMYPDUSSELPR-UHFFFAOYSA-N__IXMNTWWTPVIFOP-NSHDSACASA-N,PZUMYPDUSSELPR-UHFFFAOYSA-N,IXMNTWWTPVIFOP-NSHDSACASA-N,C1=CC=C(C=C1)N(C2=C(NC3=CC=CC=C32)C=O)C(=O)CCl,CCN1C2=C(C[C@H](C(=C)C2)C=O)C3=C1C=CC=C3F,C=C1Cc2c(c3c(F)cccc3n2CC)CC1C(O)C(=O)c1[nH]c2ccccc2c1N(C(=O)CCl)c1ccccc1,0.9353690996352684,3.0678,control,
CCUJUMKOKSNUCP-UHFFFAOYSA-N__NUMBKGNLQMQSFB-VUWPPUDQSA-N,CCUJUMKOKSNUCP-UHFFFAOYSA-N,NUMBKGNLQMQSFB-VUWPPUDQSA-N,C1CN(CCC1C(=O)NC2=NN=C(C=C2Br)Cl)C3=CC=C(C=C3)C=O,C[C@H]1C2=NN=C(N2C3=C(C4=C(S3)CC(C4)C=O)C(=N1)C5=C(C=CC=C5F)F)C6CC6,CC1N=C(c2c(F)cccc2F)c2c(sc3c2CC(C(O)C(=O)c2ccc(N4CCC(C(=O)Nc5nnc(Cl)cc5Br)CC4)cc2)C3)-n2c(C3CC3)nnc21,1.1430050050926686,3.0501,control,
DJQVMEDIAQBVKS-UHFFFAOYSA-N__JGZNVKIZGUJXTJ-WRSVWVKZSA-N,DJQVMEDIAQBVKS-UHFFFAOYSA-N,JGZNVKIZGUJXTJ-WRSVWVKZSA-N,C1C=C(C=NC(=N1)CN2C=C(N=C2C=O)C(F)(F)F)Cl,C[C@H](C(F)(F)F)OC1=CC=C(C=C1)N2CCC3(C2=O)CCC(CC3)C=O,CC(Oc1ccc(N2CCC3(CCC(C(O)C(=O)c4nc(C(F)(F)F)cn4CC4=NCC=C(Cl)C=N4)CC3)C2=O)cc1)C(F)(F)F,1.8528039829658656,-0.8985,control,
BHXFGVIQYHRFSQ-UHFFFAOYSA-N__MVUSYFZPZUJZAU-UHFFFAOYSA-N,BHXFGVIQYHRFSQ-UHFFFAOYSA-N,MVUSYFZPZUJZAU-UHFFFAOYSA-N,CCN1C(C(=O)N(C1=O)CC2=C(C=CC(=C2)Cl)F)C3=C(C=CC(=C3)Cl)N(CC=O)C(=O)C,CCC1(CCC2=C(C1=O)C=CC(=C2)C3=NC=C(C=C3)NC4=CN=C(C=C4)C(F)(F)F)CC=O,CCN1C(=O)N(Cc2cc(Cl)ccc2F)C(=O)C1c1cc(Cl)ccc1N(CC(=O)C(O)CC1(CC)CCc2cc(-c3ccc(Nc4ccc(C(F)(F)F)nc4)cn3)ccc2C1=O)C(C)=O,2.1144619010862926,-4.3158,control,
MBUGWEHNZAMDRR-UHFFFAOYSA-N__CZCWLUXYZGZTEN-FBQUQXAYSA-N,MBUGWEHNZAMDRR-UHFFFAOYSA-N,CZCWLUXYZGZTEN-FBQUQXAYSA-N,CC1=CN=C(N=C1N2C=C(N=C2)C=O)NC3CCC(CC3)(F)F,C1=CC(=C(C=C1F)F)N2C=C(C(=O)C3=CC(=C(N=C32)NC[C@H]4[C@H](C4N)C=O)F)C(=O)O,Cc1cnc(NC2CCC(F)(F)CC2)nc1-n1cnc(C(=O)C(O)C2C(N)C2CNc2nc3c(cc2F)c(=O)c(C(=O)O)cn3-c2ccc(F)cc2F)c1,2.3999156946124254,2.9329,control,
NIGWQRBPDVUQBY-UHFFFAOYSA-N__NGIOJMNVLKXHJE-UHFFFAOYSA-N,NIGWQRBPDVUQBY-UHFFFAOYSA-N,NGIOJMNVLKXHJE-UHFFFAOYSA-N,C1=CC(=CC(=C1)F)C2(C(O2)C=O)C3=CC(=CC=C3)F,CN1C=C(C=N1)SN2CCC3=CC(=NC4=CC=C(C=C4)F)C(=CN)CC3(C2)C=O,Cn1cc(SN2CCC3=CC(=Nc4ccc(F)cc4)C(=CN)CC3(C(O)C(=O)C3OC3(c3cccc(F)c3)c3cccc(F)c3)C2)cn1,2.536692169586759,3.8526,control,
YHHPBYNAHAIMNQ-YRNVUSSQSA-N__LDTADWAOSPRJTQ-UHFFFAOYSA-N,YHHPBYNAHAIMNQ-YRNVUSSQSA-N,LDTADWAOSPRJTQ-UHFFFAOYSA-N,C/C(=C\CCC(C)(C=C)O)/CCC=O,C1=CSC(=N1)C2=CC=C(O2)C=O,C=CC(C)(O)CCC=C(C)CCC(=O)C(O)c1ccc(-c2nccs2)o1,2.7258294135162364,2.6677,control,
HKWCEXZUDQTIRD-UHFFFAOYSA-N__MREJZELNCWSZEI-UHFFFAOYSA-N,HKWCEXZUDQTIRD-UHFFFAOYSA-N,MREJZELNCWSZEI-UHFFFAOYSA-N,CC1=CC=C(C=C1)CNC(=O)C2CCN(CC2)C(=O)C3CCN(CC3)C4=CC=C(C=C4)C=O,CC(C)(C)CN1CCC(CC1)C2=COC3=C2C=C(C=C3)NC(=O)C4=CC=CC=C4C=O,Cc1ccc(CNC(=O)C2CCN(C(=O)C3CCN(c4ccc(C(=O)C(O)c5ccccc5C(=O)Nc5ccc6occ(C7CCN(CC(C)(C)C)CC7)c6c5)cc4)CC3)CC2)cc1,2.891300730629637,3.3844,control,
MGXCYUSPGOPKIR-UHFFFAOYSA-N__YVPPXSBJJNMJOU-UHFFFAOYSA-N,MGXCYUSPGOPKIR-UHFFFAOYSA-N,YVPPXSBJJNMJOU-UHFFFAOYSA-N,C1CC2C1C(C3=CC=CC=C3N2)C(C(C=O)C(=O)C4=CC=C(C=C4)F)(C(=O)O)N,C1CC1C2=NN=C3N2C4=C(C5=C(S4)CC(C5)C=O)C(=NC3)C6=C(C=CC=C6F)F,NC(C(=O)O)(C(C(=O)c1ccc(F)cc1)C(=O)C(O)C1Cc2sc3c(c2C1)C(c1c(F)cccc1F)=NCc1nnc(C2CC2)n1-3)C1c2ccccc2NC2CCC21,2.9534514979513857,-0.9961,control,
CKOHTPKVTMIPBA-UHFFFAOYSA-N__FCPHRPNJDNFKRP-UHFFFAOYSA-N,CKOHTPKVTMIPBA-UHFFFAOYSA-N,FCPHRPNJDNFKRP-UHFFFAOYSA-N,C1CC(=O)NC(=O)C1NC(=O)C2=C(C=C(C=C2)N3CCC(CC3)C=O)F,CC1=CC(=NN1CC(C=O)N2CCC(CC2)C3=NC(=CS3)CCl)C(F)(F)F,Cc1cc(C(F)(F)F)nn1CC(C(O)C(=O)C1CCN(c2ccc(C(=O)NC3CCC(=O)NC3=O)c(F)c2)CC1)N1CCC(c2nc(CCl)cs2)CC1,3.341696580007337,3.4139,control,
GIEADKTXJGDWNU-UHFFFAOYSA-N__FFUBFJLZUYMTMH-UHFFFAOYSA-N,GIEADKTXJGDWNU-UHFFFAOYSA-N,FFUBFJLZUYMTMH-UHFFFAOYSA-N,O=Cc1ccc(C2=NOC(c3cc(Cl)c(F)c(Cl)c3)(C(F)(F)F)C2)c2c1SCC2,O=CC1(C2=CC(=O)ONOC2=O)C=CC=CO1,O=C1C=C(C2(C(O)C(=O)c3ccc(C4=NOC(c5cc(Cl)c(F)c(Cl)c5)(C(F)(F)F)C4)c4c3SCC4)C=CC=CO2)C(=O)ONO1,3.526977956683292,1.9242,control,
LEKFNUHVYFCLDC-UHFFFAOYSA-N__DPZSRLQCTMRACF-UHFFFAOYSA-N,LEKFNUHVYFCLDC-UHFFFAOYSA-N,DPZSRLQCTMRACF-UHFFFAOYSA-N,C1=CC=C2C(=C1)C3=C(N2CCCCN4C=C(N=N4)CO)C5=C(C=C3)C(=CN5)C=O,C1=CC=C(C=C1)C2=NN(C=C2C=O)C3=NC=CS3,O=C(c1c[nH]c2c1ccc1c3ccccc3n(CCCCn3cc(CO)nn3)c12)C(O)c1cn(-c2nccs2)nc1-c1ccccc1,3.791326987069848,2.0743,control,
UWQQZAOIJAEVDJ-UHFFFAOYSA-N__JSHBMDIJOGPLJT-FVMZRBCSSA-N,UWQQZAOIJAEVDJ-UHFFFAOYSA-N,JSHBMDIJOGPLJT-FVMZRBCSSA-N,C1C(=O)COC2=C(O1)C=CC(=C2)C=O,CC(=O)C(C[C@@H]1C/C=C\2/[C@](CCNC1)(C3=CC=CC=C3N2)O)C=O,CC(=O)C(CC1CC=C2Nc3ccccc3C2(O)CCNC1)C(O)C(=O)c1ccc2c(c1)OCC(=O)CO2,3.9218560252417696,4.8745,control,
RDIQQEGTEKMUPW-UHFFFAOYSA-N__JKCNVWCBCHCRGO-RDABAPPSSA-N,RDIQQEGTEKMUPW-UHFFFAOYSA-N,JKCNVWCBCHCRGO-RDABAPPSSA-N,C1=CC=C2C(=C1)C=CC3=C2N(C(=NC4=CC=CC=C4C=O)C=C3)O,C1C[C@H](CN(C1)C(C(C=O)C2=CC=C(C=C2)NC3=NC=C(C=N3)C4=CC=C(C=C4)OC(F)F)O)O,O=C(c1ccccc1N=c1ccc2ccc3ccccc3c2n1O)C(O)C(c1ccc(Nc2ncc(-c3ccc(OC(F)F)cc3)cn2)cc1)C(O)N1CCCC(O)C1,4.128708351868351,-5.47,control,
FQKMHYFAWKOURY-UHFFFAOYSA-N__KXGVDCDMOPMQMS-UHFFFAOYSA-N,FQKMHYFAWKOURY-UHFFFAOYSA-N,KXGVDCDMOPMQMS-UHFFFAOYSA-N,C1=CN2C(=C(N=C2C(F)(F)F)C=O)C=N1,C1=CC(=C(C(=C1)C(F)(F)F)F)CC(=O)NC2=CC(=C(N=C2)N3C=C(N=C3)C=O)F,O=C(Cc1cccc(C(F)(F)F)c1F)Nc1cnc(-n2cnc(C(O)C(=O)c3nc(C(F)(F)F)n4ccncc34)c2)c(F)c1,4.405176249824303,4.3154,control,
SZAXXUAOMZGPRC-UHFFFAOYSA-N__KBSVAZCLQHOLKP-UHFFFAOYSA-N,SZAXXUAOMZGPRC-UHFFFAOYSA-N,KBSVAZCLQHOLKP-UHFFFAOYSA-N,COC1=NC=C(C(=C1)C2=NNC(=C2)C(=O)N3CCC(CC34CC4)C=O)F,CC(C(=O)NC(CO)C(C(C=O)N)O)N,COc1cc(-c2cc(C(=O)N3CCC(C(=O)C(O)C(N)C(O)C(CO)NC(=O)C(C)N)CC34CC4)[nH]n2)c(F)cn1,4.573160524756127,6.1738,control,
POAOBAZVADLAIR-UHFFFAOYSA-N__AXUHVXNETATJCI-UHFFFAOYSA-N,POAOBAZVADLAIR-UHFFFAOYSA-N,AXUHVXNETATJCI-UHFFFAOYSA-N,C=CC(=CC1=CC(=CC=C1)Cl)C2=CC3=CC=CC=C3C(N2C4=NC=C(C=C4)C(F)(F)F)C=O,C1CCC(C1)C2(CC2C=O)C3=CC=C(C=C3)F,C=CC(=Cc1cccc(Cl)c1)C1=Cc2ccccc2C(C(=O)C(O)C2CC2(c2ccc(F)cc2)C2CCCC2)N1c1ccc(C(F)(F)F)cn1,4.741162670606369,3.2403,control,
MZCFRBHKCMTFLL-UHFFFAOYSA-N__HDFHDRXKEHDYII-UHFFFAOYSA-N,MZCFRBHKCMTFLL-UHFFFAOYSA-N,HDFHDRXKEHDYII-UHFFFAOYSA-N,CC1=CC(=NC(=N1)N2C(=CC(=N2)C=O)C)NC3CCC(CC3)(F)F,C1C2=C(CO1)N(N=C2C=O)C3=CC=CC=C3F,Cc1cc(NC2CCC(F)(F)CC2)nc(-n2nc(C(=O)C(O)c3nn(-c4ccccc4F)c4c3COC4)cc2C)n1,5.068072563177807,1.4385,control,
KBSVAZCLQHOLKP-UHFFFAOYSA-N__SZAXXUAOMZGPRC-UHFFFAOYSA-N,KBSVAZCLQHOLKP-UHFFFAOYSA-N,SZAXXUAOMZGPRC-UHFFFAOYSA-N,CC(C(=O)NC(CO)C(C(C=O)N)O)N,COC1=NC=C(C(=C1)C2=NNC(=C2)C(=O)N3CCC(CC34CC4)C=O)F,COc1cc(-c2cc(C(=O)N3CCC(C(O)C(=O)C(N)C(O)C(CO)NC(=O)C(C)N)CC34CC4)[nH]n2)c(F)cn1,5.3028565946097,4.71,control,
CZXDSNKKFLOUOD-UHFFFAOYSA-N__UUXFCTBPGRICST-UHFFFAOYSA-N,CZXDSNKKFLOUOD-UHFFFAOYSA-N,UUXFCTBPGRICST-UHFFFAOYSA-N,C1CC(C(N(C1)C2C(CO2)N3CCC4=C(C3)NN=C4C=O)Cl)C5=CC=C(C=C5)F,C1CC1C(C=O)OC2=CC=C(C=C2)CC=NOCC3=CSC(=N3)C(F)(F)F,O=C(c1n[nH]c2c1CCN(C1COC1N1CCCC(c3ccc(F)cc3)C1Cl)C2)C(O)C(Oc1ccc(CC=NOCc2csc(C(F)(F)F)n2)cc1)C1CC1,5.598795021871092,-1.4422,control,
ZLLYBUQOJMPGKQ-UHFFFAOYSA-N__YWYRVKXBPMSZBY-UHFFFAOYSA-N,ZLLYBUQOJMPGKQ-UHFFFAOYSA-N,YWYRVKXBPMSZBY-UHFFFAOYSA-N,CC1=C(NC2=C1C(=CN=C2NCCC3=CC=CC=C3C=O)F)C,CC(=O)OCC1CCCN1C(=O)OC2=CC(=C(C(=C2)F)C=O)F,CC(=O)OCC1CCCN1C(=O)Oc1cc(F)c(C(O)C(=O)c2ccccc2CCNc2ncc(F)c3c(C)c(C)[nH]c23)c(F)c1,5.777180888285057,2.6153,control,
BDZSNXFYQFYOSR-UHFFFAOYSA-N__ADWSFKXHBAUKKO-UHFFFAOYSA-N,BDZSNXFYQFYOSR-UHFFFAOYSA-N,ADWSFKXHBAUKKO-UHFFFAOYSA-N,O=CC12CNCCn3c(NC4CCOC5(CCC5)C4)nc(c31)CC(F)C2,CC(C)c1c2cc(-c3nc(Nc4ccc5c(n4)CCC(C(O)C=O)N5)ncc3F)cc(F)c2nn1C,CC(C)c1c2cc(-c3nc(Nc4ccc5c(n4)CCC(C(O)C(O)C(=O)C46CNCCn7c(NC8CCOC9(CCC9)C8)nc(c74)CC(F)C6)N5)ncc3F)cc(F)c2nn1C,5.924587138343984,6.1826,control,
YLYWXJACXNRETH-SECBINFHSA-N__GOYCBKVVHGALFQ-RZAIGCCYSA-N,YLYWXJACXNRETH-SECBINFHSA-N,GOYCBKVVHGALFQ-RZAIGCCYSA-N,CC(C)OC(=O)NN(C(=O)OC(C)C)[C@H](C)C=O,C=C1CO[C@H]([C@@](C=O)(NC(=O)[C@@H](C(=O)O)c2ccc(O)cc2)OC)N=C1C(=O)O,C=C1COC(C(NC(=O)C(C(=O)O)c2ccc(O)cc2)(OC)C(O)C(=O)C(C)N(NC(=O)OC(C)C)C(=O)OC(C)C)N=C1C(=O)O,6.096656619262066,0.0408,control,
SUAZFURSZBOLEA-UHFFFAOYSA-N__BHMFZALCUWTGHD-UHFFFAOYSA-N,SUAZFURSZBOLEA-UHFFFAOYSA-N,BHMFZALCUWTGHD-UHFFFAOYSA-N,C1CC1N2C(N(N=C2C3=CC=C(C=C3)Cl)CC4=NC(=NN4)CC5=CC=CC=C5F)C=O,CC(C)C1=NN(C=C1COC2=NN(C(=C2)C=O)C)C3=NC=C(C=C3)C(F)(F)F,CC(C)c1nn(-c2ccc(C(F)(F)F)cn2)cc1COc1cc(C(O)C(=O)C2N(Cc3nc(Cc4ccccc4F)n[nH]3)N=C(c3ccc(Cl)cc3)N2C2CC2)n(C)n1,6.302499736841183,2.3155,control,
SWHZOJQOWGMPRT-UHFFFAOYSA-N__NTUWSPVODPXFAC-UHFFFAOYSA-N,SWHZOJQOWGMPRT-UHFFFAOYSA-N,NTUWSPVODPXFAC-UHFFFAOYSA-N,CC(C)(C)OC(=O)NCCN1N=C2C=C(C3=C(C2=N1)CC(C3)C=O)F,CC1=NC(=NO1)C(C)(CC(=O)C2=NC=C(C(=C2)OCC(F)(F)F)C3CC3)C=O,Cc1nc(C(C)(CC(=O)c2cc(OCC(F)(F)F)c(C3CC3)cn2)C(O)C(=O)C2Cc3c(F)cc4nn(CCNC(=O)OC(C)(C)C)nc4c3C2)no1,6.667091203578301,5.3622,control,
UGADGQDYUVBKEO-UHFFFAOYSA-N__POAOBAZVADLAIR-UHFFFAOYSA-N,UGADGQDYUVBKEO-UHFFFAOYSA-N,POAOBAZVADLAIR-UHFFFAOYSA-N,C#Cc1ccc(N2NC(c3c(F)cccc3Cl)=NC2C=O)cc1,C=CC(=Cc1cccc(Cl)c1)C1=Cc2ccccc2C(C=O)N1c1ccc(C(F)(F)F)cn1,C#Cc1ccc(N2NC(c3c(F)cccc3Cl)=NC2C(=O)C(O)C2c3ccccc3C=C(C(C=C)=Cc3cccc(Cl)c3)N2c2ccc(C(F)(F)F)cn2)cc1,6.76388826796747,1.182,control,
MDBCGUCVZDRMIS-UHFFFAOYSA-N__GXACXWPUCQARQI-UHFFFAOYSA-N,MDBCGUCVZDRMIS-UHFFFAOYSA-N,GXACXWPUCQARQI-UHFFFAOYSA-N,CN1C=NC2=C1C=C(C=C2)C3=C(N=C(C4=NC(=CN34)C=O)N)C5=CC=C(C=C5)F,C1C(=O)NC(=O)N(C1=O)C2=NC3=CC=CC=C3C=C2C=O,Cn1cnc2ccc(-c3c(-c4ccc(F)cc4)nc(N)c4nc(C(=O)C(O)c5cc6ccccc6nc5N5C(=O)CC(=O)NC5=O)cn34)cc21,7.175836173949295,3.1619,control,
JMRSNPNPWBKPKL-YQAGWJQESA-N__UABNFQMUMDNFGQ-UHFFFAOYSA-N,JMRSNPNPWBKPKL-YQAGWJQESA-N,UABNFQMUMDNFGQ-UHFFFAOYSA-N,C=C=C(Cc1ccc2c(c1)C(C)(C)C1=C2CC(C)=CC=C1)N1C[C@@](F)(CF)CC1C=O,CC1CC(C)(C)OC(c2c3c(c(C=O)n2-c2ccccc2)C(C)(C)CC3(C)C#N)O1,C=C=C(Cc1ccc2c(c1)C(C)(C)C1=C2CC(C)=CC=C1)N1CC(F)(CF)CC1C(=O)C(O)c1c2c(c(C3OC(C)CC(C)(C)O3)n1-c1ccccc1)C(C)(C#N)CC2(C)C,7.440456871402352,3.8572,control,
UXXXKWLALCNURK-LZNKSJHBSA-N__HNUFTQKUFYQMDU-UHFFFAOYSA-N,UXXXKWLALCNURK-LZNKSJHBSA-N,HNUFTQKUFYQMDU-UHFFFAOYSA-N,CO[C@H](C[C@@H]1CCC[C@H](O1)CC=O)C[C@@H]2C[C@@H](C[C@@H](O2)CC=C)OCC3=CC=CC=C3,C1CC2=NC=C(N2C1C3=CC(=C(C=C3)C#N)F)C=O,C=CCC1CC(OCc2ccccc2)CC(CC(CC2CCCC(CC(=O)C(O)c3cnc4n3C(c3ccc(C#N)c(F)c3)CC4)O2)OC)O1,7.995497957955035,0.988,control,
BPTJMKRTIFNPFN-UHFFFAOYSA-N__PWUIKHABRNBBRM-UHFFFAOYSA-N,BPTJMKRTIFNPFN-UHFFFAOYSA-N,PWUIKHABRNBBRM-UHFFFAOYSA-N,C1=CC(=C(C(=C1)O)C=O)C2(NC=CS2)N,CC(=O)OC(C=O)C1C(=O)N(CCO1)C2=CC(=C(C=C2)F)C(=O)N3CCOCC3,CC(=O)OC(C(O)C(=O)c1c(O)cccc1C1(N)NC=CS1)C1OCCN(c2ccc(F)c(C(=O)N3CCOCC3)c2)C1=O,8.133576143835434,-0.9619,control,
KQXJCTJAUZBYPX-UHFFFAOYSA-N__ZIHMKXOMCSCWJB-AHRBEJICSA-N,KQXJCTJAUZBYPX-UHFFFAOYSA-N,ZIHMKXOMCSCWJB-AHRBEJICSA-N,C#Cc1cc(C=C2SC(C(=O)OCCC)=C(C(=O)OCCC)S2)c(C#C)cc1C=O,C[C@@H]1C[C@@H]2[C@@](C)(CC[C@@]3(C)[C@@]2(C)CC=C2c4cc(O)c(O)c(C=O)c4C=C[C@]23C)CC1=O,C#Cc1cc(C(=O)C(O)c2c(O)c(O)cc3c2C=CC2(C)C3=CCC3(C)C4CC(C)C(=O)CC4(C)CCC23C)c(C#C)cc1C=C1SC(C(=O)OCCC)=C(C(=O)OCCC)S1,8.382607327860997,-0.9475,control,
ADCIHVFLVVBMPF-UHFFFAOYSA-N__ABMAWPRTPYBBDU-UHFFFAOYSA-N,ADCIHVFLVVBMPF-UHFFFAOYSA-N,ABMAWPRTPYBBDU-UHFFFAOYSA-N,CC(CCCCC=O)C(F)(F)F,CC1(CCCN1C)C2=CC=C(C=C2)C3=C(C4=C(C=C(C=C4N3C)F)C(=O)OC)C=O,COC(=O)c1cc(F)cc2c1c(C(O)C(=O)CCCCC(C)C(F)(F)F)c(-c1ccc(C3(C)CCCN3C)cc1)n2C,8.668325800742972,6.92,control,
POAOBAZVADLAIR-UHFFFAOYSA-N__UGADGQDYUVBKEO-UHFFFAOYSA-N,POAOBAZVADLAIR-UHFFFAOYSA-N,UGADGQDYUVBKEO-UHFFFAOYSA-N,C=CC(=Cc1cccc(Cl)c1)C1=Cc2ccccc2C(C=O)N1c1ccc(C(F)(F)F)cn1,C#Cc1ccc(N2NC(c3c(F)cccc3Cl)=NC2C=O)cc1,C#Cc1ccc(N2NC(c3c(F)cccc3Cl)=NC2C(O)C(=O)C2c3ccccc3C=C(C(C=C)=Cc3cccc(Cl)c3)N2c2ccc(C(F)(F)F)cn2)cc1,9.065230344629835,-1.9365,control,
JMTVCVJCIPCHEX-WYJDJGQOSA-N__DWKCIXIGPTUFJU-UHFFFAOYSA-N,JMTVCVJCIPCHEX-WYJDJGQOSA-N,DWKCIXIGPTUFJU-UHFFFAOYSA-N,C=C(S/C=C\C)C1=NC(c2ccc(F)c(F)c2)C(C2=CC=N2)=C2C[C@@](N)(CCC=O)CN12,C=CC1(F)C(N)OC2(C=O)C(C(F)(F)F)C(O)(C(C)=O)C12,C=CC1(F)C(N)OC2(C(O)C(=O)CCC3(N)CC4=C(C5=CC=N5)C(c5ccc(F)c(F)c5)N=C(C(=C)SC=CC)N4C3)C(C(F)(F)F)C(O)(C(C)=O)C12,9.406697388681293,9.8517,control,
LBGPZUKQSJHJML-UHFFFAOYSA-N__TWLBMGJXMCEYFN-AWEZNQCLSA-N,LBGPZUKQSJHJML-UHFFFAOYSA-N,TWLBMGJXMCEYFN-AWEZNQCLSA-N,C1CC2=C(C=CC=C2N(C1)CCOC3=CC=CC=C3)CNC4=CC(=C(C=C4)CCC=O)F,C1[C@@H](OC(=O)N1C2=CC(=C(C=C2)N3C=CC(=C3)C=O)F)CN4C=CN=N4,O=C(CCc1ccc(NCc2cccc3c2CCCN3CCOc2ccccc2)cc1F)C(O)c1ccn(-c2ccc(N3CC(Cn4ccnn4)OC3=O)cc2F)c1,9.729516072683904,8.4508,control,
JDJGVHBFGFJVHF-UHFFFAOYSA-N__AAJUEMYEASRYAK-UHFFFAOYSA-N,JDJGVHBFGFJVHF-UHFFFAOYSA-N,AAJUEMYEASRYAK-UHFFFAOYSA-N,C1=CC2=NON=C2C=C1COC3=C(C=C(C(=O)N3)C(F)(F)F)C=O,C1=CC=C2C(=C1)C=CC=C2C3=C(C=CS3)C=O,O=C(c1cc(C(F)(F)F)c(=O)[nH]c1OCc1ccc2nonc2c1)C(O)c1ccsc1-c1cccc2ccccc12,9.975024652960066,2.2116,control,
RMFNLHCCVXSVHX-UHFFFAOYSA-N__ZIKKNFIAPUCBTO-UHFFFAOYSA-N,RMFNLHCCVXSVHX-UHFFFAOYSA-N,ZIKKNFIAPUCBTO-UHFFFAOYSA-N,CC1CN(CC(O1)C)C2=C(C3=C(C=C2C=O)C(=NO3)N(C)CC4=CC=CC=C4)F,COC1=CC2=C(C=CN=C2C(=C1)F)NC(=O)C3(CCN(CC3)CCC4=CC5=C(C=N4)OCCO5)C=O,COc1cc(F)c2nccc(NC(=O)C3(C(O)C(=O)c4cc5c(N(C)Cc6ccccc6)noc5c(F)c4N4CC(C)OC(C)C4)CCN(CCc4cc5c(cn4)OCCO5)CC3)c2c1,10.103881164215393,-2.1738,control,
QWBWDVDEAGKENZ-UHFFFAOYSA-N__PFLPFKSORSLUOY-UHFFFAOYSA-N,QWBWDVDEAGKENZ-UHFFFAOYSA-N,PFLPFKSORSLUOY-UHFFFAOYSA-N,C1=CC(=C(N=C1)SC2=NC=C(C=C2)C(F)(F)F)C=O,CCOC1=C(C(=C(C=C1C(C)N2C3=NC=NC(=C3C(=N2)C=O)N)Cl)F)C4CN(C4)C(C)(C)C,CCOc1c(C(C)n2nc(C(O)C(=O)c3cccnc3Sc3ccc(C(F)(F)F)cn3)c3c(N)ncnc32)cc(Cl)c(F)c1C1CN(C(C)(C)C)C1,10.516772974148292,-0.5292,control,
MTUYEWKXSIOKJY-UHFFFAOYSA-N__ADACZSUCPQRGNU-OQMKEHIESA-N,MTUYEWKXSIOKJY-UHFFFAOYSA-N,ADACZSUCPQRGNU-OQMKEHIESA-N,C1=CC(=CC=C1CN2C(=NC3=C2N=C(NC3=O)N)C=O)F,CC(=O)O[C@@H]1CO[C@H]([C@@H]([C@H]1OC(=O)C)OC(=O)C)NC2=C(C(=O)NC(=N2)SC)C=O,CSc1nc(NC2OCC(OC(C)=O)C(OC(C)=O)C2OC(C)=O)c(C(O)C(=O)c2nc3c(=O)[nH]c(N)nc3n2Cc2ccc(F)cc2)c(=O)[nH]1,11.020682498394368,2.6795,control,
XIDVBVCDJWPBFU-UHFFFAOYSA-N__UHLMXHXAVUNYPC-UHFFFAOYSA-N,XIDVBVCDJWPBFU-UHFFFAOYSA-N,UHLMXHXAVUNYPC-UHFFFAOYSA-N,CCCC1=C(C2=C(C=C1O)OC3=CC(=C(N3C2=O)C=O)Cl)O,CC1CN(CC(O1)C)C2=C(N=C3C(=C2Cl)ON=C3C4=CC(=C(C=C4)C#N)F)C=O,CCCc1c(O)cc2oc3cc(Cl)c(C(=O)C(O)c4nc5c(-c6ccc(C#N)c(F)c6)noc5c(Cl)c4N4CC(C)OC(C)C4)n3c(=O)c2c1O,11.564204959155187,2.7142,control,
HMYUHDIGJAXXGU-UHFFFAOYSA-N__OGJQIOIIMVVCNI-NVLHYJFRSA-N,HMYUHDIGJAXXGU-UHFFFAOYSA-N,OGJQIOIIMVVCNI-NVLHYJFRSA-N,CNCNC1=NC(=NC2=C1C3=C(N2)C(=CC(=C3)F)NC)OC4=CN=CC(=C4)C=O,C[C@]12CC[C@H]3[C@H]([C@@H]1CC[C@@H]2OCC4=CC=CC=C4)CCC5=CC(=C(C=C35)C=O)OCC6=CC=CC=C6,CNCNc1nc(Oc2cncc(C(=O)C(O)c3cc4c(cc3OCc3ccccc3)CCC3C4CCC4(C)C(OCc5ccccc5)CCC34)c2)nc2[nH]c3c(NC)cc(F)cc3c12,11.92327212746945,7.09,control,
MITOSSZKPVENHI-UHFFFAOYSA-N__PLXFSAZTICFYLH-UHFFFAOYSA-N,MITOSSZKPVENHI-UHFFFAOYSA-N,PLXFSAZTICFYLH-UHFFFAOYSA-N,COC1=C(C=CC(=C1)C=O)OCCCN2N=C3C=CC=CC3=N2,CC(C)(C)OC(=O)N1C=C(C2=CC=CC=C21)C#CC3=C(C4=CC=CC=C4N3C(=O)OC(C)(C)C)C=O,COc1cc(C(=O)C(O)c2c(C#Cc3cn(C(=O)OC(C)(C)C)c4ccccc34)n(C(=O)OC(C)(C)C)c3ccccc23)ccc1OCCCn1nc2ccccc2n1,12.899201267292831,2.5262,control,
XTJSAFHBGDWJMM-UHFFFAOYSA-N__CRLFTKITXPMUMZ-UHFFFAOYSA-N,XTJSAFHBGDWJMM-UHFFFAOYSA-N,CRLFTKITXPMUMZ-UHFFFAOYSA-N,CSC1=CC=C(C=C1)C2=C(OC(=O)C(=C2)C3=CC=CC=C3)C=O,CCC(CC)NC1=C(C(=NC(=N1)C)N2CCC3=C2C(=CC(=C3)OC)Cl)C=O,CCC(CC)Nc1nc(C)nc(N2CCc3cc(OC)cc(Cl)c32)c1C(O)C(=O)c1oc(=O)c(-c2ccccc2)cc1-c1ccc(SC)cc1,13.01310444456215,4.958,control,
HNTBXCOTUDDNEI-UHFFFAOYSA-N__XOXDNTDGAIVROH-UHFFFAOYSA-N,HNTBXCOTUDDNEI-UHFFFAOYSA-N,XOXDNTDGAIVROH-UHFFFAOYSA-N,C1=CC=C(C=C1)C2=C(SC(=O)N2)C=O,CCC1=CC2=C(N=C1C=O)N(C3CC2(C3)F)C(=O)NC4=NC=C(C(=C4)NCCOC)C#N,CCc1cc2c(nc1C(O)C(=O)c1sc(=O)[nH]c1-c1ccccc1)N(C(=O)Nc1cc(NCCOC)c(C#N)cn1)C1CC2(F)C1,13.251451716901418,0.1049,control,
WLTXYFHYNJZDPO-YYODJPADSA-N__NVUREPBDWVLORQ-UHFFFAOYSA-N,WLTXYFHYNJZDPO-YYODJPADSA-N,NVUREPBDWVLORQ-UHFFFAOYSA-N,C1C[C@H]2C=C[C@@H]1C2NC3=C(C(=C(C(=C3F)F)C=O)F)F,C1C2CC1(C3=C(N2C(=O)NC4=NC=C(C(=C4)NC5CNC5)C#N)N=C(C=C3)C=O)F,N#Cc1cnc(NC(=O)N2c3nc(C(O)C(=O)c4c(F)c(F)c(NC5C6C=CC5CC6)c(F)c4F)ccc3C3(F)CC2C3)cc1NC1CNC1,13.940793505860322,1.853,control,
SWKJWMSANIVYHK-UHFFFAOYSA-N__SLISEMFSMJBQOB-UHFFFAOYSA-N,SWKJWMSANIVYHK-UHFFFAOYSA-N,SLISEMFSMJBQOB-UHFFFAOYSA-N,CC1=CC=C(C=C1)C2=NC(=C(O2)C)CCC(C3=CC=C(S3)C=O)O[Si](C)(C)C(C)(C)C,CN(C)C(=O)N=C1N(C=C(S1)C=O)C2=CC3=C(C=C2)OC(O3)(F)F,Cc1ccc(-c2nc(CCC(O[Si](C)(C)C(C)(C)C)c3ccc(C(=O)C(O)c4cn(-c5ccc6c(c5)OC(F)(F)O6)c(=NC(=O)N(C)C)s4)s3)c(C)o2)cc1,14.429177197658692,2.9804,control,
DWDBBWXFNOEALL-UHFFFAOYSA-N__KXMZVZSANYLVJL-QLYXXIJNSA-N,DWDBBWXFNOEALL-UHFFFAOYSA-N,KXMZVZSANYLVJL-QLYXXIJNSA-N,CCN1CCN(CC1)C2=NC(=CC3=CC=CC=C32)C4=CC(=C(C=C4)C=O)F,CC(=NCC1(CC1)C2=CC=C(C=C2)F)N/N=C(/C=C)\C3=CC=CC(=C3)C=O,C=CC(=NNC(C)=NCC1(c2ccc(F)cc2)CC1)c1cccc(C(O)C(=O)c2ccc(-c3cc4ccccc4c(N4CCN(CC)CC4)n3)cc2F)c1,15.443281374928512,3.2013,control,
OTLPCSJIDGYRJG-UHFFFAOYSA-N__CPNNNJZYRQEVNU-UHFFFAOYSA-N,OTLPCSJIDGYRJG-UHFFFAOYSA-N,CPNNNJZYRQEVNU-UHFFFAOYSA-N,C1C(C=NC2=CC=CC=C21)C3=C4N=C(C=C(N4N=C3)N(SF)SF)C=O,C=C(COC1=C(C=CC(=C1)Cl)C=O)C2=CC=C(C=C2)Cl,C=C(COc1cc(Cl)ccc1C(O)C(=O)c1cc(N(SF)SF)n2ncc(C3C=Nc4ccccc4C3)c2n1)c1ccc(Cl)cc1,16.55535360579704,5.3152,control,
MREJZELNCWSZEI-UHFFFAOYSA-N__HKWCEXZUDQTIRD-UHFFFAOYSA-N,MREJZELNCWSZEI-UHFFFAOYSA-N,HKWCEXZUDQTIRD-UHFFFAOYSA-N,CC(C)(C)CN1CCC(CC1)C2=COC3=C2C=C(C=C3)NC(=O)C4=CC=CC=C4C=O,CC1=CC=C(C=C1)CNC(=O)C2CCN(CC2)C(=O)C3CCN(CC3)C4=CC=C(C=C4)C=O,Cc1ccc(CNC(=O)C2CCN(C(=O)C3CCN(c4ccc(C(O)C(=O)c5ccccc5C(=O)Nc5ccc6occ(C7CCN(CC(C)(C)C)CC7)c6c5)cc4)CC3)CC2)cc1,17.75546881228098,16.6135,control,
NGYYMLQTJUHGOE-UHFFFAOYSA-N__IVTFZSRXVLJEIZ-UHFFFAOYSA-N,NGYYMLQTJUHGOE-UHFFFAOYSA-N,IVTFZSRXVLJEIZ-UHFFFAOYSA-N,CCCCCC1C2=C(C(N1)C=O)C(=CC(=C2)NC3=NC=NC(=C3OC(F)F)N)C,CC(=O)N1CCC(CC1)C(=O)NC2=NC=C(C=N2)C3=CC=CC(=C3F)C=O,CCCCCC1NC(C(=O)C(O)c2cccc(-c3cnc(NC(=O)C4CCN(C(C)=O)CC4)nc3)c2F)c2c(C)cc(Nc3ncnc(N)c3OC(F)F)cc21,20.38883172128928,13.0306,control,
FGPDPZPQBIFSDA-UHFFFAOYSA-N__CYDWMMLKYVFHAZ-UHFFFAOYSA-N,FGPDPZPQBIFSDA-UHFFFAOYSA-N,CYDWMMLKYVFHAZ-UHFFFAOYSA-N,C1C2CC3CC1CC(C2)(C3)C4=C(C5=C(N4)C(=CC=C5)F)C=O,COC1=CC=CC=C1C(=O)NCC2=CC=C(C=C2)C3=NN(C(=C3C=O)N)C4=CC(=C(C=C4)F)F,COc1ccccc1C(=O)NCc1ccc(-c2nn(-c3ccc(F)c(F)c3)c(N)c2C(O)C(=O)c2c(C34CC5CC(CC(C5)C3)C4)[nH]c3c(F)cccc23)cc1,26.91557989854457,9.8527,control,
