id,dG_orca_kcal
VLGMRHYUCPZBBQ-UHFFFAOYSA-N__BASNCCKFWWUDBG-UHFFFAOYSA-N,2.6520758328640883
TVOLBKRLGJWPDK-UHFFFAOYSA-N__ZERWPBSFLUHNDA-UHFFFAOYSA-N,8.675322799744132
ZERWPBSFLUHNDA-UHFFFAOYSA-N__TVOLBKRLGJWPDK-UHFFFAOYSA-N,4.985622800435736
BASNCCKFWWUDBG-UHFFFAOYSA-N__VLGMRHYUCPZBBQ-UHFFFAOYSA-N,3.3172918077650566
YJRYCFVLCSZEAG-UHFFFAOYSA-N__KYGWVVRZYPBZGT-UHFFFAOYSA-N,2.874138123161053
CSZZRYLWAXRTNQ-UHFFFAOYSA-N__CGZGMXSLQDVXME-UHFFFAOYSA-N,10.276142667208417
KYGWVVRZYPBZGT-UHFFFAOYSA-N__YJRYCFVLCSZEAG-UHFFFAOYSA-N,5.709365389103213
CGZGMXSLQDVXME-UHFFFAOYSA-N__CSZZRYLWAXRTNQ-UHFFFAOYSA-N,5.159264277122261
STVKLDJOQMLOCU-UHFFFAOYSA-N__LOXNXPSCZLFRJT-AATRIKPKSA-N,4.070272027099592
LOXNXPSCZLFRJT-AATRIKPKSA-N__STVKLDJOQMLOCU-UHFFFAOYSA-N,0.346464381770857
MGJJTEKBMONTCP-UHFFFAOYSA-N__NRTORAVBWLJRMX-UHFFFAOYSA-N,-1.9621085838758083
FLJHXLIGMQTVSG-UHFFFAOYSA-N__OPRWBRQQXFSXDD-UHFFFAOYSA-N,6.364498035098556
NRTORAVBWLJRMX-UHFFFAOYSA-N__MGJJTEKBMONTCP-UHFFFAOYSA-N,8.051940252559477
OPRWBRQQXFSXDD-UHFFFAOYSA-N__FLJHXLIGMQTVSG-UHFFFAOYSA-N,6.230192783724798
UDYQQOWAOFCYIV-UHFFFAOYSA-N__RRZCXAVADGOJCY-UHFFFAOYSA-N,9.611344039693718
RRZCXAVADGOJCY-UHFFFAOYSA-N__UDYQQOWAOFCYIV-UHFFFAOYSA-N,3.756836154472571
QKDYGSVKNIPWRC-UHFFFAOYSA-N__LHTCYULICDEHKE-UHFFFAOYSA-N,12.58249352609766
DOGSPNRZNVHECU-UHFFFAOYSA-N__VOVBJWTWXMYNQH-UHFFFAOYSA-N,3.695937215647632
VOVBJWTWXMYNQH-UHFFFAOYSA-N__DOGSPNRZNVHECU-UHFFFAOYSA-N,8.696792278790479
LHTCYULICDEHKE-UHFFFAOYSA-N__QKDYGSVKNIPWRC-UHFFFAOYSA-N,13.154020443826322
BRHOADVFPAGFCR-UHFFFAOYSA-N__XAARDLQCFVXTPT-UHFFFAOYSA-N,6.719665908197428
XAARDLQCFVXTPT-UHFFFAOYSA-N__BRHOADVFPAGFCR-UHFFFAOYSA-N,9.531435169061933
LYOXJJQOHIJFPD-UHFFFAOYSA-N__PWDZOVSBTJAABH-UHFFFAOYSA-N,6.467737675832845
PWDZOVSBTJAABH-UHFFFAOYSA-N__LYOXJJQOHIJFPD-UHFFFAOYSA-N,10.331954437173549
OADHTSJQNYUVHX-UHFFFAOYSA-N__KSXSHNNQXUOMEF-UHFFFAOYSA-N,-0.1518785045182807
KSXSHNNQXUOMEF-UHFFFAOYSA-N__OADHTSJQNYUVHX-UHFFFAOYSA-N,4.2947026530036805
CMTXZFKJIVFOSB-UHFFFAOYSA-N__IOTKTVXMHHWRIF-UHFFFAOYSA-N,6.223592560560815
IOTKTVXMHHWRIF-UHFFFAOYSA-N__CMTXZFKJIVFOSB-UHFFFAOYSA-N,9.190667871859164
ZLAQYJKDQSZARB-OGCXVWDESA-N__XRKKAVDATSQCAC-UHFFFAOYSA-N,21.337169978666715
CLXMAIZWSJGDCT-UHFFFAOYSA-N__INESYPZMVPGZSM-XYAITNJASA-N,9.226892240686013
QLFFHGGWPDZMBB-UHFFFAOYSA-N__KJQFJDVYEHDEQB-UHFFFAOYSA-N,5.436924539191723
INESYPZMVPGZSM-XYAITNJASA-N__CLXMAIZWSJGDCT-UHFFFAOYSA-N,1.18509154680812
HLPRBNCIKLVJKP-UHFFFAOYSA-N__RXBFOUDYFRKIGD-UHFFFAOYSA-N,2.884799627160459
RXBFOUDYFRKIGD-UHFFFAOYSA-N__HLPRBNCIKLVJKP-UHFFFAOYSA-N,10.077878000635945
XRKKAVDATSQCAC-UHFFFAOYSA-N__ZLAQYJKDQSZARB-OGCXVWDESA-N,15.05127897138702
KJQFJDVYEHDEQB-UHFFFAOYSA-N__QLFFHGGWPDZMBB-UHFFFAOYSA-N,10.798751521270283
DFJIAUFCXFHAKB-UHFFFAOYSA-N__PPXALYNGJPEUCP-UHFFFAOYSA-N,12.084934603516311
PPXALYNGJPEUCP-UHFFFAOYSA-N__DFJIAUFCXFHAKB-UHFFFAOYSA-N,8.818542513166113
APPXRZUFMHRGGW-UHFFFAOYSA-N__LBLUODAMHWQWCR-UHFFFAOYSA-N,10.763418018992866
LBLUODAMHWQWCR-UHFFFAOYSA-N__APPXRZUFMHRGGW-UHFFFAOYSA-N,9.640013598804618
YIZWPZKKYYJJMS-UHFFFAOYSA-N__JAXYYDMECWEUSX-UHFFFAOYSA-N,13.719748461227146
JAXYYDMECWEUSX-UHFFFAOYSA-N__YIZWPZKKYYJJMS-UHFFFAOYSA-N,14.066630855411724
XEKJYCIJJSQHEK-UHFFFAOYSA-N__UBUUDUFZVMWAEF-RIEGTJTDSA-N,11.157749476791992
VUHDYRBGSHBADR-UHFFFAOYSA-N__PVZPKYJUVFDRIB-UHFFFAOYSA-N,7.7090116282702
UBUUDUFZVMWAEF-RIEGTJTDSA-N__XEKJYCIJJSQHEK-UHFFFAOYSA-N,5.690395039698833
PVZPKYJUVFDRIB-UHFFFAOYSA-N__VUHDYRBGSHBADR-UHFFFAOYSA-N,5.486322446488376
WSRDWPPNYIOPMF-UHFFFAOYSA-N__RFROHJRARMZISW-ROUUACIJSA-N,8.840759791182455
RFROHJRARMZISW-ROUUACIJSA-N__WSRDWPPNYIOPMF-UHFFFAOYSA-N,5.983989799220177
BDCMTVHBCWUFLG-UHFFFAOYSA-N__PUXGVWIAVAQYSF-UHFFFAOYSA-N,9.676626594777858
PUXGVWIAVAQYSF-UHFFFAOYSA-N__BDCMTVHBCWUFLG-UHFFFAOYSA-N,4.235054919381747
TYLUJZMTWWZRGT-UHFFFAOYSA-N__PVQFZQUGKIAVRT-UHFFFAOYSA-N,4.909660182649
PEYGMVVDJGISOK-UHFFFAOYSA-N__GEJALCWZQUNGCD-UHFFFAOYSA-N,8.772873414213887
PVQFZQUGKIAVRT-UHFFFAOYSA-N__TYLUJZMTWWZRGT-UHFFFAOYSA-N,3.58706108603142
GEJALCWZQUNGCD-UHFFFAOYSA-N__PEYGMVVDJGISOK-UHFFFAOYSA-N,11.176827785148976
WVAQQBXSIIARHR-UHFFFAOYSA-N__QYGIKDWXTMCEEW-UHFFFAOYSA-N,3.659844593238858
QYGIKDWXTMCEEW-UHFFFAOYSA-N__WVAQQBXSIIARHR-UHFFFAOYSA-N,4.632154570423159
SRYURSBDJMYTOQ-UHFFFAOYSA-N__JNUVUJGJPIMGFE-UHFFFAOYSA-N,7.967339952555161
JNUVUJGJPIMGFE-UHFFFAOYSA-N__SRYURSBDJMYTOQ-UHFFFAOYSA-N,6.4513312400312826
AYMIQJQHWDGLAS-APWZRJJASA-N__CKRYWJSYCUJWIE-SFHVURJKSA-N,11.955681135221305
CKRYWJSYCUJWIE-SFHVURJKSA-N__AYMIQJQHWDGLAS-APWZRJJASA-N,8.339476855559743
XPGWSOLLMKZDON-UHFFFAOYSA-N__HCOMZIZOKFSSEH-UHFFFAOYSA-N,4.042038979965104
HCOMZIZOKFSSEH-UHFFFAOYSA-N__XPGWSOLLMKZDON-UHFFFAOYSA-N,3.3100698932270425
YKZWLIFJZIJNKY-UHFFFAOYSA-N__YLRSSTPFVKTTNC-UHFFFAOYSA-N,6.167693912699364
YLRSSTPFVKTTNC-UHFFFAOYSA-N__YKZWLIFJZIJNKY-UHFFFAOYSA-N,13.68645829274539
SKWADSBDJMOUSL-UHFFFAOYSA-N__UQOITJYNCZIWCB-UHFFFAOYSA-N,5.499937883499992
UQOITJYNCZIWCB-UHFFFAOYSA-N__SKWADSBDJMOUSL-UHFFFAOYSA-N,7.483820288080774
LBEDPTYSTFMVDX-UHFFFAOYSA-N__LSLCGODJKYBTOE-UHFFFAOYSA-N,4.464989118422827
LSLCGODJKYBTOE-UHFFFAOYSA-N__LBEDPTYSTFMVDX-UHFFFAOYSA-N,2.215334329740311
FUOJOQDZOADYCR-UHFFFAOYSA-N__GTMFIRJLBBXARD-UHFFFAOYSA-N,6.63545658597826
GTMFIRJLBBXARD-UHFFFAOYSA-N__FUOJOQDZOADYCR-UHFFFAOYSA-N,7.346074440787002
GNHLBYCZBGGVDJ-UHFFFAOYSA-N__DCLKRBSBZAEWBK-UHFFFAOYSA-N,6.411803055779093
DCLKRBSBZAEWBK-UHFFFAOYSA-N__GNHLBYCZBGGVDJ-UHFFFAOYSA-N,3.3650047154917866
NCYZGDNAURQEMU-UHFFFAOYSA-N__CTSYMGKKRHIYIH-UHFFFAOYSA-N,1.9779212715126488
CTSYMGKKRHIYIH-UHFFFAOYSA-N__NCYZGDNAURQEMU-UHFFFAOYSA-N,3.794751781275604
OVSKBSANDITPJP-UHFFFAOYSA-N__KGJSOQLNZOQSQV-UHFFFAOYSA-N,3.2354547712962174
KGJSOQLNZOQSQV-UHFFFAOYSA-N__OVSKBSANDITPJP-UHFFFAOYSA-N,4.793277718410442
VFEJCQSLGZGGLT-UHFFFAOYSA-N__CCRDXZGFEZQDRL-QHLKIINSSA-N,15.974330041214632
CCRDXZGFEZQDRL-QHLKIINSSA-N__VFEJCQSLGZGGLT-UHFFFAOYSA-N,13.969703966991814
IFSVDNYGDIPKEX-UHFFFAOYSA-N__LDVQTLSRHXSKOL-UHFFFAOYSA-N,12.72345057493385
LDVQTLSRHXSKOL-UHFFFAOYSA-N__IFSVDNYGDIPKEX-UHFFFAOYSA-N,11.801866745140003
AGDNIICUNPJAJY-UHFFFAOYSA-N__LIZIYRVVNJDYTN-UHFFFAOYSA-N,7.665894648849431
HPRQXUGJVLNHTE-UHFFFAOYSA-N__WWCUSUVBHZIZRX-UHFFFAOYSA-N,8.823630876535642
LIZIYRVVNJDYTN-UHFFFAOYSA-N__AGDNIICUNPJAJY-UHFFFAOYSA-N,6.879705469145971
JASFYLCGBIKWNT-ZDUSSCGKSA-N__AERBPVKCWDAIIB-UHFFFAOYSA-N,1.849251345187105
WWCUSUVBHZIZRX-UHFFFAOYSA-N__HPRQXUGJVLNHTE-UHFFFAOYSA-N,8.43248176656272
AERBPVKCWDAIIB-UHFFFAOYSA-N__JASFYLCGBIKWNT-ZDUSSCGKSA-N,12.577777754237824
NPHHCAGJTCKHMZ-UHFFFAOYSA-N__VQDJGMNNQPROCJ-UHFFFAOYSA-N,9.060415766398576
VQDJGMNNQPROCJ-UHFFFAOYSA-N__NPHHCAGJTCKHMZ-UHFFFAOYSA-N,4.027543462447321
UPMWSCBOBUSVHY-UHFFFAOYSA-N__RLHMVKRLGVMAIE-UHFFFAOYSA-N,7.34298131393388
RLHMVKRLGVMAIE-UHFFFAOYSA-N__UPMWSCBOBUSVHY-UHFFFAOYSA-N,6.488669878117546
FKMOAZYMWFCEAF-UHFFFAOYSA-N__XAERJJRGAWIBKY-UHFFFAOYSA-N,7.951191526644592
XAERJJRGAWIBKY-UHFFFAOYSA-N__FKMOAZYMWFCEAF-UHFFFAOYSA-N,4.595901506539296
BPOOBTXCXAIQJQ-UHFFFAOYSA-N__BIOUKTNSVJINJZ-UHFFFAOYSA-N,9.085856401720305
FKVWZXOENWEHFN-UHFFFAOYSA-N__YOUXSCBHQKNTOL-UHFFFAOYSA-N,4.387028767591511
YOUXSCBHQKNTOL-UHFFFAOYSA-N__FKVWZXOENWEHFN-UHFFFAOYSA-N,5.7405880861179
BIOUKTNSVJINJZ-UHFFFAOYSA-N__BPOOBTXCXAIQJQ-UHFFFAOYSA-N,4.251331364217977
XCFBJBBVHDDEPN-UHFFFAOYSA-N__AKZGFKKWHLVRIB-UHFFFAOYSA-N,5.508850959705773
AKZGFKKWHLVRIB-UHFFFAOYSA-N__XCFBJBBVHDDEPN-UHFFFAOYSA-N,6.631918860380686
RYSJAQSTIILRKM-UHFFFAOYSA-N__BPDFZGCHPUQPJZ-UHFFFAOYSA-N,8.69589004542236
GASAFKIJKKCDDQ-UHFFFAOYSA-N__HZNOPWKQZZXRIF-UHFFFAOYSA-N,3.19410439627754
HZNOPWKQZZXRIF-UHFFFAOYSA-N__GASAFKIJKKCDDQ-UHFFFAOYSA-N,1.4104921706796556
BPDFZGCHPUQPJZ-UHFFFAOYSA-N__RYSJAQSTIILRKM-UHFFFAOYSA-N,11.757294002509768
MAAXWPXWTJJZDU-UHFFFAOYSA-N__RCOMZYINDQPMJG-UHFFFAOYSA-N,4.610755733243585
RCOMZYINDQPMJG-UHFFFAOYSA-N__MAAXWPXWTJJZDU-UHFFFAOYSA-N,3.7082238389953206
ZEMCJOVOQZLBBY-UHFFFAOYSA-N__OGUGOHRWQWHRDS-UHFFFAOYSA-N,13.305108419898453
OGUGOHRWQWHRDS-UHFFFAOYSA-N__ZEMCJOVOQZLBBY-UHFFFAOYSA-N,9.178737344529614
SBZFOKVBEUWGFV-UHFFFAOYSA-N__YUQNLLQOFBHLEM-UHFFFAOYSA-N,2.24862755098485
FGFAVRPKDPQNDQ-UHFFFAOYSA-N__DYKVVENJUKAVIP-UHFFFAOYSA-N,8.429518858818867
YUQNLLQOFBHLEM-UHFFFAOYSA-N__SBZFOKVBEUWGFV-UHFFFAOYSA-N,5.955056864840734
QOSVASMRQVWIBY-UHFFFAOYSA-N__HPQBFVOTEQNDNO-UHFFFAOYSA-N,12.41643815529608
DYKVVENJUKAVIP-UHFFFAOYSA-N__FGFAVRPKDPQNDQ-UHFFFAOYSA-N,5.412067730484336
HPQBFVOTEQNDNO-UHFFFAOYSA-N__QOSVASMRQVWIBY-UHFFFAOYSA-N,0.203350880195467
QWBBIUZKPSPCGI-UHFFFAOYSA-N__KAIBNDXVCRJMSC-UHFFFAOYSA-N,10.384218219415624
NTEGCABTMKSSKM-UHFFFAOYSA-N__PYJGGZVEXSQYRU-UHFFFAOYSA-N,9.323888574037433
PYJGGZVEXSQYRU-UHFFFAOYSA-N__NTEGCABTMKSSKM-UHFFFAOYSA-N,6.611669823631617
KAIBNDXVCRJMSC-UHFFFAOYSA-N__QWBBIUZKPSPCGI-UHFFFAOYSA-N,4.324551214255711
JGPGZNVODICOGN-UHFFFAOYSA-N__QELBQGQAKVQWTH-UHFFFAOYSA-N,5.238522259092444
QELBQGQAKVQWTH-UHFFFAOYSA-N__JGPGZNVODICOGN-UHFFFAOYSA-N,4.549415920955082
XFIVCYVDZPIDTJ-UHFFFAOYSA-N__PIRZCSNEBZBWFQ-BBHUYCHWSA-N,4.094671515576787
PIRZCSNEBZBWFQ-BBHUYCHWSA-N__XFIVCYVDZPIDTJ-UHFFFAOYSA-N,9.141736848218455
OCCUMQMPMXUDAM-UHFFFAOYSA-N__SROOMKIJZQRSIE-UHFFFAOYSA-N,4.940583904452708
SROOMKIJZQRSIE-UHFFFAOYSA-N__OCCUMQMPMXUDAM-UHFFFAOYSA-N,3.845729620439575
QCZREWHANZICFM-UHFFFAOYSA-N__XSPDMODYDHOMJZ-UHFFFAOYSA-N,7.011010696796286
XSPDMODYDHOMJZ-UHFFFAOYSA-N__QCZREWHANZICFM-UHFFFAOYSA-N,0.9557157769245423
NFSVGJLKFKEOBP-UHFFFAOYSA-N__OWHDEDLXYSQEPY-UHFFFAOYSA-N,4.104812661777772
JSCWARWMGROIRT-UHFFFAOYSA-N__FMJIKKXSIVRJGO-UHFFFAOYSA-N,14.489201504536952
OWHDEDLXYSQEPY-UHFFFAOYSA-N__NFSVGJLKFKEOBP-UHFFFAOYSA-N,9.109829871700786
FMJIKKXSIVRJGO-UHFFFAOYSA-N__JSCWARWMGROIRT-UHFFFAOYSA-N,14.219612393564198
WICNNCCWGAQOQN-UHFFFAOYSA-N__FIEMTYCYDBJHMQ-UHFFFAOYSA-N,8.527529360245122
FIEMTYCYDBJHMQ-UHFFFAOYSA-N__WICNNCCWGAQOQN-UHFFFAOYSA-N,7.620860233490634
YZFBSRWYFQIBFN-UHFFFAOYSA-N__YVUBNSSWSOVSEN-UHFFFAOYSA-N,2.989906783114171
YVUBNSSWSOVSEN-UHFFFAOYSA-N__YZFBSRWYFQIBFN-UHFFFAOYSA-N,3.505127243338619
DGHSKNQZTQQXPM-MXILELMHSA-N__IZGKBOYNQXDICV-UHFFFAOYSA-N,2.9533832687887926
IZGKBOYNQXDICV-UHFFFAOYSA-N__DGHSKNQZTQQXPM-MXILELMHSA-N,4.32183189204163
AFMBMEWOTDJSQP-UHFFFAOYSA-N__NVTPYRQVYROPPB-UHFFFAOYSA-N,2.3781630698204443
DBFDSPQZBUTQDD-XFKSJGNHSA-N__GGQWLSPOXZAJGX-UHFFFAOYSA-N,2.425926902298856
NVTPYRQVYROPPB-UHFFFAOYSA-N__AFMBMEWOTDJSQP-UHFFFAOYSA-N,2.031213354483291
GGQWLSPOXZAJGX-UHFFFAOYSA-N__DBFDSPQZBUTQDD-XFKSJGNHSA-N,3.058669643433881
ZKYPGAGIMYIODA-UHFFFAOYSA-N__HTMZFHSINQPJIZ-UHFFFAOYSA-N,13.932740680685797
HTMZFHSINQPJIZ-UHFFFAOYSA-N__ZKYPGAGIMYIODA-UHFFFAOYSA-N,6.55237753633838
AEOIZHSEXJLPEA-UHFFFAOYSA-N__DSTJTQAKRNPWFU-UHFFFAOYSA-N,10.960866774072946
DSTJTQAKRNPWFU-UHFFFAOYSA-N__AEOIZHSEXJLPEA-UHFFFAOYSA-N,7.236099666132787
KXJHUNOLSYUXHS-UHFFFAOYSA-N__KVRLRWINDMTKLG-UHFFFAOYSA-N,4.349102679696943
KVRLRWINDMTKLG-UHFFFAOYSA-N__KXJHUNOLSYUXHS-UHFFFAOYSA-N,-1.33811231059388
LUUBSIRHLTWNGQ-UHFFFAOYSA-N__YEDKSQQTJCMNNN-UHFFFAOYSA-N,7.232067544418267
YEDKSQQTJCMNNN-UHFFFAOYSA-N__LUUBSIRHLTWNGQ-UHFFFAOYSA-N,9.75829229500684
KNDGAAOBWVEIKR-UHFFFAOYSA-N__LEEIJROYIIGPFU-UHFFFAOYSA-N,0.5033628878758176
LEEIJROYIIGPFU-UHFFFAOYSA-N__KNDGAAOBWVEIKR-UHFFFAOYSA-N,-0.9399884689104184
NVMPGPIJTQUBRQ-UHFFFAOYSA-N__ZKUCPOQLSHJFLU-UHFFFAOYSA-N,13.67303425280276
ZKUCPOQLSHJFLU-UHFFFAOYSA-N__NVMPGPIJTQUBRQ-UHFFFAOYSA-N,15.433332634038624
HOKUTAXDALTPRF-UHFFFAOYSA-N__AMMSCUGPDYZXLM-UHFFFAOYSA-N,8.50910911645418
KUQUAZANHVEZTP-UHFFFAOYSA-N__QYDDDTNVUQPMPE-UHFFFAOYSA-N,9.322705330116944
AMMSCUGPDYZXLM-UHFFFAOYSA-N__HOKUTAXDALTPRF-UHFFFAOYSA-N,8.089549583285088
GXUGRMAIFULRBK-UHFFFAOYSA-N__SLCRENXIFPCMHC-UHFFFAOYSA-N,4.023952204850882
SLCRENXIFPCMHC-UHFFFAOYSA-N__GXUGRMAIFULRBK-UHFFFAOYSA-N,0.9315152433014804
QYDDDTNVUQPMPE-UHFFFAOYSA-N__KUQUAZANHVEZTP-UHFFFAOYSA-N,2.891713968785467
HOEMIFLJMACYNB-UHFFFAOYSA-N__LKSDMUFQRPSOCZ-UHFFFAOYSA-N,1.8254483431726
LKSDMUFQRPSOCZ-UHFFFAOYSA-N__HOEMIFLJMACYNB-UHFFFAOYSA-N,12.994634862754191
NHNWAJHYQLFVNL-UHFFFAOYSA-N__PBUKDCFXXHVVDP-YOWRRBNZSA-N,13.836527948066443
YHQJPXRYRCCAEK-UHFFFAOYSA-N__MHTCBLZAFPXIDX-UHFFFAOYSA-N,5.124305933223523
WSXIBCRETBRQRW-UHFFFAOYSA-N__AQIRTRONRLCHRX-UHFFFAOYSA-N,7.853181080149803
AQIRTRONRLCHRX-UHFFFAOYSA-N__WSXIBCRETBRQRW-UHFFFAOYSA-N,5.833611343232156
MHTCBLZAFPXIDX-UHFFFAOYSA-N__YHQJPXRYRCCAEK-UHFFFAOYSA-N,2.0557898081775963
PBUKDCFXXHVVDP-YOWRRBNZSA-N__NHNWAJHYQLFVNL-UHFFFAOYSA-N,10.895771035558166
QDVZWHGBRKDZAJ-UHFFFAOYSA-N__RNTGKVWRJOXFMR-UHFFFAOYSA-N,13.99457204299919
RNTGKVWRJOXFMR-UHFFFAOYSA-N__QDVZWHGBRKDZAJ-UHFFFAOYSA-N,4.162458267980432
NLOGCEUABHNOGR-UHFFFAOYSA-N__RNDLXPAVFHJQQP-UHFFFAOYSA-N,8.204935677957565
JBJBZOUBGMLWEA-UHFFFAOYSA-N__ACCZHYMSOGXQNP-UHFFFAOYSA-N,5.689990378413875
RNDLXPAVFHJQQP-UHFFFAOYSA-N__NLOGCEUABHNOGR-UHFFFAOYSA-N,4.336756034304554
ACCZHYMSOGXQNP-UHFFFAOYSA-N__JBJBZOUBGMLWEA-UHFFFAOYSA-N,5.72318216784822
JLNYVZJIXMULBB-UHFFFAOYSA-N__YZHASECIFLRNPV-SSAZZLEASA-N,5.454647087859949
YMZIYIPABDRYGK-UHFFFAOYSA-N__SUSQSLJQDDGHFT-UHFFFAOYSA-N,3.878858871611325
SUSQSLJQDDGHFT-UHFFFAOYSA-N__YMZIYIPABDRYGK-UHFFFAOYSA-N,9.184648260463238
YZHASECIFLRNPV-SSAZZLEASA-N__JLNYVZJIXMULBB-UHFFFAOYSA-N,15.407876143997346
XXMDTWIPAQQDDV-UHFFFAOYSA-N__YNFCZWUXOROWPC-UHFFFAOYSA-N,2.3474195145969494
HZPRHASLIUMXLG-UHFFFAOYSA-N__QRWKLUVIBVRXQB-UHFFFAOYSA-N,12.268498559713723
YNFCZWUXOROWPC-UHFFFAOYSA-N__XXMDTWIPAQQDDV-UHFFFAOYSA-N,2.433554066031206
QRWKLUVIBVRXQB-UHFFFAOYSA-N__HZPRHASLIUMXLG-UHFFFAOYSA-N,9.938514480988683
URTDXZBKZYDIRZ-UXBLZVDNSA-N__YAEBEAMNQJFGAS-UHFFFAOYSA-N,6.780926882059522
YAEBEAMNQJFGAS-UHFFFAOYSA-N__URTDXZBKZYDIRZ-UXBLZVDNSA-N,8.65323245465121
KLTDWPQEFAFYEG-UHFFFAOYSA-N__QBMARTBTGPLUBB-UHFFFAOYSA-N,6.818268331495471
SGEVFJCISZGXRX-UHFFFAOYSA-N__KGRFLECKNDNCHM-UHFFFAOYSA-N,3.863031412902964
QBMARTBTGPLUBB-UHFFFAOYSA-N__KLTDWPQEFAFYEG-UHFFFAOYSA-N,7.24813996672283
RQAANLABWMJVOK-UHFFFAOYSA-N__LHARNADBHUSQEF-UHFFFAOYSA-N,9.62479555664158
KGRFLECKNDNCHM-UHFFFAOYSA-N__SGEVFJCISZGXRX-UHFFFAOYSA-N,7.279831679091088
LHARNADBHUSQEF-UHFFFAOYSA-N__RQAANLABWMJVOK-UHFFFAOYSA-N,8.77413871247716
BMYJEFXPGLCOTQ-UHFFFAOYSA-N__IVXCAMJPPIEWPL-UHFFFAOYSA-N,10.227642985422966
IVXCAMJPPIEWPL-UHFFFAOYSA-N__BMYJEFXPGLCOTQ-UHFFFAOYSA-N,18.655647523803008
SHXWDGKGFHMWKP-UHFFFAOYSA-N__RCGIBWUJDMBNKV-UHFFFAOYSA-N,3.739980324052775
RCGIBWUJDMBNKV-UHFFFAOYSA-N__SHXWDGKGFHMWKP-UHFFFAOYSA-N,5.096004791615545
FKVIJRPKBQIPBO-UHFFFAOYSA-N__ORVKHRNDGSSICU-UHFFFAOYSA-N,3.9636432306966887
ORVKHRNDGSSICU-UHFFFAOYSA-N__FKVIJRPKBQIPBO-UHFFFAOYSA-N,15.866664109177076
WFWPZSVNTSMDIV-UHFFFAOYSA-N__VGSSWRSGUDZTPZ-UHFFFAOYSA-N,5.043009565784117
CYCOKLSNAORCFU-UHFFFAOYSA-N__HDQWGGSTKOCCBE-UHFFFAOYSA-N,6.797841604005889
HDQWGGSTKOCCBE-UHFFFAOYSA-N__CYCOKLSNAORCFU-UHFFFAOYSA-N,4.351905192407765
VGSSWRSGUDZTPZ-UHFFFAOYSA-N__WFWPZSVNTSMDIV-UHFFFAOYSA-N,4.028707346592613
XHQUORHNAGGFOP-UHFFFAOYSA-N__NRMONEKLSRYFPV-UHFFFAOYSA-N,3.091979673207996
NRMONEKLSRYFPV-UHFFFAOYSA-N__XHQUORHNAGGFOP-UHFFFAOYSA-N,5.263231218685864
AIXRMWFZMJIOAE-UHFFFAOYSA-N__LRBREIWVYONFFR-UHFFFAOYSA-N,-0.0943710438929238
LRBREIWVYONFFR-UHFFFAOYSA-N__AIXRMWFZMJIOAE-UHFFFAOYSA-N,11.139941303164276
WIXJLVCGPRNAPC-UHFFFAOYSA-N__CVFPGSFHMSWTJO-UHFFFAOYSA-N,1.4577696034932706
CVFPGSFHMSWTJO-UHFFFAOYSA-N__WIXJLVCGPRNAPC-UHFFFAOYSA-N,-0.3664865148919961
WUOVLESNFRORAI-UHFFFAOYSA-N__IBURTVNSHFFSIH-NSHDSACASA-N,1.1659680783645638
IBURTVNSHFFSIH-NSHDSACASA-N__WUOVLESNFRORAI-UHFFFAOYSA-N,2.0170831332910018
QEVUZKGSBISQGA-UHFFFAOYSA-N__AUOFTPXWUVYOOQ-VJBMQPMPSA-N,1.0973837510203048
AUOFTPXWUVYOOQ-VJBMQPMPSA-N__QEVUZKGSBISQGA-UHFFFAOYSA-N,0.9063571626770692
IBROCXGCVZFGDG-UHFFFAOYSA-N__PQGHXYJZXDURCP-UHFFFAOYSA-N,9.05860465174204
PQGHXYJZXDURCP-UHFFFAOYSA-N__IBROCXGCVZFGDG-UHFFFAOYSA-N,2.5976742265701165
BGARBQVQMJPALC-UHFFFAOYSA-N__XKTYXYJLOIYAPV-GFCCVEGCSA-N,2.796407450924172
NJCKPHTYGRPUNK-UHFFFAOYSA-N__LYSIUXARTHYLLP-UHFFFAOYSA-N,7.20694709891148
LYSIUXARTHYLLP-UHFFFAOYSA-N__NJCKPHTYGRPUNK-UHFFFAOYSA-N,8.421223228070065
XKTYXYJLOIYAPV-GFCCVEGCSA-N__BGARBQVQMJPALC-UHFFFAOYSA-N,1.230668338780244
WAZFBANCNPCOEM-UHFFFAOYSA-N__MGIGIYLRSHGUIW-UHFFFAOYSA-N,5.1429317800742576
QXMZXJNHNDIKGY-UHFFFAOYSA-N__IEGAHJZJODNCSI-UHFFFAOYSA-N,7.34790275955102
ZCBYIAQXEDBIPK-UHFFFAOYSA-N__KKWXCGOSYMIOAS-UHFFFAOYSA-N,3.8689367062085545
HWYOWPBJJSAKEK-UHFFFAOYSA-N__ZTCAQOYJWWBZJV-UHFFFAOYSA-N,-0.4207694703583248
IEGAHJZJODNCSI-UHFFFAOYSA-N__QXMZXJNHNDIKGY-UHFFFAOYSA-N,5.957043150595594
ZTCAQOYJWWBZJV-UHFFFAOYSA-N__HWYOWPBJJSAKEK-UHFFFAOYSA-N,-1.7838805680265113
KKWXCGOSYMIOAS-UHFFFAOYSA-N__ZCBYIAQXEDBIPK-UHFFFAOYSA-N,3.7329439172170713
MGIGIYLRSHGUIW-UHFFFAOYSA-N__WAZFBANCNPCOEM-UHFFFAOYSA-N,-1.810631392177194
PWPUOJQPFQXOMU-UHFFFAOYSA-N__PMFVCGBQKRYARY-UHFFFAOYSA-N,1.3045097349446495
PMFVCGBQKRYARY-UHFFFAOYSA-N__PWPUOJQPFQXOMU-UHFFFAOYSA-N,2.131972340098112
YPRVWBRSKAIXAK-UHFFFAOYSA-N__IFKTXTIJQDZVLX-OSMVPFSASA-N,0.4340890260133356
DOMZVKWSZQJALY-PLNGDYQASA-N__SMEWGPBLKUOLEA-VIFPVBQESA-N,-0.2539504756871337
SMEWGPBLKUOLEA-VIFPVBQESA-N__DOMZVKWSZQJALY-PLNGDYQASA-N,1.3302670630870417
IFKTXTIJQDZVLX-OSMVPFSASA-N__YPRVWBRSKAIXAK-UHFFFAOYSA-N,-0.6993828252718834
AHXNHXDQQPSFGN-UHFFFAOYSA-N__SSLVWKLNOBWRJP-UHFFFAOYSA-N,9.08118335498491
TVNYKVSEAXYQNR-HHXXYDBFSA-N__KTCSOYFDWVNOKY-UHFFFAOYSA-N,6.611006323133192
SSLVWKLNOBWRJP-UHFFFAOYSA-N__AHXNHXDQQPSFGN-UHFFFAOYSA-N,7.055978632381371
KTCSOYFDWVNOKY-UHFFFAOYSA-N__TVNYKVSEAXYQNR-HHXXYDBFSA-N,1.802244448208467
JAXDCRXIQPQFLV-UHFFFAOYSA-N__DXKKYJSKQONWPR-XJKSGUPXSA-N,-4.284791854990314
DXKKYJSKQONWPR-XJKSGUPXSA-N__JAXDCRXIQPQFLV-UHFFFAOYSA-N,1.0894364474820537
AIUUOZQMIGYDII-UHFFFAOYSA-N__CIKQKXYLCBRCAY-UHFFFAOYSA-N,2.7759516635470263
CIKQKXYLCBRCAY-UHFFFAOYSA-N__AIUUOZQMIGYDII-UHFFFAOYSA-N,5.071736620591605
HSDKFUBAWDOUBS-UHFFFAOYSA-N__RALRWPLNFSLAFQ-CQSZACIVSA-N,9.322469281826525
BRYSVZROQXKUHE-UHFFFAOYSA-N__STIBYVGUKCQRAX-UHFFFAOYSA-N,5.795085110974232
STIBYVGUKCQRAX-UHFFFAOYSA-N__BRYSVZROQXKUHE-UHFFFAOYSA-N,7.806981281088
RALRWPLNFSLAFQ-CQSZACIVSA-N__HSDKFUBAWDOUBS-UHFFFAOYSA-N,6.252206197583312
WIJARVFALYVUSW-UHFFFAOYSA-N__PSQPEPXFGBBWEJ-UHFFFAOYSA-N,8.487530521612793
PSQPEPXFGBBWEJ-UHFFFAOYSA-N__WIJARVFALYVUSW-UHFFFAOYSA-N,3.851210824199026
FJGSVLPROOFMSW-UHFFFAOYSA-N__RIFZZWJHGZGMTH-UHFFFAOYSA-N,3.3377787233778533
RIFZZWJHGZGMTH-UHFFFAOYSA-N__FJGSVLPROOFMSW-UHFFFAOYSA-N,-0.0030440540766189
RFEBXOACIADDAU-BLHCBFLLSA-N__MTJRKNFDEWJONQ-UHFFFAOYSA-N,4.468065654760093
MTJRKNFDEWJONQ-UHFFFAOYSA-N__RFEBXOACIADDAU-BLHCBFLLSA-N,9.152670811296248
WERHYQURLQPXDR-UHFFFAOYSA-N__CNIFTZOEUZNFJX-UHFFFAOYSA-N,0.5789659805654117
CNIFTZOEUZNFJX-UHFFFAOYSA-N__WERHYQURLQPXDR-UHFFFAOYSA-N,7.836301575052394
SUDMLTFATYCMJC-UHFFFAOYSA-N__OCWBTOKATJFGFP-UHFFFAOYSA-N,-4.482307818149754
OCWBTOKATJFGFP-UHFFFAOYSA-N__SUDMLTFATYCMJC-UHFFFAOYSA-N,-3.5171030073020946
HTPMQCREKYXQGU-UHFFFAOYSA-N__COPMILBJICBDOE-MHLNXUHPSA-N,13.75974160146882
COPMILBJICBDOE-MHLNXUHPSA-N__HTPMQCREKYXQGU-UHFFFAOYSA-N,8.200687542243434
KBJUYJHOJLRYGD-UHFFFAOYSA-N__SPOMMIQLONEYFA-OEMAIJDKSA-N,-0.6982396630594949
LHOHMKNRHLHACU-NXVVXOECSA-N__BWLUTZNXLFONMY-UHFFFAOYSA-N,3.187807020778953
FCLJGBRQTJISPR-UHFFFAOYSA-N__LLMAYUAHSQIQEX-UHFFFAOYSA-N,7.077239172601081
SPOMMIQLONEYFA-OEMAIJDKSA-N__KBJUYJHOJLRYGD-UHFFFAOYSA-N,11.17924526508619
BWLUTZNXLFONMY-UHFFFAOYSA-N__LHOHMKNRHLHACU-NXVVXOECSA-N,3.57028271982394
LLMAYUAHSQIQEX-UHFFFAOYSA-N__FCLJGBRQTJISPR-UHFFFAOYSA-N,6.2635412865711
MZFAHCIDFIIYTA-UHFFFAOYSA-N__QLPIZKKHQJMPRJ-VIFPVBQESA-N,0.747857815006144
MMWCYEXBJCHBAO-UHFFFAOYSA-N__IIECWERMUFMHTP-KNKQGSTJSA-N,19.074843605915863
QLPIZKKHQJMPRJ-VIFPVBQESA-N__MZFAHCIDFIIYTA-UHFFFAOYSA-N,1.3221779695183298
IIECWERMUFMHTP-KNKQGSTJSA-N__MMWCYEXBJCHBAO-UHFFFAOYSA-N,7.771243414226888
PBLSHPPHTLXUMW-UHFFFAOYSA-N__MKNXEFLFSSONOR-UHFFFAOYSA-N,5.054940798661991
MKNXEFLFSSONOR-UHFFFAOYSA-N__PBLSHPPHTLXUMW-UHFFFAOYSA-N,2.245994053124351
PPLUAGUWAQFFFU-JQWIXIFHSA-N__QEZJJQNRMDUPAD-UHFFFAOYSA-N,8.569458591365095
LUZYQRGHSIKATL-UHFFFAOYSA-N__UVPGDYDKQKVMOL-UHFFFAOYSA-N,-0.4753516512234975
QEZJJQNRMDUPAD-UHFFFAOYSA-N__PPLUAGUWAQFFFU-JQWIXIFHSA-N,3.332619853829408
LWUFBZXFJLMBNK-UHFFFAOYSA-N__LRKQPTVXEUHJIV-KOLCDFICSA-N,-1.8793486264202768
UVPGDYDKQKVMOL-UHFFFAOYSA-N__LUZYQRGHSIKATL-UHFFFAOYSA-N,4.36809109820106
LRKQPTVXEUHJIV-KOLCDFICSA-N__LWUFBZXFJLMBNK-UHFFFAOYSA-N,2.0109948941583173
BOHSBOQZPSYWDM-UHFFFAOYSA-N__QRZDFJPLMQPVSB-UHFFFAOYSA-N,2.033023022908443
QRZDFJPLMQPVSB-UHFFFAOYSA-N__BOHSBOQZPSYWDM-UHFFFAOYSA-N,0.8604269934377325
IRMHOHDPAFACBX-UHFFFAOYSA-N__PDUMOEAOLWINBU-UHFFFAOYSA-N,4.665454482962455
PDUMOEAOLWINBU-UHFFFAOYSA-N__IRMHOHDPAFACBX-UHFFFAOYSA-N,2.11047191301986
NIZQLLXRTNLFRY-KRWDZBQOSA-N__KWZSBSHPZJUIJP-UHFFFAOYSA-N,9.428685480060858
XLQYNCZOPOWVPJ-UHFFFAOYSA-N__YAKMSXGRIBIKEO-UHFFFAOYSA-N,1.0193186927512008
KWZSBSHPZJUIJP-UHFFFAOYSA-N__NIZQLLXRTNLFRY-KRWDZBQOSA-N,8.827529448011116
OSWNWTPNPHSBPJ-UHFFFAOYSA-N__GQTCYHXGLVMUQR-DZGCQCFKSA-N,2.520136242577058
GQTCYHXGLVMUQR-DZGCQCFKSA-N__OSWNWTPNPHSBPJ-UHFFFAOYSA-N,3.672956383959817
YAKMSXGRIBIKEO-UHFFFAOYSA-N__XLQYNCZOPOWVPJ-UHFFFAOYSA-N,7.194858443863043
NUDKUWPRCLUBNO-UHFFFAOYSA-N__QOLNXXZXCCTECR-IBGZPJMESA-N,-2.930863184983381
LQLRQFNANWTSPF-UHFFFAOYSA-N__HBQKERHWQDYYEM-SSDOTTSWSA-N,8.81789477856948
WLOSCKMYFGMXML-UHFFFAOYSA-N__KURIAXUWQMISAI-UHFFFAOYSA-N,5.152895319501398
HBQKERHWQDYYEM-SSDOTTSWSA-N__LQLRQFNANWTSPF-UHFFFAOYSA-N,5.111312208131733
KURIAXUWQMISAI-UHFFFAOYSA-N__WLOSCKMYFGMXML-UHFFFAOYSA-N,4.286060649035087
QOLNXXZXCCTECR-IBGZPJMESA-N__NUDKUWPRCLUBNO-UHFFFAOYSA-N,-0.0337663147958392
GSNHLSZINWSSON-UHFFFAOYSA-N__DJRROTYXZXJXEZ-UHFFFAOYSA-N,2.3808707305120835
DJRROTYXZXJXEZ-UHFFFAOYSA-N__GSNHLSZINWSSON-UHFFFAOYSA-N,7.53218220723972
SZSNBKWESSADJV-UHFFFAOYSA-N__WQRIZTMCBRUKNM-UHFFFAOYSA-N,6.584122516392404
WQRIZTMCBRUKNM-UHFFFAOYSA-N__SZSNBKWESSADJV-UHFFFAOYSA-N,2.153500535318373
ZBZJFGFTJTVCBX-UHFFFAOYSA-N__CQJHXJXMZCEKEG-UHFFFAOYSA-N,3.63516985302456
CQJHXJXMZCEKEG-UHFFFAOYSA-N__ZBZJFGFTJTVCBX-UHFFFAOYSA-N,2.4990035410079217
PIJUKCOJKQTBOT-UHFFFAOYSA-N__XDOHXUWFRDZAHQ-UHFFFAOYSA-N,0.4849059286769569
XDOHXUWFRDZAHQ-UHFFFAOYSA-N__PIJUKCOJKQTBOT-UHFFFAOYSA-N,2.774268466157264
ZGEQNCPAUXRVCN-CGAIIQECSA-N__KWRMXIJBBZPKKL-UHFFFAOYSA-N,4.280772140867435
KWRMXIJBBZPKKL-UHFFFAOYSA-N__ZGEQNCPAUXRVCN-CGAIIQECSA-N,10.124318631306185
YTKFFNMNKYFMDM-UHFFFAOYSA-N__WDTPGRADUUAQIE-OFVILXPXSA-N,2.410639806858541
WDTPGRADUUAQIE-OFVILXPXSA-N__YTKFFNMNKYFMDM-UHFFFAOYSA-N,9.645609728324844
NNRIDTGDDCVBDR-UHFFFAOYSA-N__FHOYSLMKXDXCEC-UHFFFAOYSA-N,8.44762412008394
FHOYSLMKXDXCEC-UHFFFAOYSA-N__NNRIDTGDDCVBDR-UHFFFAOYSA-N,0.0400120861047006
OKCGNSVDRRCCNX-UHFFFAOYSA-N__QQENFNCFPSEFJK-UHFFFAOYSA-N,2.649003109626719
QQENFNCFPSEFJK-UHFFFAOYSA-N__OKCGNSVDRRCCNX-UHFFFAOYSA-N,6.146842824929982
BTZQFNSRYVAKOP-UHFFFAOYSA-N__JPHAZJVAQAXWJJ-UHFFFAOYSA-N,8.695939680925374
JPHAZJVAQAXWJJ-UHFFFAOYSA-N__BTZQFNSRYVAKOP-UHFFFAOYSA-N,14.563076724787932
UBNBMGNXZMYNBZ-UHFFFAOYSA-N__ICMLCOHZXHCKEM-UHFFFAOYSA-N,15.425350818343668
ICMLCOHZXHCKEM-UHFFFAOYSA-N__UBNBMGNXZMYNBZ-UHFFFAOYSA-N,9.310214491050036
RQFGXCZOASHBSJ-UHFFFAOYSA-N__QQISADUEOJTYKX-UHFFFAOYSA-N,2.9638948337815934
QQISADUEOJTYKX-UHFFFAOYSA-N__RQFGXCZOASHBSJ-UHFFFAOYSA-N,1.4306749545861757
VXSNVDLHISHLRF-UHFFFAOYSA-N__ZYBFDMVDJCIZDO-UHFFFAOYSA-N,1.3295487816479388
ZYBFDMVDJCIZDO-UHFFFAOYSA-N__VXSNVDLHISHLRF-UHFFFAOYSA-N,2.1562223149665445
GRNGQQVPUIGQGJ-UHFFFAOYSA-N__DYWWWDIUNPDQLM-UHFFFAOYSA-N,7.572177620003326
DYWWWDIUNPDQLM-UHFFFAOYSA-N__GRNGQQVPUIGQGJ-UHFFFAOYSA-N,-2.3766027304379933
RJCWBUMCOQQVDG-UHFFFAOYSA-N__SZHNEDLAROLBKU-UHFFFAOYSA-N,10.854603602585584
SZHNEDLAROLBKU-UHFFFAOYSA-N__RJCWBUMCOQQVDG-UHFFFAOYSA-N,0.1843505893604857
PNWZXWWCUUHLEL-UHFFFAOYSA-N__GDJSOOVZLQCCIY-UHFFFAOYSA-N,6.406676585309359
GDJSOOVZLQCCIY-UHFFFAOYSA-N__PNWZXWWCUUHLEL-UHFFFAOYSA-N,6.812588967818691
DEQALIRGIRJDFE-UHFFFAOYSA-N__ZYEIUKRZDSXRLE-UHFFFAOYSA-N,-1.395340507558863
KKTORDRBAIKOFU-UHFFFAOYSA-N__DXLUWNMNLUSNRE-UHFFFAOYSA-N,7.296986473664231
DXLUWNMNLUSNRE-UHFFFAOYSA-N__KKTORDRBAIKOFU-UHFFFAOYSA-N,7.44694814513517
CCEOCZYRAXHLPU-UHFFFAOYSA-N__DUWCOGUSPMQZQU-UHFFFAOYSA-N,17.159019572008965
DUWCOGUSPMQZQU-UHFFFAOYSA-N__CCEOCZYRAXHLPU-UHFFFAOYSA-N,14.863138292137338
SQEIAQASDHAMKN-UHFFFAOYSA-N__GWWYHTGAGIWWDM-UHFFFAOYSA-N,12.676237153116864
ZYEIUKRZDSXRLE-UHFFFAOYSA-N__DEQALIRGIRJDFE-UHFFFAOYSA-N,3.4325385506508206
GWWYHTGAGIWWDM-UHFFFAOYSA-N__SQEIAQASDHAMKN-UHFFFAOYSA-N,1.925053816773223
USNJAPMVAFWTNS-UHFFFAOYSA-N__AMCFAWWRYNUKRE-UHFFFAOYSA-N,8.72447083727983
AMCFAWWRYNUKRE-UHFFFAOYSA-N__USNJAPMVAFWTNS-UHFFFAOYSA-N,9.584263393102962
RZVOGWQTTXJDAB-UHFFFAOYSA-N__LYDNDFQSNQATFV-UHFFFAOYSA-N,4.092536158732504
SEYRYFQSIFDPET-UHFFFAOYSA-N__AOHIQWIMAJZCET-UHFFFAOYSA-N,11.38365968925482
AOHIQWIMAJZCET-UHFFFAOYSA-N__SEYRYFQSIFDPET-UHFFFAOYSA-N,3.568243870219489
LYDNDFQSNQATFV-UHFFFAOYSA-N__RZVOGWQTTXJDAB-UHFFFAOYSA-N,6.303875512914521
PDKVQHCURXAMGM-UHFFFAOYSA-N__AQXMWOIKPCSOLR-UHFFFAOYSA-N,10.790070696377768
AQXMWOIKPCSOLR-UHFFFAOYSA-N__PDKVQHCURXAMGM-UHFFFAOYSA-N,7.63728405574361
JWENHGPPYVEZEF-UHFFFAOYSA-N__JFLKHTKRKCTKMK-UHFFFAOYSA-N,4.551575748412536
JFLKHTKRKCTKMK-UHFFFAOYSA-N__JWENHGPPYVEZEF-UHFFFAOYSA-N,9.182348010340815
DVHZTPBKYQRNOE-UHFFFAOYSA-N__REJMPJQAPXCOJF-UHFFFAOYSA-N,7.508141162922537
COSCXJBDPUBZTD-UHFFFAOYSA-N__LWQNRJVHJCJDGL-UHFFFAOYSA-N,12.259839287004004
LWQNRJVHJCJDGL-UHFFFAOYSA-N__COSCXJBDPUBZTD-UHFFFAOYSA-N,9.644321724246623
REJMPJQAPXCOJF-UHFFFAOYSA-N__DVHZTPBKYQRNOE-UHFFFAOYSA-N,9.73397948681536
HLBNOPAPROBRPD-UHFFFAOYSA-N__GOXGYTZHMVJEJG-UHFFFAOYSA-N,9.693039245468544
GOXGYTZHMVJEJG-UHFFFAOYSA-N__HLBNOPAPROBRPD-UHFFFAOYSA-N,4.598442112149878
WNJYVGIHLXGSGZ-UHFFFAOYSA-N__FUPQCCOFSYBXSM-UHFFFAOYSA-N,6.596007463944705
FUPQCCOFSYBXSM-UHFFFAOYSA-N__WNJYVGIHLXGSGZ-UHFFFAOYSA-N,9.518992600058716
KKSLWIQAXJQHAN-UHFFFAOYSA-N__WKYBCTQDIZOMJE-UHFFFAOYSA-N,3.1469641445302714
WKYBCTQDIZOMJE-UHFFFAOYSA-N__KKSLWIQAXJQHAN-UHFFFAOYSA-N,10.596112321677731
YIRVSMGLMINZSQ-UHFFFAOYSA-N__YHFKIOHWVZCIQL-UHFFFAOYSA-N,15.602383998520128
YHFKIOHWVZCIQL-UHFFFAOYSA-N__YIRVSMGLMINZSQ-UHFFFAOYSA-N,2.77835113238357
FHQUOOICWZJJJC-UHFFFAOYSA-N__NPQXUOFCUUCBQY-UHFFFAOYSA-N,3.394639471559904
NPQXUOFCUUCBQY-UHFFFAOYSA-N__FHQUOOICWZJJJC-UHFFFAOYSA-N,7.432390900485679
KYBIFDWWYRYXEU-UHFFFAOYSA-N__AYWFMERVJDICFE-UHFFFAOYSA-N,13.236428704632177
AYWFMERVJDICFE-UHFFFAOYSA-N__KYBIFDWWYRYXEU-UHFFFAOYSA-N,13.834909899896116
KDERBDJQCCZQEG-UHFFFAOYSA-N__YIRBZPNMDQECJX-UHFFFAOYSA-N,10.285646215309267
YIRBZPNMDQECJX-UHFFFAOYSA-N__KDERBDJQCCZQEG-UHFFFAOYSA-N,3.964298644997789
GVXIBZQFRFSERN-UHFFFAOYSA-N__DHPPXMXBVNDJTQ-UHFFFAOYSA-N,4.738438691844682
UIUIAQNKTVOVFY-UHFFFAOYSA-N__RKHLWKQBMZUXJF-UHFFFAOYSA-N,4.790580051393491
DHPPXMXBVNDJTQ-UHFFFAOYSA-N__GVXIBZQFRFSERN-UHFFFAOYSA-N,7.731324698632566
RKHLWKQBMZUXJF-UHFFFAOYSA-N__UIUIAQNKTVOVFY-UHFFFAOYSA-N,2.839995094855298
NEENUQOFMIWPOF-UHFFFAOYSA-N__LPDPJYKIMHMOGD-UHFFFAOYSA-N,14.784021431246488
LPDPJYKIMHMOGD-UHFFFAOYSA-N__NEENUQOFMIWPOF-UHFFFAOYSA-N,17.040921352428718
DMWVWTDZQOLLSJ-UHFFFAOYSA-N__LOMUETVVOJORNB-UHFFFAOYSA-N,2.248776906933168
LOMUETVVOJORNB-UHFFFAOYSA-N__DMWVWTDZQOLLSJ-UHFFFAOYSA-N,-1.8196030090615507
WYUFKQUCPURMOJ-UHFFFAOYSA-N__JPDXKFWQRUSQCS-UHFFFAOYSA-N,2.9405612590353227
DBRSRSJXNOETKX-UHFFFAOYSA-N__WNJFYIZTIRMQNV-UHFFFAOYSA-N,-2.8357576427408144
JPDXKFWQRUSQCS-UHFFFAOYSA-N__WYUFKQUCPURMOJ-UHFFFAOYSA-N,7.359388316456968
WNJFYIZTIRMQNV-UHFFFAOYSA-N__DBRSRSJXNOETKX-UHFFFAOYSA-N,2.1887544868437963
HLHGWWKGIQXCKA-UHFFFAOYSA-N__ITWLCJINEYSYMU-UHFFFAOYSA-N,9.572832858764803
ZFWLOLVIHVFKSK-UHFFFAOYSA-N__LTNYTDSPAZPYSE-UHFFFAOYSA-N,6.279977312669912
ITWLCJINEYSYMU-UHFFFAOYSA-N__HLHGWWKGIQXCKA-UHFFFAOYSA-N,14.324233109867285
RWPNBGVQEDAQDL-UHFFFAOYSA-N__CIMNRDPTJIJOEV-UHFFFAOYSA-N,9.859367171585587
CIMNRDPTJIJOEV-UHFFFAOYSA-N__RWPNBGVQEDAQDL-UHFFFAOYSA-N,2.9750571653739954
LTNYTDSPAZPYSE-UHFFFAOYSA-N__ZFWLOLVIHVFKSK-UHFFFAOYSA-N,4.948731579577568
SWCKHMLRNFNHDL-UHFFFAOYSA-N__PDVBAOWYRZDFKH-UHFFFAOYSA-N,3.314085157187686
PDVBAOWYRZDFKH-UHFFFAOYSA-N__SWCKHMLRNFNHDL-UHFFFAOYSA-N,13.738848002950396
GOBZYYQXXHDYMG-UHFFFAOYSA-N__AJECBXZYQLSDNC-UHFFFAOYSA-N,4.606187965946633
OULPHKNPUILLFJ-UHFFFAOYSA-N__DZKLTCMAYKHZDU-UHFFFAOYSA-N,6.950884774408445
AJECBXZYQLSDNC-UHFFFAOYSA-N__GOBZYYQXXHDYMG-UHFFFAOYSA-N,-0.7766979921101329
HHYXBEFEMIBUAV-UHFFFAOYSA-N__JRPOYOATNUSVBR-UHFFFAOYSA-N,9.995937685589515
DZKLTCMAYKHZDU-UHFFFAOYSA-N__OULPHKNPUILLFJ-UHFFFAOYSA-N,8.898478584005609
JRPOYOATNUSVBR-UHFFFAOYSA-N__HHYXBEFEMIBUAV-UHFFFAOYSA-N,10.736846110197718
MWDMYAPDTHUVKV-UHFFFAOYSA-N__GXUAJHRERVBIQQ-UHFFFAOYSA-N,2.531238730473679
GXUAJHRERVBIQQ-UHFFFAOYSA-N__MWDMYAPDTHUVKV-UHFFFAOYSA-N,2.9385538393615547
NSDADMYSBLXAID-UHFFFAOYSA-N__UVJSZAAUOFNPPG-UHFFFAOYSA-N,3.864799079979256
UVJSZAAUOFNPPG-UHFFFAOYSA-N__NSDADMYSBLXAID-UHFFFAOYSA-N,11.181953994373217
DVIBAVWVHAJYFJ-UHFFFAOYSA-N__HKEDBWZFCSHGQL-UHFFFAOYSA-N,11.060667398131232
HKEDBWZFCSHGQL-UHFFFAOYSA-N__DVIBAVWVHAJYFJ-UHFFFAOYSA-N,8.887879376499003
GMJLTVLMPGJATB-UHFFFAOYSA-N__UILVTXVTPGXUFF-UHFFFAOYSA-N,1.8730814153954511
UILVTXVTPGXUFF-UHFFFAOYSA-N__GMJLTVLMPGJATB-UHFFFAOYSA-N,5.724093903789443
FZSYGNWFWSHZCM-UHFFFAOYSA-N__IETRZXCTCCBKSO-UHFFFAOYSA-N,12.83615867483188
IETRZXCTCCBKSO-UHFFFAOYSA-N__FZSYGNWFWSHZCM-UHFFFAOYSA-N,16.460525938090786
YLGJJYPDIBXCHN-UHFFFAOYSA-N__NOXBCTFTGMVWKQ-UHFFFAOYSA-N,1.4770904606020894
CQBMLMRPWKPCQP-UHFFFAOYSA-N__HIDAERAKVUSKAA-UHFFFAOYSA-N,4.985302670046657
NOXBCTFTGMVWKQ-UHFFFAOYSA-N__YLGJJYPDIBXCHN-UHFFFAOYSA-N,6.215075209931094
RUSGOYZIEBVYFJ-UHFFFAOYSA-N__OTSVJVJKJKWJIM-UHFFFAOYSA-N,-1.3321484022738834
HIDAERAKVUSKAA-UHFFFAOYSA-N__CQBMLMRPWKPCQP-UHFFFAOYSA-N,8.482608570697495
OTSVJVJKJKWJIM-UHFFFAOYSA-N__RUSGOYZIEBVYFJ-UHFFFAOYSA-N,9.477902416066971
QYULQJQTTBRMJD-UHFFFAOYSA-N__VTORAORIJRXMRT-UHFFFAOYSA-N,2.0747652818317874
VTORAORIJRXMRT-UHFFFAOYSA-N__QYULQJQTTBRMJD-UHFFFAOYSA-N,2.721818282542112
WBKJHMOITIGENR-UHFFFAOYSA-N__UTNBXYZSLCXYFN-UHFFFAOYSA-N,8.906063069697629
UTNBXYZSLCXYFN-UHFFFAOYSA-N__WBKJHMOITIGENR-UHFFFAOYSA-N,5.630485112548295
SILYJZSKTMNDSU-UHFFFAOYSA-N__HYQWKINERDAWPQ-UHFFFAOYSA-N,12.482376743837428
HYQWKINERDAWPQ-UHFFFAOYSA-N__SILYJZSKTMNDSU-UHFFFAOYSA-N,7.238575585161032
CKZDPGZUVBLQSL-UHFFFAOYSA-N__OOIYUNODYWRIGP-UHFFFAOYSA-N,1.4453378332317612
OOIYUNODYWRIGP-UHFFFAOYSA-N__CKZDPGZUVBLQSL-UHFFFAOYSA-N,4.702851143944713
IZGBSZGTBVFORW-UHFFFAOYSA-N__XKDGBTAYUATEOQ-UHFFFAOYSA-N,3.3838714252690285
XKDGBTAYUATEOQ-UHFFFAOYSA-N__IZGBSZGTBVFORW-UHFFFAOYSA-N,3.096254740536365
ISFIKORZIPLRDI-UHFFFAOYSA-N__FEPPPGDBMYQTCY-UHFFFAOYSA-N,-0.2939542133502584
FEPPPGDBMYQTCY-UHFFFAOYSA-N__ISFIKORZIPLRDI-UHFFFAOYSA-N,5.4419285702747295
UQUGODFMEBBVGG-UHFFFAOYSA-N__BKKWVYYEZMOPIG-UHFFFAOYSA-N,0.7415176361949469
BKKWVYYEZMOPIG-UHFFFAOYSA-N__UQUGODFMEBBVGG-UHFFFAOYSA-N,5.359422470105293
JFVKWHHCVXZYJK-UHFFFAOYSA-N__UOBWOGLWGXKHAZ-UHFFFAOYSA-N,1.5169215048614202
UOBWOGLWGXKHAZ-UHFFFAOYSA-N__JFVKWHHCVXZYJK-UHFFFAOYSA-N,-4.0979787979624405
QIYLYZINWJULDI-UHFFFAOYSA-N__KELNMTNGRYBQQU-UHFFFAOYSA-N,-3.770090021366997
RCUPUZVBTHUMSM-SCPLRKQGSA-N__RXRYZXLXJUPEEW-UHFFFAOYSA-N,-8.849208954597248
KELNMTNGRYBQQU-UHFFFAOYSA-N__QIYLYZINWJULDI-UHFFFAOYSA-N,2.037105671906244
FTSUCGQYYYOIOW-UHFFFAOYSA-N__PZPJVTRHUVWUDE-YFKXAPIDSA-N,6.264907598594702
RXRYZXLXJUPEEW-UHFFFAOYSA-N__RCUPUZVBTHUMSM-SCPLRKQGSA-N,6.619214950285358
PZPJVTRHUVWUDE-YFKXAPIDSA-N__FTSUCGQYYYOIOW-UHFFFAOYSA-N,2.623888301158557
OZRGOVDIRZMXKN-UHFFFAOYSA-N__POOQCHBVFZPCGQ-UHFFFAOYSA-N,10.595951195200112
POOQCHBVFZPCGQ-UHFFFAOYSA-N__OZRGOVDIRZMXKN-UHFFFAOYSA-N,8.698427890976406
XJGUPSSAWOMOAW-UHFFFAOYSA-N__SZXXCARQWAJCFR-UHFFFAOYSA-N,4.3530544188401095
RDBHBASWWFBNSZ-INHVJJQHSA-N__LKCCOUFIAXBZJF-UHFFFAOYSA-N,11.56807980301909
LKCCOUFIAXBZJF-UHFFFAOYSA-N__RDBHBASWWFBNSZ-INHVJJQHSA-N,13.46568793491128
SZXXCARQWAJCFR-UHFFFAOYSA-N__XJGUPSSAWOMOAW-UHFFFAOYSA-N,2.553638514366
ICMHHHVASVLFAN-UHFFFAOYSA-N__VMHCAWQZKIWDEK-UHFFFAOYSA-N,2.7484635677210045
VMHCAWQZKIWDEK-UHFFFAOYSA-N__ICMHHHVASVLFAN-UHFFFAOYSA-N,6.562195237856647
JONOIWLLAYFTTM-UHFFFAOYSA-N__YUJGDFFBUIAWMK-UHFFFAOYSA-N,6.00486710028569
YUJGDFFBUIAWMK-UHFFFAOYSA-N__JONOIWLLAYFTTM-UHFFFAOYSA-N,2.6379051592833043
SERPDSQWFDEXHJ-UHFFFAOYSA-N__XNIXGNJNEZQVTA-UEJVZZJDSA-N,6.756464784408202
XNIXGNJNEZQVTA-UEJVZZJDSA-N__SERPDSQWFDEXHJ-UHFFFAOYSA-N,8.065830322508786
XDWJQVCCPGWTSR-UHFFFAOYSA-N__XTYAXJSXJWVVFZ-JTQLQIEISA-N,14.615531391167504
LTYWIFUVTSLSIL-UHFFFAOYSA-N__QLAPMLUCWAWIDB-UHFFFAOYSA-N,0.5877014961540492
XTYAXJSXJWVVFZ-JTQLQIEISA-N__XDWJQVCCPGWTSR-UHFFFAOYSA-N,17.066873901512267
QLAPMLUCWAWIDB-UHFFFAOYSA-N__LTYWIFUVTSLSIL-UHFFFAOYSA-N,5.729030520122362
GINUJYZEMXGGKW-ZIRAPXTMSA-N__PMQMPGAURJPXKS-MYYSRTQBSA-N,13.550578296889642
PMQMPGAURJPXKS-MYYSRTQBSA-N__GINUJYZEMXGGKW-ZIRAPXTMSA-N,24.29489480604326
SJBBZIGORLMVTH-UHFFFAOYSA-N__UCCHTCHLQCUFCM-UHFFFAOYSA-N,1.3822511355824267
UCCHTCHLQCUFCM-UHFFFAOYSA-N__SJBBZIGORLMVTH-UHFFFAOYSA-N,2.3113850708184454
PNAHIMZBXHKIQV-UHFFFAOYSA-N__FKNQDOWMUQZWPA-HNNXBMFYSA-N,2.0995001263453075
GHWLUZOUDISBCD-UHFFFAOYSA-N__MOTPHWRLPNZDJI-GJZGRUSLSA-N,3.954289996135171
MOTPHWRLPNZDJI-GJZGRUSLSA-N__GHWLUZOUDISBCD-UHFFFAOYSA-N,-0.4014446158081667
FKNQDOWMUQZWPA-HNNXBMFYSA-N__PNAHIMZBXHKIQV-UHFFFAOYSA-N,0.3354495284693495
SUVKFUGSFGXCER-UHFFFAOYSA-N__TVFTWQDCSBIGAI-WMCAAGNKSA-N,1.238081797703452
DLSZBFBYKHQQID-UHFFFAOYSA-N__QYVZXPMLXDJQCO-UHFFFAOYSA-N,1.351184249676844
RLRSKWCNRUZCHG-UHFFFAOYSA-N__HABKMSHCOKTPAT-UHFFFAOYSA-N,-1.0180029947241236
TVFTWQDCSBIGAI-WMCAAGNKSA-N__SUVKFUGSFGXCER-UHFFFAOYSA-N,8.28527924190616
QYVZXPMLXDJQCO-UHFFFAOYSA-N__DLSZBFBYKHQQID-UHFFFAOYSA-N,7.402605827311247
HABKMSHCOKTPAT-UHFFFAOYSA-N__RLRSKWCNRUZCHG-UHFFFAOYSA-N,3.4922172868794266
RFVPUMSXKRRFNK-UHFFFAOYSA-N__IULGTIFVJIORTE-TZHYSIJRSA-N,-1.8202566691226805
IULGTIFVJIORTE-TZHYSIJRSA-N__RFVPUMSXKRRFNK-UHFFFAOYSA-N,9.63976181514574
HFJPTIFUTBIXHW-TUSQITKMSA-N__DMADCYGPWYTVBJ-UHFFFAOYSA-N,14.495138619070756
DMADCYGPWYTVBJ-UHFFFAOYSA-N__HFJPTIFUTBIXHW-TUSQITKMSA-N,17.901540875308395
MCJYMRAWMLPKCQ-UHFFFAOYSA-N__WQTFZKAGISIZKL-UHFFFAOYSA-N,9.300790811946989
IUHDYYVEVQTODM-UHFFFAOYSA-N__HYWZMEXMFWWEGG-UHFFFAOYSA-N,-4.016211285897386
WQTFZKAGISIZKL-UHFFFAOYSA-N__MCJYMRAWMLPKCQ-UHFFFAOYSA-N,15.129555585004088
HYWZMEXMFWWEGG-UHFFFAOYSA-N__IUHDYYVEVQTODM-UHFFFAOYSA-N,2.4631529424344416
YHLBIETYPKOOHK-UHFFFAOYSA-N__YRWWASCQQJGZOO-UHFFFAOYSA-N,-1.0822988992595357
SELURJXPHGVLMI-UHFFFAOYSA-N__ZHEZMZLOHXLJOE-UHFFFAOYSA-N,3.55212725768978
YRWWASCQQJGZOO-UHFFFAOYSA-N__YHLBIETYPKOOHK-UHFFFAOYSA-N,0.0371532679266393
ZHEZMZLOHXLJOE-UHFFFAOYSA-N__SELURJXPHGVLMI-UHFFFAOYSA-N,4.267521744286282
BULXNIIWOLGVSP-UHFFFAOYSA-N__AIFMOGRCORUJMF-UHFFFAOYSA-N,-2.185303137126001
AIFMOGRCORUJMF-UHFFFAOYSA-N__BULXNIIWOLGVSP-UHFFFAOYSA-N,1.5933320050815731
WWEIWWOBTOWVGI-UHFFFAOYSA-N__WRWNOFKPGNTZSL-UHFFFAOYSA-N,6.123622399161211
WRWNOFKPGNTZSL-UHFFFAOYSA-N__WWEIWWOBTOWVGI-UHFFFAOYSA-N,0.1071043117185099
JWBHQXFSLVKRLA-UHFFFAOYSA-N__YFVZSQHYQNVICQ-UHFFFAOYSA-N,5.477378883389658
HCSGYQSOOMGPFP-UHFFFAOYSA-N__QCVDURLIMJEQEO-UHFFFAOYSA-N,3.145262941961024
YFVZSQHYQNVICQ-UHFFFAOYSA-N__JWBHQXFSLVKRLA-UHFFFAOYSA-N,4.347961850716457
QCVDURLIMJEQEO-UHFFFAOYSA-N__HCSGYQSOOMGPFP-UHFFFAOYSA-N,0.0725726453514105
SRHMIFSAKOFAQT-UHFFFAOYSA-N__VXWAFFKYYPGUPG-UHFFFAOYSA-N,14.443355552798772
VXWAFFKYYPGUPG-UHFFFAOYSA-N__SRHMIFSAKOFAQT-UHFFFAOYSA-N,3.006116737761112
LUAQHOIIXDJUOY-UHFFFAOYSA-N__BXVVAMOQZPHFTL-GLGOKHISSA-N,-5.078837621339548
SKGYCTACQWXEQV-UHFFFAOYSA-N__KLSPGGJWVKYRAQ-UHFFFAOYSA-N,-0.8360334770811116
BXVVAMOQZPHFTL-GLGOKHISSA-N__LUAQHOIIXDJUOY-UHFFFAOYSA-N,1.7649048900557984
OPFVFEBPDILHMI-UHFFFAOYSA-N__GIGRNKURTGNICE-HIIPCUOOSA-N,0.5951713776840671
SLXADOZLNNSGAD-UHFFFAOYSA-N__FIWQMHFVHRHYNW-UVLXDEKHSA-N,-3.631534142887383
FIWQMHFVHRHYNW-UVLXDEKHSA-N__SLXADOZLNNSGAD-UHFFFAOYSA-N,1.9249616451956195
GIGRNKURTGNICE-HIIPCUOOSA-N__OPFVFEBPDILHMI-UHFFFAOYSA-N,-1.0770103989392357
KLSPGGJWVKYRAQ-UHFFFAOYSA-N__SKGYCTACQWXEQV-UHFFFAOYSA-N,5.575656651657877
IQZJLRNLRLWHNN-UHFFFAOYSA-N__YHKSJNJQEFVXCW-UHFFFAOYSA-N,1.4124908567495214
YHKSJNJQEFVXCW-UHFFFAOYSA-N__IQZJLRNLRLWHNN-UHFFFAOYSA-N,4.835836916294304
FKYXIIXBSQTLFL-UHFFFAOYSA-N__RJIYGZXSIJOCHS-UHFFFAOYSA-N,-3.151994392761746
QBJRHRRRHXBGLG-UHFFFAOYSA-N__BACFTJKEXDBESE-UHFFFAOYSA-N,-2.5832529443644745
BACFTJKEXDBESE-UHFFFAOYSA-N__QBJRHRRRHXBGLG-UHFFFAOYSA-N,5.163699956569967
RJIYGZXSIJOCHS-UHFFFAOYSA-N__FKYXIIXBSQTLFL-UHFFFAOYSA-N,-3.726646340683583
CSTHFZRSWLWLJV-UHFFFAOYSA-N__SFRHPTHSWKXDNY-UHFFFAOYSA-N,3.5517127258622283
PUZHISOVXPUAPP-JHSIELHPSA-N__IINZRIDOVJSJTQ-UHFFFAOYSA-N,7.049389869990286
SFRHPTHSWKXDNY-UHFFFAOYSA-N__CSTHFZRSWLWLJV-UHFFFAOYSA-N,4.532527894560324
IINZRIDOVJSJTQ-UHFFFAOYSA-N__PUZHISOVXPUAPP-JHSIELHPSA-N,5.436726291526725
VGISYEWIPSVIIK-UHFFFAOYSA-N__XZDTVDCSUUOBGA-UHFFFAOYSA-N,3.5875202487486284
ZUVZRSWLRTVFLQ-UHFFFAOYSA-N__STTHGMDNIRTDSP-UHFFFAOYSA-N,3.747596304594485
XZDTVDCSUUOBGA-UHFFFAOYSA-N__VGISYEWIPSVIIK-UHFFFAOYSA-N,3.907345576423797
CDYMCGORHDFOCI-UHFFFAOYSA-N__IQBZORFWAOBXNC-UHFFFAOYSA-N,6.88700109186806
WYTQWBFMNURVJB-UHFFFAOYSA-N__FTKDVMGOKIXNFD-UHFFFAOYSA-N,12.116010772625826
STTHGMDNIRTDSP-UHFFFAOYSA-N__ZUVZRSWLRTVFLQ-UHFFFAOYSA-N,7.758257852664514
FTKDVMGOKIXNFD-UHFFFAOYSA-N__WYTQWBFMNURVJB-UHFFFAOYSA-N,4.414585491653667
IQBZORFWAOBXNC-UHFFFAOYSA-N__CDYMCGORHDFOCI-UHFFFAOYSA-N,8.23553601222155
OIYNMUVDHWGIDO-UHFFFAOYSA-N__LPYVZYKXZGUIOR-UHFFFAOYSA-N,11.390838699249375
LPYVZYKXZGUIOR-UHFFFAOYSA-N__OIYNMUVDHWGIDO-UHFFFAOYSA-N,9.470001640194807
LZNKSFXGDVDVEL-UHFFFAOYSA-N__ZXSSSWWHLGSVBV-UHFFFAOYSA-N,5.876561603723912
KCTMWUFWTVVDOB-UHFFFAOYSA-N__PTVNXOBSLBUVSV-XPCCGILXSA-N,2.41206261133039
PTVNXOBSLBUVSV-XPCCGILXSA-N__KCTMWUFWTVVDOB-UHFFFAOYSA-N,-0.9624526136486105
ZXSSSWWHLGSVBV-UHFFFAOYSA-N__LZNKSFXGDVDVEL-UHFFFAOYSA-N,3.4549835861583773
ORDCIMNPEHUMOL-UHFFFAOYSA-N__MJKNAYYTEPMTCB-UHFFFAOYSA-N,-1.9366701460267888
MJKNAYYTEPMTCB-UHFFFAOYSA-N__ORDCIMNPEHUMOL-UHFFFAOYSA-N,2.3833403449773685
NZMJZGNIBCXCCX-QGZVFWFLSA-N__MPIOQROHZQNFBB-UHFFFAOYSA-N,-1.7642466237414582
MPIOQROHZQNFBB-UHFFFAOYSA-N__NZMJZGNIBCXCCX-QGZVFWFLSA-N,0.7327203924758462
PVMNWBRYHQDVIN-UHFFFAOYSA-N__ZWEFWSNICOIUSR-UHFFFAOYSA-N,-1.840574301006324
ZWEFWSNICOIUSR-UHFFFAOYSA-N__PVMNWBRYHQDVIN-UHFFFAOYSA-N,-5.130069275164221
JPKGKKDJZIDARN-VOHIISRTSA-N__IAQYBSZCTIVXRA-UHFFFAOYSA-N,-1.9679895139342785
IAQYBSZCTIVXRA-UHFFFAOYSA-N__JPKGKKDJZIDARN-VOHIISRTSA-N,-2.954074790042638
AIYYFEWTZBMVKZ-PMOHQLOOSA-N__GZCGUPFRVQAUEE-OMMKOOBNSA-N,-1.781661904401991
GZCGUPFRVQAUEE-OMMKOOBNSA-N__AIYYFEWTZBMVKZ-PMOHQLOOSA-N,-1.7574838662134868
IAPWRCRYBFEPIC-VXKWHMMOSA-N__RQSRKOAPJYMURR-UHFFFAOYSA-N,1.2976428054536862
RQSRKOAPJYMURR-UHFFFAOYSA-N__IAPWRCRYBFEPIC-VXKWHMMOSA-N,0.8217662733604931
KYZSFUXXDXDTMS-UHFFFAOYSA-N__ITJLFEVMYVBIPE-JJDIHXCJSA-N,12.6078675354709
XXQNFJFMRAIWBI-YFKPBYRVSA-N__OLMQVMULGVCMTC-UHFFFAOYSA-N,-1.2158040273006396
RTMVZAZNAONVCQ-UHFFFAOYSA-N__JQIBLPXNGGGPDV-UHFFFAOYSA-N,1.039477444497534
PDTBXKACIIJAIX-KCXAZCMYSA-N__DVQMWPPIHXLSRL-UHFFFAOYSA-N,-0.7038650943084174
KJECGUVBMQGYRN-UHFFFAOYSA-N__XYEAHHMVTWHTLR-UHFFFAOYSA-N,-5.2669261439458905
JQIBLPXNGGGPDV-UHFFFAOYSA-N__RTMVZAZNAONVCQ-UHFFFAOYSA-N,2.590955147548573
OLMQVMULGVCMTC-UHFFFAOYSA-N__XXQNFJFMRAIWBI-YFKPBYRVSA-N,3.812893929948292
DVQMWPPIHXLSRL-UHFFFAOYSA-N__PDTBXKACIIJAIX-KCXAZCMYSA-N,0.2980433803233361
XYEAHHMVTWHTLR-UHFFFAOYSA-N__KJECGUVBMQGYRN-UHFFFAOYSA-N,-8.97430605361832
ZSLYPWDYNSFTKL-UHFFFAOYSA-N__LMUQTIMOIJDYMJ-UHFFFAOYSA-N,2.194131561586675
LMUQTIMOIJDYMJ-UHFFFAOYSA-N__ZSLYPWDYNSFTKL-UHFFFAOYSA-N,9.061354908968552
ITJLFEVMYVBIPE-JJDIHXCJSA-N__KYZSFUXXDXDTMS-UHFFFAOYSA-N,9.931665088332943
CFAOMNVLPGEHGZ-UHFFFAOYSA-N__CMVSPFUYTQLKBI-UHFFFAOYSA-N,2.4273485650522626
CMVSPFUYTQLKBI-UHFFFAOYSA-N__CFAOMNVLPGEHGZ-UHFFFAOYSA-N,3.658157538233309
IXXVLQONPDPXLU-UHFFFAOYSA-N__HPJQHAKEQZQQCL-UHFFFAOYSA-N,6.247139319373052
DAUKAGZEHGMNLL-UHFFFAOYSA-N__GOVCEDZKNNIOCW-ZACQAIPSSA-N,-3.888470694556392
GOVCEDZKNNIOCW-ZACQAIPSSA-N__DAUKAGZEHGMNLL-UHFFFAOYSA-N,-2.245321198011086
HPJQHAKEQZQQCL-UHFFFAOYSA-N__IXXVLQONPDPXLU-UHFFFAOYSA-N,2.5133432114614576
PTRGVAIZHRFCHD-UHFFFAOYSA-N__PSQUMGMPOOWFFA-UHFFFAOYSA-N,0.5894235101873578
PSQUMGMPOOWFFA-UHFFFAOYSA-N__PTRGVAIZHRFCHD-UHFFFAOYSA-N,0.990268526916154
LWUSTCRIYYYTKT-ZCFIWIBFSA-N__OJZOHRDXAXKWNF-UHFFFAOYSA-N,4.7108885966551615
WJAMZBQSTHIBII-UHFFFAOYSA-N__PGYWJEBQKOKMDB-UHFFFAOYSA-N,11.068013888890048
QRAXLHLYZJCAKB-DBRKOABJSA-N__CBAYHRZQHDCOJJ-CMDGGOBGSA-N,5.94666446895956
OJZOHRDXAXKWNF-UHFFFAOYSA-N__LWUSTCRIYYYTKT-ZCFIWIBFSA-N,3.608696530946305
CBAYHRZQHDCOJJ-CMDGGOBGSA-N__QRAXLHLYZJCAKB-DBRKOABJSA-N,-1.0017419924787652
XUHAILYELOOMRQ-UHFFFAOYSA-N__CXCONNIPHQLIED-UHFFFAOYSA-N,1.7590498888626027
CXCONNIPHQLIED-UHFFFAOYSA-N__XUHAILYELOOMRQ-UHFFFAOYSA-N,7.433330387411745
PGYWJEBQKOKMDB-UHFFFAOYSA-N__WJAMZBQSTHIBII-UHFFFAOYSA-N,14.90013813747494
CATUAIJPMONMQO-ZDUSSCGKSA-N__FIAHPTJTOFELSF-UHFFFAOYSA-N,-1.9614083479230464
NHDWZSKCYAMFOC-UHFFFAOYSA-N__MYQKOXRGVPLVDM-UHFFFAOYSA-N,0.7313683419452325
MYQKOXRGVPLVDM-UHFFFAOYSA-N__NHDWZSKCYAMFOC-UHFFFAOYSA-N,0.4768032766666971
FIAHPTJTOFELSF-UHFFFAOYSA-N__CATUAIJPMONMQO-ZDUSSCGKSA-N,1.67352617034945
OLNKMIRPMMNGNR-UHFFFAOYSA-N__LUIALFLCDRMCEJ-QNSVNVJESA-N,-2.80209831175703
LUIALFLCDRMCEJ-QNSVNVJESA-N__OLNKMIRPMMNGNR-UHFFFAOYSA-N,-2.411952594373933
CALTVSOZAJMIGE-VXUIKNBNSA-N__IUHPSLZZALBBDU-UHFFFAOYSA-N,6.647384980183395
IUHPSLZZALBBDU-UHFFFAOYSA-N__CALTVSOZAJMIGE-VXUIKNBNSA-N,0.0309106372709084
VNQMMVYBOYFHGI-UHFFFAOYSA-N__HOIPYUGIKCCZOY-QBMZZYIRSA-N,1.958255585186304
VAHSFBLNASSYTB-UHFFFAOYSA-N__LJFJNOKWISOUSV-UHFFFAOYSA-N,2.531049328629724
QJGQAZDHMYBFHD-UHFFFAOYSA-N__CQBXGINKSXJDAO-UHFFFAOYSA-N,5.471015792948865
HOIPYUGIKCCZOY-QBMZZYIRSA-N__VNQMMVYBOYFHGI-UHFFFAOYSA-N,8.549244661316692
LJFJNOKWISOUSV-UHFFFAOYSA-N__VAHSFBLNASSYTB-UHFFFAOYSA-N,6.671334299009291
CQBXGINKSXJDAO-UHFFFAOYSA-N__QJGQAZDHMYBFHD-UHFFFAOYSA-N,6.212002755572556
RXRGXFGHUGFVNR-UHFFFAOYSA-N__XLMNFXVMZOGVBI-UHFFFAOYSA-N,11.735064135485263
UWDFTRRDGGNTRC-UHFFFAOYSA-N__FZPBGGWKHYHKAW-UHFFFAOYSA-N,4.535351045950773
FZPBGGWKHYHKAW-UHFFFAOYSA-N__UWDFTRRDGGNTRC-UHFFFAOYSA-N,14.86115430166173
XLMNFXVMZOGVBI-UHFFFAOYSA-N__RXRGXFGHUGFVNR-UHFFFAOYSA-N,6.633110275535264
GCCHQQYEUACPFL-ZTYPAOSTSA-N__RIIXYTONXHHEOC-UHFFFAOYSA-N,-1.615746248220164
DPVHNIXDEVQWCP-UHFFFAOYSA-N__XDTJJGUIFMTZAL-CHWSQXEVSA-N,-0.8309927756054545
RIIXYTONXHHEOC-UHFFFAOYSA-N__GCCHQQYEUACPFL-ZTYPAOSTSA-N,1.1028757872650805
XDTJJGUIFMTZAL-CHWSQXEVSA-N__DPVHNIXDEVQWCP-UHFFFAOYSA-N,0.3110050300753738
WDQSRSQCLVJPJE-CYBMUJFWSA-N__CKZQRGBDPKBMPL-UHFFFAOYSA-N,0.3668100920522904
CKZQRGBDPKBMPL-UHFFFAOYSA-N__WDQSRSQCLVJPJE-CYBMUJFWSA-N,0.0614851441858235
HBLXNTXEVRUYHX-UHFFFAOYSA-N__PXRUFISGVHZBSF-HNNXBMFYSA-N,6.918695103581927
PXRUFISGVHZBSF-HNNXBMFYSA-N__HBLXNTXEVRUYHX-UHFFFAOYSA-N,3.391232872938938
UJZAWQINJHZMNV-UHFFFAOYSA-N__XYYMIIIQUBXBGN-WEBNNTSLSA-N,-1.3573112478820433
XYYMIIIQUBXBGN-WEBNNTSLSA-N__UJZAWQINJHZMNV-UHFFFAOYSA-N,-7.054762564519375
MHLMCMFEAVRZDJ-UHFFFAOYSA-N__ZSGOHBRTWBAIIJ-UHFFFAOYSA-N,-6.255514861102996
ZSGOHBRTWBAIIJ-UHFFFAOYSA-N__MHLMCMFEAVRZDJ-UHFFFAOYSA-N,-2.98269450804989
DNYHWAFTTRLRTJ-UHFFFAOYSA-N__LHQVRCNKIKXXHV-LSDHHAIUSA-N,-7.466491790078236
LHQVRCNKIKXXHV-LSDHHAIUSA-N__DNYHWAFTTRLRTJ-UHFFFAOYSA-N,-6.398911306176344
BHZMIMWLXCEQDL-UHFFFAOYSA-N__ZAVYLQGLQYIKKF-LFRDXLMFSA-N,-4.0834609226954655
ZAVYLQGLQYIKKF-LFRDXLMFSA-N__BHZMIMWLXCEQDL-UHFFFAOYSA-N,-6.429478871465959
RDLHQGLJEDJKHG-UHFFFAOYSA-N__ZLUOQEHPPOJAOM-UHFFFAOYSA-N,0.1174899944057036
ZLUOQEHPPOJAOM-UHFFFAOYSA-N__RDLHQGLJEDJKHG-UHFFFAOYSA-N,-1.533869591396208
OVZSTMLKLFDZAD-UHFFFAOYSA-N__XGGBCMGCZQMIQF-UHFFFAOYSA-N,1.0238986389251392
XGGBCMGCZQMIQF-UHFFFAOYSA-N__OVZSTMLKLFDZAD-UHFFFAOYSA-N,-0.1128221541033041
QSCFYXWKXIYAKA-UHFFFAOYSA-N__RFLCTSCQSRZCNB-UHFFFAOYSA-N,0.6012690970605695
RFLCTSCQSRZCNB-UHFFFAOYSA-N__QSCFYXWKXIYAKA-UHFFFAOYSA-N,4.597984608362979
PDKBKOFBAYOHKI-UHFFFAOYSA-N__JNVRADOEHQKGIK-UHFFFAOYSA-N,5.464642755988839
JNVRADOEHQKGIK-UHFFFAOYSA-N__PDKBKOFBAYOHKI-UHFFFAOYSA-N,0.7411072158093641
TXEQAEUHAWWIOI-UHFFFAOYSA-N__QXBKCHWLNZBODW-UHFFFAOYSA-N,1.5182987563083592
QXBKCHWLNZBODW-UHFFFAOYSA-N__TXEQAEUHAWWIOI-UHFFFAOYSA-N,2.8433398219532697
WWNROKMSDUGWSV-UHFFFAOYSA-N__NGYGDBSTHXNBFS-UHFFFAOYSA-N,-1.0039266269867912
NGYGDBSTHXNBFS-UHFFFAOYSA-N__WWNROKMSDUGWSV-UHFFFAOYSA-N,0.6348149087431587
OPJBOWPEHQIDOO-UHFFFAOYSA-N__XMEVWSHKKCJFSV-UHFFFAOYSA-N,-1.109692868518439
XMEVWSHKKCJFSV-UHFFFAOYSA-N__OPJBOWPEHQIDOO-UHFFFAOYSA-N,6.936768413923453
CTQOZRLWPLPFAH-MLCCFXAWSA-N__QPOJYVQSMBWKMG-UHFFFAOYSA-N,10.127220398258231
QPOJYVQSMBWKMG-UHFFFAOYSA-N__CTQOZRLWPLPFAH-MLCCFXAWSA-N,3.3916945752020786
CLXUYCFBFFEJNH-UHFFFAOYSA-N__ZBHNYLWTNWHAQL-SFHVURJKSA-N,-3.442926828314792
GSOMXRHRADQEBE-UHFFFAOYSA-N__YIMATNRWPCRPAU-UHFFFAOYSA-N,-3.64433666666596
ZBHNYLWTNWHAQL-SFHVURJKSA-N__CLXUYCFBFFEJNH-UHFFFAOYSA-N,-0.3793664366797714
YIMATNRWPCRPAU-UHFFFAOYSA-N__GSOMXRHRADQEBE-UHFFFAOYSA-N,-10.76477323985387
HQZPOJSCIXDZSC-QCFAMHMHSA-N__FUTROHTZZFOARC-LBPRGKRZSA-N,5.258190484322666
QTOFWZXIYWUTDF-DZGCQCFKSA-N__OQFHIYNTBXXBFJ-UHFFFAOYSA-N,-4.702736784905465
OQFHIYNTBXXBFJ-UHFFFAOYSA-N__QTOFWZXIYWUTDF-DZGCQCFKSA-N,-1.3180421554567312
FUTROHTZZFOARC-LBPRGKRZSA-N__HQZPOJSCIXDZSC-QCFAMHMHSA-N,1.8136812788341927
SDMJKAXLWSPIEZ-ONEGZZNKSA-N__HTYHYORTTZMYSZ-UHFFFAOYSA-N,-0.7069727420451961
HTYHYORTTZMYSZ-UHFFFAOYSA-N__SDMJKAXLWSPIEZ-ONEGZZNKSA-N,-0.2141044889273009
