id,error_x,dE_r2_single,dE_r2_boltz,dE_wb_single,nconf_ald,nconf_prod,std_ald_kcal,std_prod_kcal,prod_smiles,ald_smiles,dG_orca_kcal,dG_gxtb_kcal,dG_pred,error_y,boltz_corr,func_shift,dG_boltz,dG_wb97x
75245,,-24.54180928641037,-24.45972957100324,,10,10,13.478560742181156,28.50503437962205,CCCCC(C(=O)[N+]1([O-])C(F)CCC1(C(N)=O)c1ccccn1)C(NO)C(=O)C(O)C(NO)C(CCCC)C(=O)[N+]1([O-])C(F)CCC1(C(N)=O)c1ccccn1,CCCC[C@H](C(C=O)NO)C(=O)[N+]1(C(CCC1(C2=CC=CC=N2)C(=O)N)F)[O-],29.65117693734021,-12.148,9.04001583849482,20.61116109884539,0.08207971540712933,,29.73325665274734,
117833,,-36.24588287385779,-35.42622764910834,,10,10,2.1105074292857733,19.71260480233181,COc1ccccc1P(Cl)(CC(=O)C(O)CP(Cl)(c1ccccc1)(c1ccccc1)c1ccccc1OC)(c1ccccc1)c1ccccc1,COC1=CC=CC=C1P(CC=O)(C2=CC=CC=C2)(C3=CC=CC=C3)Cl,48.10013165663872,25.7231,29.21754411896455,18.882587537674173,0.8196552247494466,,48.91978688138817,
77803,,-25.695464461027253,-29.26485922873489,,10,10,4.059991012662719,9.7314370953355,C=CC1CC(C(=O)N(C)OS(=O)c2ccc(C(F)(F)F)cc2)C1C(=O)C(O)C1C(C=C)CC1C(=O)N(C)OS(=O)c1ccc(C(F)(F)F)cc1,CN(C(=O)C1CC(C1C=O)C=C)OS(=O)C2=CC=C(C=C2)C(F)(F)F,45.93105405115428,26.6562,27.338004051333417,18.59304999982086,-3.569394767707635,,42.36165928344664,
90673,,8.693616887695441,5.685462206502199,,10,10,3.924826419780194,5.711950839106318,O=C(c1cn(C2OC(COP(O)OP(=O)(O)O)C(O)C2F)c(=O)nc1NO)C(O)c1cn(C2OC(COP(O)OP(=O)(O)O)C(O)C2F)c(=O)nc1NO,C1=C(C(=NC(=O)N1C2C([C@@H](C(O2)COP(O)OP(=O)(O)O)O)F)NO)C=O,14.468402794848926,23.7105,32.66932408508014,18.20092129023121,-3.0081546811932425,,11.460248113655684,
65792,,-12.566686650587195,-17.632251918086737,-10.301551547681932,10,10,0.6311683471165632,3.521505157630947,O=C(OS(=O)(=O)C(F)(F)F)C(C(=O)C(O)C(C(=O)OS(=O)(=O)C(F)(F)F)C(F)(F)F)C(F)(F)F,C(=O)C(C(=O)OS(=O)(=O)C(F)(F)F)C(F)(F)F,-5.320621643254694,15.8422,12.54259793306704,17.863219576321736,-5.065565267499542,2.2651351029052638,-10.386186910754237,-3.0554865403494302
215126,,-24.942440831427444,-24.419014391800182,,10,6,1.6000330090479875,2.5653895391783763,NC(N)=NCCCC(NC(=O)Cn1cncc(NS(=O)(=O)Cc2ccccc2)c1=O)C(=O)C(O)C(CCCN=C(N)N)NC(=O)Cn1cncc(NS(=O)(=O)Cc2ccccc2)c1=O,C1=CC=C(C=C1)CS(=O)(=O)NC2=CN=CN(C2=O)CC(=O)NC(CCCN=C(N)N)C=O,50.34170077869134,8.3167,33.94318795781231,16.398512820879027,0.5234264396272614,,50.865127218318605,
90084,,-16.96400214238438,-18.130098700482293,,10,10,2.1571898989629577,4.997850747296288,CNCCN(C(=O)NC(c1csc(C(F)(F)F)n1)C1CCC(C(F)(F)F)CC1)C(C)C(=O)C(O)C(C)N(CCNC)C(=O)NC(c1csc(C(F)(F)F)n1)C1CCC(C(F)(F)F)CC1,CC(C=O)N(CCNC)C(=O)NC(C1CCC(CC1)C(F)(F)F)C2=CSC(=N2)C(F)(F)F,18.16031191611465,-19.7778,2.470597997302974,15.689713918811677,-1.1660965580979124,,16.99421535801674,
53331,,-11.934353888594774,-21.124664135132758,,10,10,5.212122137059781,7.630641973354035,CCCOP1(F)=NP(F)(CCC(=O)C(O)CCP2(F)=NP(F)(OCCC)=NP(F)(OCCC)=NP(F)(OCCC)=N2)=NP(F)(OCCC)=NP(F)(OCCC)=N1,CCCOP1(=NP(=NP(=NP(=N1)(CCC=O)F)(OCCC)F)(OCCC)F)F,0.896578657257509,12.4571,16.454623276953445,15.558044619695936,-9.190310246537983,,-8.293731589280474,
121045,,8.820078897190252,7.223944362008825,,10,10,4.257610933253821,14.25647024599846,O=C(C(O)C(c1ccccc1)P(Cl)(c1ccccc1)(c1ccccc1)c1ccccc1)C(c1ccccc1)P(Cl)(c1ccccc1)(c1ccccc1)c1ccccc1,C1=CC=C(C=C1)C(C=O)P(C2=CC=CC=C2)(C3=CC=CC=C3)(C4=CC=CC=C4)Cl,34.46191628087726,11.3395,19.48147520664337,14.980441074233887,-1.5961345351814265,,32.865781745695834,
53835,,-10.063523469423853,-9.91188328066806,-9.01054102762831,10,10,1.7798293493922392,5.796067362805676,O=C(CP1(F)=NP(F)(F)=NP(F)(F)=N1)C(O)CP1(F)=NP(F)(F)=NP(F)(F)=N1,C(C=O)P1(=NP(=NP(=N1)(F)F)(F)F)F,28.623272892155903,6.3708,14.154969044972322,14.46830384718358,0.15164018875579188,1.0529824417955425,28.774913080911695,29.676255333951445
60459,,-20.1071869588539,-20.16736399703473,-25.3596988051014,10,10,1.0583253920907283,8.466810206798018,O=C(c1c(OS(=O)(=O)C(F)(F)F)ccc2cccnc12)C(O)c1c(OS(=O)(=O)C(F)(F)F)ccc2cccnc12,C1=CC2=C(C(=C(C=C2)OS(=O)(=O)C(F)(F)F)C=O)N=C1,-1.1740303322757395,-35.4794,-15.503361283239926,14.329330950964186,-0.060177038180828646,-5.252511846247497,-1.2342073704565681,-6.426542178523237
122392,,2.298752261500196,1.0893229892806688,,10,4,2.389439353183067,8.141199774436876,CS(=O)(=O)OCC(OCc1ccccc1)C(OCc1ccccc1)C(OCc1ccccc1)C(=O)C(O)C(OCc1ccccc1)C(OCc1ccccc1)C(COS(C)(=O)=O)OCc1ccccc1,CS(=O)(=O)OC[C@H]([C@H]([C@H](C=O)OCC1=CC=CC=C1)OCC2=CC=CC=C2)OCC3=CC=CC=C3,45.11185606158718,11.0887,30.81684639617937,14.295009665407813,-1.2094292722195272,,43.90242678936765,
47990,,-27.77612386396508,-28.69637637634033,,10,10,2.5189284787451656,5.132233141047494,Cc1c(Cl)c(C(F)(F)F)nn1C(C(=O)C(O)C(N1CC2CN(S(=O)(=O)c3ccc(F)cc3)CC2C1)n1nc(C(F)(F)F)c(Cl)c1C)N1CC2CN(S(=O)(=O)c3ccc(F)cc3)CC2C1,CC1=C(C(=NN1C(C=O)N2CC3CN(CC3C2)S(=O)(=O)C4=CC=C(C=C4)F)C(F)(F)F)Cl,-13.35980864884326,-5.6475,0.2875793521384162,13.647388000981676,-0.9202525123752494,,-14.280061161218509,
113902,,-15.938269504813322,-18.304670479643036,-13.09626571926327,10,10,2.367872964478804,6.474070890792114,CC(OP(=O)(O)O)C(NC(=O)C(N)CO)C(=O)C(O)C(NC(=O)C(N)CO)C(C)OP(=O)(O)O,C[C@H]([C@@H](C=O)NC(=O)[C@H](CO)N)OP(=O)(O)O,20.93305762214821,21.6788,34.48974731633352,13.556689694185312,-2.3664009748297143,2.8420037855500517,18.566656647318496,23.77506140769826
29498,,-21.126760140429205,-25.098585922410575,,10,4,1.699992929810481,5.39955758986775,Cc1ccc(F)cc1S(=O)(=O)Nc1cccn(CC(=O)NC(CCCN=C(N)N)C(=O)C(O)C(CCCN=C(N)N)NC(=O)Cn2cccc(NS(=O)(=O)c3cc(F)ccc3C)c2=O)c1=O,CC1=C(C=C(C=C1)F)S(=O)(=O)NC2=CC=CN(C2=O)CC(=O)N[C@@H](CCCN=C(N)N)C=O,29.52931462208309,10.6533,16.004727562340094,13.524587059742997,-3.9718257819813694,,25.55748884010172,
53484,,-8.607614319035896,-9.143895943597204,,10,10,2.8191354350543683,4.257978692541832,CC(C(N)=O)=C(Nc1cccc(CC(=O)C(O)Cc2cccc(NC(SC(C)c3c(F)cc(C(C)(C)O)cc3F)=C(C)C(N)=O)n2)n1)SC(C)c1c(F)cc(C(C)(C)O)cc1F,CC(C1=C(C=C(C=C1F)C(C)(C)O)F)S/C(=C(\C)/C(=O)N)/NC2=CC=CC(=N2)CC=O,-3.940725102636586,9.6038,9.359593574798655,13.300318677435245,-0.5362816245613082,,-4.477006727197894,
20572,,-12.901364127453448,-12.838929772372383,,10,10,0.9434141705908357,2.056394317940383,CC(=O)NCCCC(=O)N1CCN(c2cccc(C(=O)C(O)c3cccc(N4CCN(C(=O)CCCNC(C)=O)CC4=O)c3)c2)C(=O)C1,CC(=O)NCCCC(=O)N1CCN(C(=O)C1)C2=CC=CC(=C2)C=O,0.0069939217689046,6.3072,12.81827661814062,12.811282696371716,0.06243435508106465,,0.06942827684996924,
32211,,-7.66670567395193,-8.302258377011531,,10,10,2.076866555228331,4.113576573009758,CC(=O)NC(Cc1cc(F)cc(F)c1)C(O)CNC1(c2cccc(-c3ccc(C(=O)C(O)c4ccc(-c5cccc(C6(NCC(O)C(Cc7cc(F)cc(F)c7)NC(C)=O)CC6)c5)s4)s3)c2)CC1,CC(=O)NC(CC1=CC(=CC(=C1)F)F)C(CNC2(CC2)C3=CC=CC(=C3)C4=CC=C(S4)C=O)O,5.918390606460856,19.295,18.68231271813567,12.763922111674812,-0.6355527030596013,,5.282837903401255,
107445,,-20.55389772685959,-18.06003296321833,,10,10,4.207388060929416,4.212438271793068,CNC(=O)CCC(C(=O)C(O)C(CCC(=O)NC)n1nc(Cl)c2cc(N3CCNCC3)c(C(F)F)cc21)n1nc(Cl)c2cc(N3CCNCC3)c(C(F)F)cc21,CNC(=O)CCC(C=O)N1C2=CC(=C(C=C2C(=N1)Cl)N3CCNCC3)C(F)F,-8.239905142125444,1.1902,4.482195597619145,12.72210073974459,2.493864763641259,,-5.746040378484185,
54241,,-14.003834135289006,-15.146600609002686,,10,10,1.2881947941916998,3.252345804279156,CC(NC(=O)c1ccc(F)c(F)c1)C(=O)N1CCCC1C(=O)NC(CC(=O)O)C(=O)C(O)C(CC(=O)O)NC(=O)C1CCCN1C(=O)C(C)NC(=O)c1ccc(F)c(F)c1,CC(C(=O)N1CCC[C@H]1C(=O)NC(CC(=O)O)C=O)NC(=O)C2=CC(=C(C=C2)F)F,19.01607005073497,-6.3365,6.753955453621294,12.26211459711368,-1.1427664737136798,,17.87330357702129,
36417,,43.463641736648256,36.94179445965639,,10,10,2.764258523432405,13.843747157676242,CC(C)(C)c1cc(C(=O)C(O)c2ccc(OS(=O)(=O)C(F)(F)C(F)(F)C(F)(F)S(=O)(=O)O)c(C(C)(C)C)c2)ccc1OS(=O)(=O)C(F)(F)C(F)(F)C(F)(F)S(=O)(=O)O,CC(C)(C)C1=C(C=CC(=C1)C=O)OS(=O)(=O)C(C(C(F)(F)S(=O)(=O)O)(F)F)(F)F,37.5208316182105,4.6378,25.268342993547336,12.252488624663163,-6.521847276991863,,30.998984341218637,
187015,,-15.46557750344196,-15.56054214781715,,10,10,2.3530519593713057,4.497770198385881,NC(=O)C(Oc1cccc(B(O)O)c1C(=O)C(O)c1c(OC(C(N)=O)c2ccc(F)cc2)cccc1B(O)O)c1ccc(F)cc1,B(C1=C(C(=CC=C1)OC(C2=CC=C(C=C2)F)C(=O)N)C=O)(O)O,11.391138321724256,7.1743,23.549063956462508,12.157925634738252,-0.09496464437519059,,11.296173677349065,
70774,,-1.2291769075181294,-1.375865484792396,,10,10,4.485298333797714,7.915217972515798,CCN(CC)c1ccc(C(=O)C(O)c2ccc(N(CC)CC)cc2OS(=O)(=O)C(F)(F)F)c(OS(=O)(=O)C(F)(F)F)c1,CCN(CC)C1=CC(=C(C=C1)C=O)OS(=O)(=O)C(F)(F)F,56.53072410953504,63.5082,68.67702770382839,12.146303594293345,-0.14668857727426654,,56.384035532260775,
117158,,-9.240764864185527,-9.241901026416736,-6.055570705511633,10,10,3.155591740196568,4.5906202636521725,O=C(C(O)C(OP(=O)(O)O)C(O)C(O)COP(=O)(O)O)C(OP(=O)(O)O)C(O)C(O)COP(=O)(O)O,C([C@H]([C@H]([C@H](C=O)OP(=O)(O)O)O)O)OP(=O)(O)O,0.2036145523792915,8.8748,12.34746038243446,12.143845830055168,-0.001136162231208715,3.1851941586738945,0.20247839014808278,3.388808711053186
67988,,-17.203133801094328,-18.032526405713693,,10,4,1.0235823915288764,1.496105626335572,Cc1nc(C)n(CCC(NC(=O)c2ncn(Cc3ccccc3F)n2)C(=O)C(O)C(CCn2c(C)nc(C)c2N(C)C)NC(=O)c2ncn(Cc3ccccc3F)n2)c1N(C)C,CC1=C(N(C(=N1)C)CCC(C=O)NC(=O)C2=NN(C=N2)CC3=CC=CC=C3F)N(C)C,-17.615048633356885,-0.5605,-5.613300325350908,12.001748308005975,-0.8293926046193647,,-18.44444123797625,
12635,,-44.02161059065842,-41.823141185071,,10,10,6.173246897152555,5.52021129865582,O=C(c1cccn1C1OC(COP(=O)(O)OP(=O)(O)OP(=O)(O)O)C(O)C1O)C(O)c1cccn1C1OC(COP(=O)(O)OP(=O)(O)OP(=O)(O)O)C(O)C1O,C1=CN(C(=C1)C=O)[C@H]2[C@@H]([C@@H]([C@H](O2)COP(=O)(O)OP(=O)(O)OP(=O)(O)O)O)O,50.82884439361722,12.0613,38.91263761024662,11.916206783370598,2.198469405587417,,53.027313799204634,
213099,,-17.10852338592343,-17.121763964038543,,10,10,1.764267692781925,3.466340590745173,O=C(c1c(I)ccc2c1CCC(NS(=O)(=O)c1ccc(Cl)cc1)C2)C(O)c1c(I)ccc2c1CCC(NS(=O)(=O)c1ccc(Cl)cc1)C2,C1CC2=C(CC1NS(=O)(=O)C3=CC=C(C=C3)Cl)C=CC(=C2C=O)I,18.59108772557441,-7.8849,6.766579274704677,11.824508450869734,-0.013240578115112811,,18.5778471474593,
90675,,1.273308714971638,1.1461032672806666,,10,10,2.5141963373450382,4.2370721941642415,COC(C(F)C(O)COP(O)O)n1cc(C(=O)C(O)c2cn(C(OC)C(F)C(O)COP(O)O)c(=O)nc2NO)c(NO)nc1=O,COC(C(C(COP(O)O)O)F)N1C=C(C(=NC1=O)NO)C=O,34.18091323428626,15.8287,22.47663651459595,11.70427671969031,-0.12720544769097142,,34.05370778659529,
54464,,-21.232417884027186,-21.055026993721363,,10,10,2.250882958929634,7.557637461835006,CC(=O)NC1C(O)C(F)C(O)(C(=O)C(O)C2(O)OC(C(O)C(O)CO)C(NC(C)=O)C(O)C2F)OC1C(O)C(O)CO,CC(=O)N[C@@H]1C(C([C@@](OC1[C@@H]([C@@H](CO)O)O)(C=O)O)F)O,-0.4821855700416357,6.3074,11.0755962344079,11.557781804449537,0.17739089030582278,,-0.3047946797358129,
5606,,-26.0420666676692,-28.333047692041823,-23.814778895662403,10,10,2.381223440894697,2.881254083806544,O=C(C(O)C(F)C(O)C(O)C(O)COP(=O)(O)O)C(F)C(O)C(O)C(O)COP(=O)(O)O,C([C@H]([C@H]([C@@H]([C@H](C=O)F)O)O)O)OP(=O)(O)O,22.270092558880325,3.9836,10.768547091132206,11.50154546774812,-2.2909810243726234,2.2272877720067967,19.9791115345077,24.497380330887122
91095,,-7.861847024387397,-7.842694908400905,,10,10,2.0054127683439207,3.584494695500746,O=C(c1c(N2CCN(C(=O)C(F)(F)F)CC2)cccc1S(=O)(=O)c1cccc(Cl)c1)C(O)c1c(N2CCN(C(=O)C(F)(F)F)CC2)cccc1S(=O)(=O)c1cccc(Cl)c1,C1CN(CCN1C2=C(C(=CC=C2)S(=O)(=O)C3=CC(=CC=C3)Cl)C=O)C(=O)C(F)(F)F,26.29391587567559,0.8749,14.807001940302284,11.486913935373307,0.01915211598649158,,26.31306799166208,
215108,,-17.852727548459576,-17.94639233083641,-17.832172792986277,10,10,0.875115244872868,1.7823749598865568,O=C(CCOS(=O)(=O)O)C(O)CCOS(=O)(=O)O,C(COS(=O)(=O)O)C=O,29.3389946561534,15.4198,17.900918620222164,11.438076035931235,-0.09366478237683395,0.02055475547329877,29.245329873776566,29.3595494116267
96853,,-14.628798232188192,-14.720281975642772,,10,10,2.2965071531915293,5.129902367067682,O=C(c1cn(C2CCC(F)(COP(=O)(O)O)O2)c(=S)[nH]c1=O)C(O)c1cn(C2CCC(F)(COP(=O)(O)O)O2)c(=S)[nH]c1=O,C1C[C@](O[C@H]1N2C=C(C(=O)NC2=S)C=O)(COP(=O)(O)O)F,21.647765559288025,2.3247,10.278726874280697,11.369038685007329,-0.09148374345457988,,21.556281815833444,
12864,,-8.71138460315437,-7.744510014200886,,10,10,3.252831845866229,5.78793127476969,CC(C)CC(NC(=O)OCc1ccccc1)C(=O)NC(CC(C)C)C(=O)NC(CCCN)C(=O)C(O)C(CCCN)NC(=O)C(CC(C)C)NC(=O)C(CC(C)C)NC(=O)OCc1ccccc1,CC(C)C[C@@H](C(=O)N[C@@H](CCCN)C=O)NC(=O)[C@H](CC(C)C)NC(=O)OCC1=CC=CC=C1,6.70247098468939,5.6644,18.06325302031556,11.360782035626167,0.966874588953484,,7.669345573642874,
104471,,-17.107218268196437,-20.70024602894901,,10,10,1.1870413373322657,3.202336609935972,O=C(CCCCC(=O)OCC(=O)C(O)COC(=O)CCCCC(=O)Nc1ccn(C2OC(CO)C(O)C2(F)F)c(=O)n1)Nc1ccn(C2OC(CO)C(O)C2(F)F)c(=O)n1,C1=CN(C(=O)N=C1NC(=O)CCCCC(=O)OCC=O)[C@H]2C([C@@H]([C@H](O2)CO)O)(F)F,16.360549845162822,-10.903,5.078896954877177,11.281652890285644,-3.593027760752573,,12.767522084410249,
192638,,-0.1400334636640393,3.98428586213632,-8.4104507601988,10,10,3.1024582701555032,10.283215221062305,COc1cc(F)c(C(=O)C(O)c2c(F)cc(OC)cc2S(=O)(=O)Cl)c(S(=O)(=O)Cl)c1,COC1=CC(=C(C(=C1)S(=O)(=O)Cl)C=O)F,26.95652261116536,-6.2449,15.780742403511294,11.175780207654068,4.124319325800359,-8.270417296534761,31.08084193696572,18.686105314630602
44817,,-10.43171048586548,-10.29189802504834,,10,10,3.2061755397034237,5.092812989096028,CN(N)C(C(=O)C(O)C(N(C)N)N1CCC(c2nc(C3=NOC(c4c(F)cccc4F)C3)cs2)CC1)N1CCC(c2nc(C3=NOC(c4c(F)cccc4F)C3)cs2)CC1,CN(C(C=O)N1CCC(CC1)C2=NC(=CS2)C3=NOC(C3)C4=C(C=CC=C4F)F)N,17.05578948335744,-1.2628,5.939817123373913,11.115972359983529,0.13981246081714005,,17.19560194417458,
101977,,-18.36950171493284,-18.55543254304477,,10,10,0.8198511027070059,6.155891413470792,O=C(C(c1ccnc(NCCNS(=O)(=O)O)n1)c1ccccc1F)C(O)C(c1ccnc(NCCNS(=O)(=O)O)n1)c1ccccc1F,C1=CC=C(C(=C1)C(C=O)C2=NC(=NC=C2)NCCNS(=O)(=O)O)F,-6.705585293544289,-7.057,4.26210143934588,10.967686732890169,-0.1859308281119283,,-6.891516121656217,
70112,,-10.670871961090445,-10.375802201674858,,10,10,2.3644383456929448,4.397500378686214,CCNC1CC(C)n2c(C(=O)C(O)c3c(O)c(=O)c(C(=O)NCc4cccc(C)c4F)c4n3C(C)CC4NCC)c(O)c(=O)c(C(=O)NCc3cccc(C)c3F)c21,CCNC1C[C@@H](N2C1=C(C(=O)C(=C2C=O)O)C(=O)NCC3=CC=CC(=C3F)C)C,11.279980068014336,-0.3327,0.5490938987574866,10.730886169256848,0.2950697594155862,,11.575049827429922,
81520,,-0.7765883612366657,4.796132886159917,,10,10,8.991302543542206,6.022329798425272,CC(=NNC(=S)NCC(F)(F)F)C(=NNC(=S)NCC(F)(F)F)c1ccc(C(=O)C(O)c2ccc(C(=NNC(=S)NCC(F)(F)F)C(C)=NNC(=S)NCC(F)(F)F)cc2)cc1,C/C(=N\NC(=S)NCC(F)(F)F)/C(=N/NC(=S)NCC(F)(F)F)/C1=CC=C(C=C1)C=O,26.51312695230705,14.7874,16.07536415402014,10.437762798286917,5.572721247396583,,32.085848199703634,
27674,,-8.949358139031293,-9.817369599097438,,10,10,2.9262526452448947,6.315349813955861,Cc1ccc(S(=O)(=O)NC2(c3ccccc3)C=C(c3ccccc3)CC(C)C2C(=O)C(O)C2C(C)CC(c3ccccc3)=CC2(NS(=O)(=O)c2ccc(C)cc2)c2ccccc2)cc1,C[C@H]1CC(=C[C@]([C@@H]1C=O)(C2=CC=CC=C2)NS(=O)(=O)C3=CC=C(C=C3)C)C4=CC=CC=C4,27.000526838079285,12.212,16.606992760806676,10.393534077272609,-0.8680114600661444,,26.13251537801314,
53899,,-23.66959735430788,-23.813147860373626,,10,10,2.1403196980983377,4.191688017559846,CCCCN(CC(=O)C(O)CN(CCCC)C(=O)OCN(c1ccc(F)cc1Cl)S(=O)(=O)C1CCCC=C1C)C(=O)OCN(c1ccc(F)cc1Cl)S(=O)(=O)C1CCCC=C1C,CCCCN(CC=O)C(=O)OCN(C1=C(C=C(C=C1)F)Cl)S(=O)(=O)C2CCCC=C2C,0.3635669533548646,2.1645,10.747961544974462,10.384394591619598,-0.14355050606574693,,0.22001644728911768,
52129,,-23.60364971242532,-22.535485557822117,,10,10,2.445576516264314,1.7738030687599815,CC(C)Oc1ccc(S(=O)(=O)N2CCC(c3cn(CC(=O)C(O)Cn4cc(C5CCN(S(=O)(=O)c6ccc(OC(C)C)cc6)C5)c5cc(F)ccc54)c4ccc(F)cc34)C2)cc1,CC(C)OC1=CC=C(C=C1)S(=O)(=O)N2CCC(C2)C3=CN(C4=C3C=C(C=C4)F)CC=O,12.894914793837671,-7.4507,2.5314970318960706,10.3634177619416,1.0681641546032026,,13.963078948440874,
15069,,-18.452995049271617,-17.362072255916477,-19.63376133004641,10,10,1.4406938481969682,3.9635529954746263,COc1c(C)ncc(COP(=O)(O)O)c1C(=O)C(O)c1c(COP(=O)(O)O)cnc(C)c1OC,CC1=NC=C(C(=C1OC)C=O)COP(=O)(O)O,13.783525110445815,-14.0031,3.427172432337734,10.35635267810808,1.0909227933551406,-1.1807662807747938,14.874447903800956,12.602758829671021
101708,,-16.461881181623237,-18.53203352580445,,10,10,2.188172346323972,4.541691188727602,NC(=O)CCC1CN(c2ccc(N3CCOCC3F)cc2)C(C(=O)C(O)C2OC(CCC(N)=O)CN2c2ccc(N3CCOCC3F)cc2)O1,C1COCC(N1C2=CC=C(C=C2)N3C[C@@H](OC3C=O)CCC(=O)N)F,-8.744589501396877,2.0847,1.5472446283758554,10.291834129772733,-2.0701523441812135,,-10.81474184557809,
53175,,-14.847963088462391,-20.350676263509047,,10,10,2.1099409270692204,3.0824167352028584,O=C(CCc1ccc(OCc2cccc3c2N(S(=O)(=O)c2ccccc2)CCC3)cc1F)C(O)CCc1ccc(OCc2cccc3c2N(S(=O)(=O)c2ccccc2)CCC3)cc1F,C1CC2=C(C(=CC=C2)COC3=CC(=C(C=C3)CCC=O)F)N(C1)S(=O)(=O)C4=CC=CC=C4,2.9995827173593,3.347,13.24734556994415,10.247762852584849,-5.502713175046656,,-2.503130457687356,
92808,,-14.438781169516528,-15.481152623539378,,10,10,3.981099944950098,7.411582416053447,CC(=O)N(I)C(C(=O)N1CCCC1C(=O)C(O)C1CCCN1C(=O)C(N(I)C(C)=O)C(F)(F)P)C(F)(F)P,CC(=O)N(C(C(=O)N1CCC[C@H]1C=O)C(F)(F)P)I,26.657561103089545,10.9666,16.44748569083484,10.210075412254708,-1.0423714540228506,,25.615189649066693,
197334,,-3.5557079660181263,-4.189306055665599,,10,10,3.8826980855223496,5.157901341557597,O=C(c1c[nH]c2cccc(NS(=O)(=O)c3ccc(C(F)(F)F)cc3)c12)C(O)c1c[nH]c2cccc(NS(=O)(=O)c3ccc(C(F)(F)F)cc3)c12,C1=CC2=C(C(=C1)NS(=O)(=O)C3=CC=C(C=C3)C(F)(F)F)C(=CN2)C=O,43.33714806330644,21.809,33.14614845400769,10.19099960929875,-0.6335980896474731,,42.703549973658966,
83034,,-5.93466870406614,-6.10792598063707,,10,10,3.688083861082294,3.733511921434567,O=C(Nc1cc2cn(C3CCC(C(=O)C(O)C4CCC(n5cc6cc(NC(=O)c7cnn8cccnc78)c(C(F)F)cc6n5)CC4)CC3)nc2cc1C(F)F)c1cnn2cccnc12,C1CC(CCC1C=O)N2C=C3C=C(C(=CC3=N2)C(F)F)NC(=O)C4=C5N=CC=CN5N=C4,-1.2352408356765183,10.6827,8.933991415947666,10.169232251624184,-0.17325727657093015,,-1.4084981122474485,
205370,,-7.051354335258576,-8.060856114549543,,10,10,3.60267028570187,4.139639366168228,CC(C)C(NC(=O)c1ccc(N)c(Cl)c1)C(=O)N1CCNCC1C(=O)NC(CC(=O)O)C(=O)C(O)C(CC(=O)O)NC(=O)C1CNCCN1C(=O)C(NC(=O)c1ccc(N)c(Cl)c1)C(C)C,CC(C)[C@@H](C(=O)N1CCNCC1C(=O)N[C@@H](CC(=O)O)C=O)NC(=O)C2=CC(=C(C=C2)N)Cl,23.844734074474,9.7503,13.765559399626394,10.079174674847607,-1.0095017792909662,,22.835232295183033,
81175,,-19.89908368607921,-14.87686135280776,,10,10,1.6242681310911524,4.888609566086086,O=C(c1c(Oc2cc(F)cc(Cl)c2)cccc1S(=O)(=O)C(F)(F)F)C(O)c1c(Oc2cc(F)cc(Cl)c2)cccc1S(=O)(=O)C(F)(F)F,C1=CC(=C(C(=C1)S(=O)(=O)C(F)(F)F)C=O)OC2=CC(=CC(=C2)Cl)F,23.132429953461312,-0.7001,13.054825707078235,10.077604246383077,5.022222333271449,,28.154652286732762,
106638,,-26.58439135800685,-26.505018315452094,,10,10,2.504260219402052,5.059711940429859,CNC(=O)NC1(C(=O)C(O)C2(NC(=O)NC)CCCC2CNS(=O)c2ccc(-c3cc(F)c(F)c(F)c3)cc2)CCCC1CNS(=O)c1ccc(-c2cc(F)c(F)c(F)c2)cc1,CNC(=O)NC1(CCCC1CNS(=O)C2=CC=C(C=C2)C3=CC(=C(C(=C3)F)F)F)C=O,15.218773352227998,-15.4926,5.161057450664529,10.05771590156347,0.07937304255475652,,15.298146394782755,
39930,,-25.40811824880892,-25.90173765416356,,10,10,0.899449243817071,8.255001432368028,COc1cc(OC)c(C=CS(=O)(=O)Cc2ccc(OC)c(NC(=O)C(F)(F)C(=O)C(O)C(F)(F)C(=O)Nc3cc(CS(=O)(=O)C=Cc4c(OC)cc(OC)cc4OC)ccc3OC)c2)c(OC)c1,COC1=C(C=C(C=C1)CS(=O)(=O)/C=C/C2=C(C=C(C=C2OC)OC)OC)NC(=O)C(C=O)(F)F,-7.253832909600972,6.006,2.769607185871178,10.02344009547215,-0.493619405354643,,-7.747452314955615,
71062,,-19.94021394314283,-21.675399590718715,,10,10,1.0795353064072288,3.4558104505712928,CC(C)C(NC(=O)c1cc(C2CC2)c(COc2cc(Cl)cc(OC(F)(F)F)c2)cc1F)C(=O)C(O)C(NC(=O)c1cc(C2CC2)c(COc2cc(Cl)cc(OC(F)(F)F)c2)cc1F)C(C)C,CC(C)C(C=O)NC(=O)C1=C(C=C(C(=C1)C2CC2)COC3=CC(=CC(=C3)Cl)OC(F)(F)F)F,-0.7328077080404127,-6.1513,9.270010377933438,10.002818085973852,-1.7351856475758858,,-2.4679933556162985,
129490,,-9.555728847728863,-5.302162538698562,,10,10,2.180827663164681,4.2127616371903,O=C(c1ccccc1OCC(O)CN(Cc1cccc(F)c1)C1CCS(=O)(=O)C1)C(O)c1ccccc1OCC(O)CN(Cc1cccc(F)c1)C1CCS(=O)(=O)C1,C1CS(=O)(=O)CC1N(CC2=CC(=CC=C2)F)CC(COC3=CC=CC=C3C=O)O,26.24435462573765,8.79,16.241681145852393,10.002673479885257,4.253566309030301,,30.49792093476795,
138398,,-16.347481667170175,-16.955665761761924,,10,10,2.655596078388355,3.5775412325525107,CN(c1cn(-c2ccc(F)cc2)nn1)N(C(=O)C1OC1C(=O)O)C(Cc1cscn1)C(=O)C(O)C(Cc1cscn1)N(C(=O)C1OC1C(=O)O)N(C)c1cn(-c2ccc(F)cc2)nn1,CN(C1=CN(N=N1)C2=CC=C(C=C2)F)N([C@@H](CC3=CSC=N3)C=O)C(=O)[C@@H]4[C@H](O4)C(=O)O,-3.755758907309877,-24.7959,-13.739739424359732,9.983980517049854,-0.6081840945917492,,-4.363943001901626,
97845,,-1.6169929783435044,-3.463093415936368,,10,10,1.0423356023124604,3.8471958244277378,COc1cc(OC)nc(NC(=O)NNS(=O)(=O)c2ccc(F)cc2C2(C(=O)C(O)C3(c4cc(F)ccc4S(=O)(=O)NNC(=O)Nc4nc(OC)cc(OC)n4)CC3)CC2)n1,COC1=CC(=NC(=N1)NC(=O)NNS(=O)(=O)C2=C(C=C(C=C2)F)C3(CC3)C=O)OC,48.97302049973929,32.9783,39.189782717307246,9.783237782432046,-1.8461004375928638,,47.126920062146425,
97729,,-22.44737346030962,-24.26087991592889,,10,10,1.312530899702724,2.2275926181428445,CC(C)C1=NN(C(=O)NC(C)(C)CF)C(C(=O)C(O)C2N(N)C(C(C)C)=NN2C(=O)NC(C)(C)CF)N1N,CC(C)C1=NN(C(N1N)C=O)C(=O)NC(C)(C)CF,1.7283768132083652,-17.2294,-8.014501187020128,9.742878000228494,-1.8135064556192688,,-0.0851296424109036,
81916,,-21.400407488578544,-24.45301833740865,,10,10,2.0397643641107748,5.747279659522716,C=CC=C(C=CCC(=O)C(O)CC=CC(=CC=C)C1C=C(CCCOC)C=NC(c2cc(F)c(OC)c(F)c2)C1)C1C=C(CCCOC)C=NC(c2cc(F)c(OC)c(F)c2)C1,COCCCC1=CC(CC(N=C1)C2=CC(=C(C(=C2)F)OC)F)/C(=C/C=C)/C=C\CC=O,2.313663309759293,3.9225,12.012195393423475,9.698532083664183,-3.0526108488301062,,-0.7389475390708133,
81434,,-13.079216595320805,-13.67860354243141,,10,10,2.035040612811148,3.2528013879645146,CN(C)C=Cc1cc(-c2c(F)ccc3cc(C(=O)N4CCC(F)(F)CC4)ccc23)ccc1C(=O)C(O)c1ccc(-c2c(F)ccc3cc(C(=O)N4CCC(F)(F)CC4)ccc23)cc1C=CN(C)C,CN(C)/C=C\C1=C(C=CC(=C1)C2=C(C=CC3=C2C=CC(=C3)C(=O)N4CCC(CC4)(F)F)F)C=O,-2.4021869285784367,3.7769,7.237808542552452,9.639995471130888,-0.5993869471106059,,-3.0015738756890427,
70460,,-19.18982678141214,-16.874767106000277,,10,10,4.290298552840367,6.415791873735928,NC1C(C2CC2(C(=O)C(O)C2(C(F)(F)F)CC2C2CCCC(N3Cc4ccc(-c5nnc(C(F)F)o5)cc4C3=O)C2N)C(F)(F)F)CCCC1N1Cc2ccc(-c3nnc(C(F)F)o3)cc2C1=O,C1CC([C@H](C(C1)N2CC3=C(C2=O)C=C(C=C3)C4=NN=C(O4)C(F)F)N)C5CC5(C=O)C(F)(F)F,10.774166375420364,6.0475,20.39485417675558,9.620687801335215,2.315059675411863,,13.089226050832227,
205738,,-30.225038198042306,-30.20278190113698,,10,5,3.032382912115061,2.0313586985573013,COC(=O)CCC(N)(Cc1cccc(C(=N)N)c1)C(=O)NCC(=O)NC(CCCN=C(N)N)C(=O)C(O)C(CCCN=C(N)N)NC(=O)CNC(=O)C(N)(CCC(=O)OC)Cc1cccc(C(=N)N)c1,COC(=O)CC[C@@](CC1=CC(=CC=C1)C(=N)N)(C(=O)NCC(=O)N[C@@H](CCCN=C(N)N)C=O)N,-8.599018096031607,-20.8594,0.9844976829535064,9.583515778985111,0.022256296905325712,,-8.576761799126281,
131811,,-11.381946373081195,-12.86748732693226,-13.134942764540623,10,10,0.7538919086763247,2.7878336402868635,O=C(c1ccc(-c2cc(C(F)(F)F)c(S(=O)(=O)O)cc2Cl)o1)C(O)c1ccc(-c2cc(C(F)(F)F)c(S(=O)(=O)O)cc2Cl)o1,C1=C(OC(=C1)C2=CC(=C(C=C2Cl)S(=O)(=O)O)C(F)(F)F)C=O,24.246664667402705,-1.1405,14.696038862992015,9.550625804410688,-1.4855409538510642,-1.752996391459428,22.76112371355164,22.49366827594328
104654,,-17.678904380755096,-20.82532337681344,,10,10,0.9905498045479486,3.8454654391971,N#Cc1cccc(OCC2(C(=O)C(O)C3(COc4cccc(C#N)c4F)CN(S(=O)(=O)c4ccc(Cl)cc4Cl)C3)CN(S(=O)(=O)c3ccc(Cl)cc3Cl)C2)c1F,C1C(CN1S(=O)(=O)C2=C(C=C(C=C2)Cl)Cl)(COC3=CC=CC(=C3F)C#N)C=O,3.072218131542788,3.2568,12.602556575807036,9.530338444264247,-3.146418996058344,,-0.07420086451555585,
12948,,-23.778418456708284,-25.20307756313149,,10,10,2.167392042853137,4.235215580336905,CC(=O)NC(Cc1ccc(O)cc1)C(=O)NC(C(=O)NC(C)C(=O)NC(CC(=O)O)C(=O)C(O)C(CC(=O)O)NC(=O)C(C)NC(=O)C(NC(=O)C(Cc1ccc(O)cc1)NC(C)=O)C(C)C)C(C)C,C[C@@H](C(=O)N[C@H](CC(=O)O)C=O)NC(=O)[C@H](C(C)C)NC(=O)[C@H](CC1=CC=C(C=C1)O)NC(=O)C,17.168174337895508,-14.221,7.6538555550806,9.514318782814907,-1.4246591064232064,,15.743515231472301,
92124,,-19.431961994868477,-19.49838902609048,,10,10,1.6789392731969066,3.5727456850468293,CCC(S)(CC(=O)C(O)CC(S)(CC)NC(=O)c1ccc(=O)n(-c2ccccc2F)c1)NC(=O)c1ccc(=O)n(-c2ccccc2F)c1,CCC(CC=O)(NC(=O)C1=CN(C(=O)C=C1)C2=CC=CC=C2F)S,-1.004720965393897,12.1642,8.482736895748358,9.487457861142255,-0.06642703122200189,,-1.071147996615899,
85647,,-14.537294916580525,-12.858630120095832,,10,10,1.708375290845926,2.495446000216471,N#Cc1ccc(OC2CN(S(=O)(=O)c3ccc(C(=O)C(O)c4ccc(S(=O)(=O)N5CC(Oc6ccc(C#N)c(F)c6)C(O)(CO)C5)c(C#N)c4)cc3C#N)CC2(O)CO)cc1F,C1[C@@H]([C@](CN1S(=O)(=O)C2=C(C=C(C=C2)C=O)C#N)(CO)O)OC3=CC(=C(C=C3)C#N)F,-0.7347614525368039,13.7352,8.659532477492757,9.39429393002956,1.6786647964846928,,0.9439033439478889,
187522,,-17.934458048407233,-13.447206798165444,,10,10,1.356056977945465,8.758380854610527,O=C(c1c(N2CC(CS(=O)(=O)F)CC2=O)oc2ccccc2c1=O)C(O)c1c(N2CC(CS(=O)(=O)F)CC2=O)oc2ccccc2c1=O,C1C(CN(C1=O)C2=C(C(=O)C3=CC=CC=C3O2)C=O)CS(=O)(=O)F,41.94210153619006,43.8153,51.32980203018268,9.387700493992618,4.487251250241789,,46.42935278643185,
186751,,-6.559571374173203,-10.44028039342399,,10,10,2.470519608380629,3.953706642622493,O=C(c1cc(C(=O)N2CCC3CN(C(=O)C(F)(F)F)CC3C2)ccc1B(O)O)C(O)c1cc(C(=O)N2CCC3CN(C(=O)C(F)(F)F)CC3C2)ccc1B(O)O,B(C1=C(C=C(C=C1)C(=O)N2CCC3CN(CC3C2)C(=O)C(F)(F)F)C=O)(O)O,12.885810482147027,-5.3287,3.536688160310205,9.349122321836823,-3.880709019250787,,9.00510146289624,
121035,,-43.45417414447523,-45.68661617931304,,10,10,2.9478128009440083,12.962310336135658,CC(C(=O)C(O)C(C)P(Br)(c1ccccc1)(c1ccccc1)c1ccccc1)P(Br)(c1ccccc1)(c1ccccc1)c1ccccc1,CC(C=O)P(C1=CC=CC=C1)(C2=CC=CC=C2)(C3=CC=CC=C3)Br,40.87680373482801,24.4913,31.57566964524902,9.301134089578987,-2.23244203483781,,38.6443616999902,
25089,,-22.08352074051535,-18.584712168744197,,10,10,4.076203231333201,8.974519978175701,NC(C(=O)C(O)C(N)C(OP(=O)(O)OCC(=O)C(O)C(O)C(O)CO)C(O)C(O)CO)C(OP(=O)(O)OCC(=O)C(O)C(O)C(O)CO)C(O)C(O)CO,C([C@H]([C@H]([C@@H]([C@H](C=O)N)OP(=O)(O)OCC(=O)[C@H]([C@@H](C(CO)O)O)O)O)O)O,-13.457198417627934,-11.663,-4.1684061310636125,9.288792286564322,3.4988085717711535,,-9.95838984585678,
3407,,-11.3228118359838,-10.291298901090553,,10,10,2.804341039089292,6.536562668006752,CC(=O)NC(C(=O)C(O)C(NC(C)=O)C(O)C(O)C(O)COS(=O)(=O)O)C(O)C(O)C(O)COS(=O)(=O)O,CC(=O)N[C@@H](C=O)[C@H]([C@H]([C@@H](COS(=O)(=O)O)O)O)O,29.51816528149732,22.1926,20.237326252089545,9.280839029407773,1.0315129348932466,,30.549678216390568,
96917,,-4.66971167034209,-6.634134129786204,,10,10,2.5987220692081325,4.302132368457081,CN=CC(=CN)c1cc(F)c(Nc2cccc(NC)c2NCCC(=O)C(O)CCNc2c(NC)cccc2Nc2cc(C(F)F)c(C(C=NC)=CN)cc2F)cc1C(F)F,CNC1=C(C(=CC=C1)NC2=C(C=C(C(=C2)C(F)F)C(=CN)C=NC)F)NCCC=O,3.819187096198363,5.2633,13.059496324435116,9.240309228236752,-1.9644224594441146,,1.8547646367542483,
52135,,-24.94784099329471,-24.193154377304232,,10,10,1.3922702509081009,2.3727016954573075,Cc1cc2c(C3CCN(S(=O)(=O)c4ccc(OC(C)C)cc4)C3)cn(CC(=O)C(O)Cn3cc(C4CCN(S(=O)(=O)c5ccc(OC(C)C)cc5)C4)c4cc(C)c(F)cc43)c2cc1F,CC1=CC2=C(C=C1F)N(C=C2C3CCN(C3)S(=O)(=O)C4=CC=C(C=C4)OC(C)C)CC=O,3.9525604333768407,3.0866,13.188619770067255,9.236059336690415,0.7546866159904795,,4.70724704936732,
62207,,-12.442597441628797,-12.419005869763687,,10,10,3.630362930731393,3.4679966274532723,CN(CCF)CC(CC(=O)C(O)CC(CN(C)CCF)Nc1cc(-c2cnc(NC(=O)C3CC3)cn2)cnc1C#N)Nc1cc(-c2cnc(NC(=O)C3CC3)cn2)cnc1C#N,CN(CCF)C[C@H](CC=O)NC1=C(N=CC(=C1)C2=CN=C(C=N2)NC(=O)C3CC3)C#N,3.820981555705397,-22.2045,-5.383035941859454,9.204017497564852,0.02359157186510963,,3.8445731275705066,
182957,,-19.041578379042523,-18.980404858365173,,10,10,0.7603883974753635,3.609868926738117,COC1C2CC(CC2C(=O)C(O)C2CC3CC2C(OC)C3OC(=O)C(F)(F)S(=O)(=O)O)C1OC(=O)C(F)(F)S(=O)(=O)O,COC1C2CC(C1OC(=O)C(F)(F)S(=O)(=O)O)CC2C=O,39.8554275685648,20.6036,30.70959296615976,9.145834602405046,0.06117352067735027,,39.91660108924215,
69641,,-5.946623253495795,-5.895562007538648,,10,10,2.0260261263659105,7.644144835186368,CCOC(=O)c1cn2c(cc1=O)-c1cc(C(=O)C(O)c3cc4c(cc3OS(=O)(=O)C(F)(F)F)CC3(CCC3)n3cc(C(=O)OCC)c(=O)cc3-4)c(OS(=O)(=O)C(F)(F)F)cc1CC21CCC1,CCOC(=O)C1=CN2C(=CC1=O)C3=CC(=C(C=C3CC24CCC4)OS(=O)(=O)C(F)(F)F)C=O,20.655021624991004,18.7616,29.790974339723647,9.135952714732642,0.051061245957146895,,20.70608287094815,
53890,,-14.60919775329634,-14.57687564827022,,10,10,0.9577348816738144,3.981885407689776,O=C(c1cc2c(Cl)c(OS(=O)(=O)C(F)(F)F)ccc2n1CC(F)(F)F)C(O)c1cc2c(Cl)c(OS(=O)(=O)C(F)(F)F)ccc2n1CC(F)(F)F,C1=CC(=C(C2=C1N(C(=C2)C=O)CC(F)(F)F)Cl)OS(=O)(=O)C(F)(F)F,8.125345891520098,16.6436,17.23548728515135,9.110141393631253,0.032322105026119985,,8.157667996546218,
96244,,-24.24083246439717,-25.813165428566872,,10,10,1.789059986044583,4.814689249153329,CCCCC(NC(=O)C(N)Cc1c[nH]c2ccccc12)C(=O)NC(Cc1ccc(F)c(F)c1)C(=O)C(O)C(Cc1ccc(F)c(F)c1)NC(=O)C(CCCC)NC(=O)C(N)Cc1c[nH]c2ccccc12,CCCC[C@@H](C(=O)N[C@@H](CC1=CC(=C(C=C1)F)F)C=O)NC(=O)[C@H](CC2=CNC3=CC=CC=C32)N,8.509546959341566,-11.9394,-0.5937855622248165,9.103332521566385,-1.5723329641697035,,6.937213995171863,
196757,,2.731533226985719,10.992878961721782,-0.4462125159494857,10,10,2.0448945860364063,12.122241900052932,O=C(c1c(C(F)F)cc([N+](=O)[O-])cc1S(=O)(=O)Cl)C(O)c1c(C(F)F)cc([N+](=O)[O-])cc1S(=O)(=O)Cl,C1=C(C=C(C(=C1C(F)F)C=O)S(=O)(=O)Cl)[N+](=O)[O-],25.74707335832344,8.9169,16.67470605748629,9.07236730083715,8.261345734736064,-3.1777457429352047,34.0084190930595,22.569327615388236
104268,,10.62523849340331,8.914072704502097,,10,10,1.1935491399516067,9.225983699921208,O=C(c1cc(OS(=O)(=O)C(F)(F)F)ccc1C1CCN(c2ccc(F)cn2)C1)C(O)c1cc(OS(=O)(=O)C(F)(F)F)ccc1C1CCN(c2ccc(F)cn2)C1,C1CN(CC1C2=C(C=C(C=C2)OS(=O)(=O)C(F)(F)F)C=O)C3=NC=C(C=C3)F,41.14103956715544,29.889,32.1228323386727,9.018207228482735,-1.711165788901214,,39.429873778254226,
64383,,-23.831628650767247,-23.793547007662436,,10,10,0.2974863253462386,2.762110728676853,O=C(Nc1ccc(Oc2ccnc3cc(C4=CCC(C(=O)C(O)C5C=NC(c6cc7nccc(Oc8ccc(NC(=O)NC9CC9)cc8F)c7s6)=CC5)C=N4)sc23)c(F)c1)NC1CC1,C1CC1NC(=O)NC2=CC(=C(C=C2)OC3=C4C(=NC=C3)C=C(S4)C5=CCC(C=N5)C=O)F,10.697089971271748,-5.9412,1.6798160989569937,9.017273872314751,0.038081643104810325,,10.735171614376558,
34002,,-26.11238034617156,-24.752415864902392,,10,10,2.0408489555758456,4.527199977242884,O=C(c1c(F)c(=O)[nH]c(=O)n1C1OC(COP(=O)(O)O)C(O)C1O)C(O)c1c(F)c(=O)[nH]c(=O)n1C1OC(COP(=O)(O)O)C(O)C1O,C([C@@H]1[C@H]([C@H]([C@@H](O1)N2C(=C(C(=O)NC2=O)F)C=O)O)O)OP(=O)(O)O,3.472790806047412,-12.088,-5.543690632038102,9.016481438085512,1.3599644812691665,,4.832755287316578,
57868,,-25.247345129782406,-26.49246196911373,,10,10,3.702479815586306,8.255001432368028,COc1cc(OC)c(C=CS(=O)(=O)Cc2ccc(OC)c(NC(=O)C(F)(F)C(=O)C(O)C(F)(F)C(=O)Nc3cc(CS(=O)(=O)C=Cc4c(OC)cc(OC)cc4OC)ccc3OC)c2)c(OC)c1,COC1=C(C=C(C=C1)CS(=O)(=O)C=CC2=C(C=C(C=C2OC)OC)OC)NC(=O)C(C=O)(F)F,-6.596718365733562,7.3494,2.3673048307121007,8.964023196445662,-1.2451168393313239,,-7.841835205064886,
36410,,-19.85004002297313,-17.127731122802665,,10,10,10.53053341643534,14.352044066958944,O=C(c1cc(F)c(OS(=O)(=O)C(F)(F)C(F)(F)C(F)(F)S(=O)(=O)O)c(F)c1)C(O)c1cc(F)c(OS(=O)(=O)C(F)(F)C(F)(F)C(F)(F)S(=O)(=O)O)c(F)c1,C1=C(C=C(C(=C1F)OS(=O)(=O)C(C(C(F)(F)S(=O)(=O)O)(F)F)(F)F)F)C=O,44.16760359617921,23.599,35.24739722986355,8.92020636631566,2.7223089001704643,,46.88991249634968,
110717,,-35.88357890597384,-35.829726889799005,,10,10,1.7725472747364146,7.7329407717314,CC(O)C(C(=O)C(O)C(C(C)O)C1CC(SCCN=CN)C(C(=O)O)N1)C1CC(SCCN=CN)C(C(=O)O)N1,C[C@H]([C@@H](C=O)[C@H]1C[C@H]([C@@H](N1)C(=O)O)SCCN=CN)O,-22.80053077005969,-7.3876,-13.886316177222064,8.914214592837627,0.05385201617483659,,-22.746678753884854,
46596,,-14.144139748845715,-13.411997271504546,,10,10,3.970591694611276,6.544536871318598,CC(CN1CCC(c2ccc(F)cc2)C(C)(C)C1)C(NC(=O)OC(C)(C)C)C(=O)C(O)C(NC(=O)OC(C)(C)C)C(C)CN1CCC(c2ccc(F)cc2)C(C)(C)C1,CC(CN1CCC(C(C1)(C)C)C2=CC=C(C=C2)F)C(C=O)NC(=O)OC(C)(C)C,6.027498533884703,-18.144,-2.805375766377161,8.832874300261864,0.7321424773411689,,6.759641011225872,
171097,,-1.710374482140458,-2.804757027087956,,10,10,3.0274175385739683,9.08892167680616,O=C(c1c(Cl)cc(OC2CCCCO2)cc1OS(=O)(=O)C(F)(F)F)C(O)c1c(Cl)cc(OC2CCCCO2)cc1OS(=O)(=O)C(F)(F)F,C1CCO[C@@H](C1)OC2=CC(=C(C(=C2)Cl)C=O)OS(=O)(=O)C(F)(F)F,10.899804047376472,-7.6247,19.71923397676408,8.819429929387601,-1.0943825449474978,,9.805421502428974,
57840,,-21.78230892211368,-22.037608264777543,-18.40627602876623,10,10,0.4786219066030445,2.1540313118120538,O=C(C(O)C(F)P(=O)(O)O)C(F)P(=O)(O)O,C(=O)C(F)P(=O)(O)O,5.8707497947153096,-2.5422,-2.932795507614522,8.803545302329832,-0.25529934266386434,3.3760328933474497,5.615450452051445,9.246782688062758
199783,,-19.959558723617047,-19.629199737260848,,10,10,1.3724632721590535,5.00496351368056,O=C(O)c1ccccc1NN=Cc1cc(C(=O)C(O)c2cc(C=NNc3ccccc3C(=O)O)nc3[nH]c(=O)ccc23)c2ccc(=O)[nH]c2n1,C1=CC=C(C(=C1)C(=O)O)N/N=C/C2=CC(=C3C=CC(=O)NC3=N2)C=O,12.513143351942864,-5.7084,3.737333027878395,8.77581032406447,0.33035898635619887,,12.843502338299063,
24253,,-2.2766568992403764,-3.153462061942612,-3.589502625518964,10,10,0.429600383406965,3.48739239811187,O=C(c1ccc(CS(=O)(=O)O)o1)C(O)c1ccc(CS(=O)(=O)O)o1,C1=C(OC(=C1)C=O)CS(=O)(=O)O,27.450923149737385,5.4561,18.68384615118573,8.767076998551659,-0.8768051627022357,-1.3128457262785878,26.574117987035148,26.138077423458796
83205,,-24.582773337119782,-21.655088667895424,,10,10,2.605585283812554,2.793173068658896,CC(c1nc2c(F)cccc2[nH]1)C(CC(=O)C(O)CC(Nc1nc(Cc2ccc(F)cc2)no1)(C(N)=O)C(C)c1nc2c(F)cccc2[nH]1)(Nc1nc(Cc2ccc(F)cc2)no1)C(N)=O,C[C@H](C1=NC2=C(N1)C=CC=C2F)C(CC=O)(C(=O)N)NC3=NC(=NO3)CC4=CC=C(C=C4)F,-3.493196117969473,-7.7279,5.196615386814122,8.689811504783595,2.9276846692243588,,-0.5655114487451143,
3455,,-30.62279350261773,-28.32668659361642,,10,10,1.223439294731646,4.008462052625835,O=C(O)CC(NC(=O)C(CCCCNS(=O)(=O)c1cccc(C(=O)O)c1)c1ccccc1)C(=O)C(O)C(CC(=O)O)NC(=O)C(CCCCNS(=O)(=O)c1cccc(C(=O)O)c1)c1ccccc1,C1=CC=C(C=C1)C(CCCCNS(=O)(=O)C2=CC=CC(=C2)C(=O)O)C(=O)N[C@@H](CC(=O)O)C=O,-11.86138981279596,0.2611,-3.242719088955971,8.618670723839989,2.2961069090013098,,-9.56528290379465,
198103,,23.91533148002457,23.56639526131062,26.09586690159076,10,10,0.5884122359572401,16.542395447087504,O=C(c1cc2ccccc2nc1S(=O)(=O)F)C(O)c1cc2ccccc2nc1S(=O)(=O)F,C1=CC=C2C(=C1)C=C(C(=N2)S(=O)(=O)F)C=O,17.12282640083117,22.8894,25.730108364536058,8.607281963704889,-0.3489362187139484,2.1805354215661907,16.77389018211722,19.30336182239736
69204,,-16.742137147391492,-17.192482793357936,,10,10,0.7848542288938745,3.00136863893506,CCc1ccc(-c2ccc(C3=NOC(CC(NC)C(=O)C(O)C(CC4CC(c5ccc(-c6ccc(CC)cc6C)c(F)c5)=NO4)NC)C3)cc2F)c(C)c1,CCC1=CC(=C(C=C1)C2=C(C=C(C=C2)C3=NOC(C3)CC(C=O)NC)F)C,2.5267008650852087,4.8439,11.127318305384197,8.600617440298988,-0.45034564596644344,,2.0763552191187653,
60169,,-15.10747860585754,-15.41437702319438,,10,10,3.229482209639914,4.362679442920604,O=C(CCl)NC1CN(CC(NC(=O)c2ccc(F)cc2)C(=O)C(O)C(CN2CCOC(NC(=O)CCl)C2)NC(=O)c2ccc(F)cc2)CCO1,C1COC(CN1C[C@@H](C=O)NC(=O)C2=CC=C(C=C2)F)NC(=O)CCl,-8.503761520148108,2.2375,0.0739363215976727,8.577697841745781,-0.3068984173368392,,-8.810659937484948,
148834,,-28.219821143617608,-25.239421540159327,,10,10,1.8012874520574145,3.5887177650591418,CC=CCCC(CNS(=O)(=O)c1cc(C(F)(F)F)cc(C(F)(F)F)c1)C(=O)C(O)C(CCC=CC)CNS(=O)(=O)c1cc(C(F)(F)F)cc(C(F)(F)F)c1,C/C=C/CCC(CNS(=O)(=O)C1=CC(=CC(=C1)C(F)(F)F)C(F)(F)F)C=O,16.38159358942992,-0.7102,7.827791236783739,8.55380235264618,2.980399603458281,,19.3619931928882,
17538,,-3.4831888290594755,-3.6205501873160113,,10,10,4.5102742319803095,6.1668550835163,O=C(CCc1nc2c(C(=O)C(O)c3c(O)ccc4oc(CCC(=O)NCCN5CCOCC5)nc34)c(O)ccc2o1)NCCN1CCOCC1,C1COCCN1CCNC(=O)CCC2=NC3=C(O2)C=CC(=C3C=O)O,21.730628290094323,-4.8698,13.180330959799148,8.550297330295175,-0.13736135825653584,,21.59326693183779,
148746,,8.639556381919244,7.078541849375158,8.48457950985177,10,10,1.1863255236824912,7.306609716229096,COc1cc(Br)c(C(=O)C(O)c2cc(OS(=O)(=O)C(F)(F)F)c(OC)cc2Br)cc1OS(=O)(=O)C(F)(F)F,COC1=C(C=C(C(=C1)Br)C=O)OS(=O)(=O)C(F)(F)F,18.7036673756558,2.8789,10.170028568313631,8.533638807342165,-1.5610145325440854,-0.1549768720674738,17.142652843111716,18.548690503588325
114878,,-20.4912495028884,-20.963224953661324,,10,10,0.6934495763583258,3.2914178560726093,O=C(CNCCNc1cccc2c(S(=O)(=O)O)cccc12)C(O)CNCCNc1cccc2c(S(=O)(=O)O)cccc12,C1=CC2=C(C=CC=C2S(=O)(=O)O)C(=C1)NCCNCC=O,13.817464177286574,-6.9786,5.287079594278643,8.530384583007931,-0.47197545077292347,,13.34548872651365,
90873,,-8.942999853097009,-9.372950542509736,,10,10,2.95191527086752,6.318066096647964,CN=C(C(=CN)c1ccc(C(=O)C(O)c2ccc(C(=CN)C(=NC)c3c(F)c(Cl)cc(OC4CC4)c3C#N)cc2C(CN)=NNC)c(C(CN)=NNC)c1)c1c(F)c(Cl)cc(OC2CC2)c1C#N,CN/N=C(/CN)\C1=C(C=CC(=C1)/C(=C/N)/C(=NC)C2=C(C(=CC(=C2F)Cl)OC3CC3)C#N)C=O,10.332196581073331,16.2408,18.86178824074253,8.529591659669203,-0.4299506894127276,,9.902245891660604,
4025,,-28.216604927046586,-28.80877337742725,,10,10,2.359160481175148,4.221711453200692,CC(C)C(CC(=O)NCCn1c(-c2cccnc2)nc2ccccc21)C(=O)NC(CC(=O)O)C(=O)C(O)C(CC(=O)O)NC(=O)C(CC(=O)NCCn1c(-c2cccnc2)nc2ccccc21)C(C)C,CC(C)[C@H](CC(=O)NCCN1C2=CC=CC=C2N=C1C3=CN=CC=C3)C(=O)N[C@@H](CC(=O)O)C=O,7.702602995862129,13.6413,16.208537255198813,8.505934259336684,-0.5921684503806652,,7.110434545481464,
972,,-30.536887715498647,-26.21585870164489,,10,10,3.0459490610922315,4.235215580336905,CC(=O)NC(Cc1ccc(O)cc1)C(=O)NC(C(=O)NC(C)C(=O)NC(CC(=O)O)C(=O)C(O)C(CC(=O)O)NC(=O)C(C)NC(=O)C(NC(=O)C(Cc1ccc(O)cc1)NC(C)=O)C(C)C)C(C)C,C[C@@H](C(=O)NC(CC(=O)O)C=O)NC(=O)[C@H](C(C)C)NC(=O)[C@H](CC1=CC=C(C=C1)O)NC(=O)C,20.6569364072398,-13.8476,12.158088931334266,8.498847475905531,4.321029013853757,,24.977965421093558,
61025,,-18.16997233246205,-20.795039860146076,,10,6,0.7013050386097287,3.5769900779662964,CCN(Cc1cccc(F)n1)C(=O)C(Cc1c(F)cc(OCc2ccccc2)cc1F)C(=O)C(O)C(Cc1c(F)cc(OCc2ccccc2)cc1F)C(=O)N(CC)Cc1cccc(F)n1,CCN(CC1=NC(=CC=C1)F)C(=O)C(CC2=C(C=C(C=C2F)OCC3=CC=CC=C3)F)C=O,-2.1688834885230968,1.3337,6.315385517823656,8.484269006346754,-2.6250675276840276,,-4.793951016207124,
97917,,-21.631771536493822,-19.94020519462896,-19.102574397137484,10,10,1.6503547568856192,3.9292247497707455,O=C(C(O)C(F)(F)C(O)C(O)C(O)COP(=O)(O)O)C(F)(F)C(O)C(O)C(O)COP(=O)(O)O,C(C(C(C(C(C=O)(F)F)O)O)O)OP(=O)(O)O,10.714663964706965,-10.4181,2.2412285615543315,8.473435403152633,1.6915663418648634,2.529197139356338,12.406230306571828,13.243861104063303
196783,,8.48615848751654,8.507779863125059,12.810632168567755,10,10,1.3915667258657785,5.636411821857385,O=C(c1c([N+](=O)[O-])ccc(C(F)F)c1S(=O)(=O)Cl)C(O)c1c([N+](=O)[O-])ccc(C(F)F)c1S(=O)(=O)Cl,C1=CC(=C(C(=C1C(F)F)S(=O)(=O)Cl)C=O)[N+](=O)[O-],42.86833597785203,28.4636,34.41004198875109,8.458293989100937,0.02162137560851818,4.324473681051215,42.889957353460545,47.19280965890324
104209,,-10.879673154563491,-11.822603424027715,,10,10,3.37352169769793,3.807178646065237,NC(=O)c1cc(OCC2COC2)c(N(CCCC(=O)C(O)CCCN(NCc2ccc(F)cc2)c2c(OCC3COC3)cc(C(N)=O)cc2[N+](=O)[O-])NCc2ccc(F)cc2)c([N+](=O)[O-])c1,C1C(CO1)COC2=CC(=CC(=C2N(CCCC=O)NCC3=CC=C(C=C3)F)[N+](=O)[O-])C(=O)N,3.7827295074809353,4.488,12.191334936966523,8.408605429485588,-0.9429302694642239,,2.8397992380167114,
110663,,-20.454014531470712,-17.850762661864337,,10,10,1.9632732270509003,3.3150621139616794,NCCCCC(N)C(=O)NC(CN)C(=O)NC(Cc1ccc(O)cc1)C(=O)C(O)C(Cc1ccc(O)cc1)NC(=O)C(CN)NC(=O)C(N)CCCCN,C1=CC(=CC=C1C[C@H](C=O)NC(=O)[C@H](CN)NC(=O)[C@@H](CCCCN)N)O,2.802954289334158,3.105,11.20744564505608,8.404491355721923,2.6032518696063747,,5.406206158940533,
185505,,-9.820221540711598,-9.248026142398164,,10,10,2.557821656394591,4.150644488975318,CN(C(=O)OC(C)(C)C)C(C)(C(=O)C(O)C(C)(c1cn(C)nc1C(F)(F)F)N(C)C(=O)OC(C)(C)C)c1cn(C)nc1C(F)(F)F,CC(C)(C)OC(=O)N(C)C(C)(C=O)C1=CN(N=C1C(F)(F)F)C,23.022068484534955,-3.8596,14.629378990895225,8.392689493639732,0.5721953983134345,,23.594263882848388,
80337,,-18.3999690140264,-17.363092872018044,,10,10,1.2671565999343484,4.237370670960385,CCCCOc1nc(N)c([N+](=O)[O-])c(N(Cc2ccc(F)c(C(=O)C(O)c3cc(CN(c4nc(OCCCC)nc(N)c4[N+](=O)[O-])N(C)C(=O)OC(C)(C)C)ccc3F)c2)N(C)C(=O)OC(C)(C)C)n1,CCCCOC1=NC(=C(C(=N1)N(CC2=CC(=C(C=C2)F)C=O)N(C)C(=O)OC(C)(C)C)[N+](=O)[O-])N,6.1545004566502834,16.1908,14.521801938974637,8.367301482324354,1.0368761420083565,,7.19137659865864,
35395,,-14.34458822750352,-17.326171578396842,,10,7,2.5210973232365075,4.380257593516182,CC(=O)N(c1cc(C)[nH]c(=O)c1NS(=O)(=O)Cc1ccccc1F)C(CCCN=C(N)N)C(=O)C(O)C(CCCN=C(N)N)N(C(C)=O)c1cc(C)[nH]c(=O)c1NS(=O)(=O)Cc1ccccc1F,CC1=CC(=C(C(=O)N1)NS(=O)(=O)CC2=CC=CC=C2F)N([C@@H](CCCN=C(N)N)C=O)C(=O)C,-6.004522155926102,-8.0405,2.3349434519684955,8.339465607894597,-2.981583350893322,,-8.986105506819424,
203968,,-2.22032707667794,-6.756704012265783,1.4655635196081986,10,10,1.7211884364134376,3.82357916505655,O=C(c1ccc([N+](=O)[O-])cc1S(=O)(=O)O)C(O)c1ccc([N+](=O)[O-])cc1S(=O)(=O)O,C1=CC(=C(C=C1[N+](=O)[O-])S(=O)(=O)O)C=O,30.130685616230515,15.8016,21.84120583216625,8.28947978406427,-4.5363769355878425,3.685890596286139,25.594308680642673,33.81657621251665
121368,,-16.373559963724926,-16.642168280886438,,10,10,0.8934822024200071,2.245720591168733,Cc1ccc(S(=O)(=O)NC(CCc2ccccc2)CC(=O)C(O)CC(CCc2ccccc2)NS(=O)(=O)c2ccc(C)cc2)cc1,CC1=CC=C(C=C1)S(=O)(=O)N[C@H](CCC2=CC=CC=C2)CC=O,10.12614258986716,0.4297,1.838954401614013,8.287188188253147,-0.2686083171615117,,9.857534272705648,
6827,,-4.433122840326079,-6.499643239744211,,10,10,2.4855843709320307,4.572753919647973,CC(NC(=O)C(NC(=O)C(N)Cc1ccc(O)cc1)C(C)C)C(=O)NC(CC(=O)O)C(=O)C(O)C(CC(=O)O)NC(=O)C(C)NC(=O)C(NC(=O)C(N)Cc1ccc(O)cc1)C(C)C,C[C@@H](C(=O)N[C@@H](CC(=O)O)C=O)NC(=O)[C@H](C(C)C)NC(=O)[C@H](CC1=CC=C(C=C1)O)N,10.486246771397376,-8.979,2.200006130199496,8.28624064119788,-2.066520399418132,,8.419726371979245,
48693,,-12.50673085181527,-12.52185915507844,,10,10,3.46422228269524,4.362081871982353,CCCC(CNC(=O)c1ccccc1C(=O)C(O)c1ccccc1C(=O)NCC(CCC)NC(C)C(=O)NC(=O)Cc1cc(F)cc(F)c1)NC(C)C(=O)NC(=O)Cc1cc(F)cc(F)c1,CCCC(CNC(=O)C1=CC=CC=C1C=O)N[C@@H](C)C(=O)NC(=O)CC2=CC(=CC(=C2)F)F,25.50996195653307,4.7542,17.230573184652744,8.279388771880324,-0.01512830326316994,,25.4948336532699,
61138,,-22.54632410244346,-21.64534561824201,,10,10,2.6046230352350634,4.344922727161737,CC(=O)NC1C(N)C(F)C(F)(C(=O)C(O)C2(F)OC(C(O)C(O)CO)C(NC(C)=O)C(N)C2F)OC1C(O)C(O)CO,CC(=O)N[C@@H]1C([C@@H]([C@@](OC1[C@@H]([C@@H](CO)O)O)(C=O)F)F)N,-3.653039575720424,-6.8247,4.614694132914545,8.26773370863497,0.900978484201449,,-2.752061091518975,
74914,,-3.268636092105048,-3.538234258039348,,10,10,2.267268958090251,3.21164763766043,CN(Cc1cc(F)cc(F)c1)c1cc(C(=O)NCc2ccc(F)cc2)cnc1C(C)(C)C(=O)C(O)C(C)(C)c1ncc(C(=O)NCc2ccc(F)cc2)cc1N(C)Cc1cc(F)cc(F)c1,CC(C)(C=O)C1=C(C=C(C=N1)C(=O)NCC2=CC=C(C=C2)F)N(C)CC3=CC(=CC(=C3)F)F,25.757055091052504,4.2454,17.514175759172,8.242879331880502,-0.2695981659343003,,25.487456925118202,
213189,,-19.57490646474303,-20.28192378724105,,10,10,2.0969072735008787,3.0240827810708897,CC1(C)C2CC(CC(=O)C(O)CC3CC4CC(C3NC(=O)c3csc5ccc(OS(=O)(=O)c6ccccc6)cc35)C4(C)C)C(NC(=O)c3csc4ccc(OS(=O)(=O)c5ccccc5)cc34)C1C2,CC1([C@@H]2C[C@H]([C@@H]([C@H]1C2)NC(=O)C3=CSC4=C3C=C(C=C4)OS(=O)(=O)C5=CC=CC=C5)CC=O)C,3.2150616910424232,-1.4963,11.457387337231909,8.242325646189483,-0.7070173224980181,,2.508044368544405,
52633,,-18.98415713129181,-21.845500508610968,,10,10,1.9207585423106628,3.7234931705973247,CC(=O)Nc1ccc(C(=O)NCC(=O)N2CCCC2C(=O)NC(C)C(=O)C(O)C(C)NC(=O)C2CCCN2C(=O)CNC(=O)c2ccc(NC(C)=O)cc2F)c(F)c1,C[C@@H](C=O)NC(=O)[C@@H]1CCCN1C(=O)CNC(=O)C2=C(C=C(C=C2)NC(=O)C)F,6.440436043088625,-7.9005,-1.7872297097333556,8.22766575282198,-2.8613433773191588,,3.5790926657694664,
19462,,-10.754126481375115,-7.821470544906171,,10,10,0.8292192269727003,3.4769410740605777,O=C(CCC=CS(=O)(=O)c1cc(C(F)(F)F)cc(C(F)(F)F)c1)C(O)CCC=CS(=O)(=O)c1cc(C(F)(F)F)cc(C(F)(F)F)c1,C1=C(C=C(C=C1C(F)(F)F)S(=O)(=O)/C=C/CCC=O)C(F)(F)F,26.93337505163108,12.4645,18.728004970709183,8.205370080921895,2.9326559364689437,,29.866030988100025,
920,,-31.863917108503408,-29.179166642196865,,10,10,1.2743461644080063,4.488771092358922,CC(C)CC(NC(=O)OCc1ccccc1)C(=O)NC(CC1CCNC1=O)C(=O)C(O)C(CC1CCNC1=O)NC(=O)C(CC(C)C)NC(=O)OCc1ccccc1,CC(C)C[C@@H](C(=O)N[C@@H](CC1CCNC1=O)C=O)NC(=O)OCC2=CC=CC=C2,-2.867755698984005,-2.4537,5.264390581560226,8.132146280544232,2.684750466306543,,-0.18300523267746227,
182848,,-23.397772673615837,-21.05939282745143,,10,10,1.169932024418695,3.8539439590313513,CC(NC(=O)c1ccccc1)C(=O)N1CC(F)(F)CC1C(=O)NC(CC(=O)O)C(=O)C(O)C(CC(=O)O)NC(=O)C1CC(F)(F)CN1C(=O)C(C)NC(=O)c1ccccc1,C[C@@H](C(=O)N1CC(CC1C(=O)N[C@@H](CC(=O)O)C=O)(F)F)NC(=O)C2=CC=CC=C2,8.66423259573634,10.5639,16.781717447854245,8.117484852117904,2.3383798461644076,,11.002612441900748,
51631,,-14.445355750742316,-14.321605515735047,,10,10,2.3497224248901745,2.974414465851866,COc1ccc(C(=O)C(O)c2ccc(OC)c(N(CCCc3ccccc3)C(=O)n3nnn(-c4c(F)cccc4F)c3=O)c2)cc1N(CCCc1ccccc1)C(=O)n1nnn(-c2c(F)cccc2F)c1=O,COC1=C(C=C(C=C1)C=O)N(CCCC2=CC=CC=C2)C(=O)N3C(=O)N(N=N3)C4=C(C=CC=C4F)F,21.07421041277574,-0.9042,12.970543322312,8.103667090463741,0.12375023500726812,,21.19796064778301,
3456,,-25.829405350681725,-23.85688260977066,,10,10,1.9082045131718528,5.8569478271367865,O=C(O)CC(NC(=O)Cc1ccc(CNS(=O)(=O)c2ccc(O)c(C(=O)O)c2)s1)C(=O)C(O)C(CC(=O)O)NC(=O)Cc1ccc(CNS(=O)(=O)c2ccc(O)c(C(=O)O)c2)s1,C1=CC(=C(C=C1S(=O)(=O)NCC2=CC=C(S2)CC(=O)N[C@@H](CC(=O)O)C=O)C(=O)O)O,3.4880185278483578,2.1919,11.578332000333408,8.09031347248505,1.9725227409110637,,5.460541268759421,
78467,,-26.22189065528481,-26.463234126523663,,10,10,1.9008878406168197,4.817422696282282,CCOC(=O)c1ccccc1OC1(F)OCC(NC(=O)C(C)(C)C)C(F)C1C(=O)C(O)C1C(F)C(NC(=O)C(C)(C)C)COC1(F)Oc1ccccc1C(=O)OCC,CCOC(=O)C1=CC=CC=C1OC2(C(C(C(CO2)NC(=O)C(C)(C)C)F)C=O)F,10.921624941495224,17.1353,19.002375062929843,8.080750121434619,-0.2413434712388529,,10.680281470256372,
208576,,-8.950071572661338,-9.344516355749713,,10,10,1.465097516011169,3.602994832104137,CC(O)C1C(=O)N2C(C(=O)O)=C(c3cn4c(C(=O)C(O)c5ncc6sc(C7=C(C(=O)O)N8C(=O)C(C(C)O)C8C7C)cn56)ncc4s3)C(C)C12,C[C@@H]1[C@@H]2[C@H](C(=O)N2C(=C1C3=CN4C(=CN=C4C=O)S3)C(=O)O)[C@@H](C)O,11.581929305152483,1.0111,3.507625944201382,8.074303360951102,-0.3944447830883746,,11.187484522064109,
67106,,-23.36915663459297,-21.441292309849388,,10,10,3.709986098578255,6.35863077021468,CNC(=O)C(O)(CCC(=O)C(O)CCC(O)(C(=O)NC)N1Cc2c(OCc3ccc(CN4CCOCC4)cc3F)cccc2C1=O)N1Cc2c(OCc3ccc(CN4CCOCC4)cc3F)cccc2C1=O,CNC(=O)C(CCC=O)(N1CC2=C(C1=O)C=CC=C2OCC3=C(C=C(C=C3)CN4CCOCC4)F)O,9.21920837597986,3.92,1.1897373624864716,8.029471013493389,1.927864324743581,,11.147072700723442,
44480,,-14.467611732326752,-17.045854153305616,,10,10,3.44549712949292,5.407220305032109,CCCC(C(=O)NC(CC(=O)O)C(=O)CF)C(C(=O)C(O)C(C(CCC)C(=O)NC(CC(=O)O)C(=O)CF)n1c2ccccc2c2ccccc21)n1c2ccccc2c2ccccc21,CCC[C@@H](C(C=O)N1C2=CC=CC=C2C3=CC=CC=C31)C(=O)NC(CC(=O)O)C(=O)CF,21.134786781897763,17.0165,29.12723550358188,7.992448721684116,-2.5782424209788637,,18.5565443609189,
7292,,-1.2123634238394003,-7.489724564971799,,10,10,3.656495571693378,7.0903071950452485,O=C1NCCC1CC(NC(=O)C(CC1CCCCC1)NS(=O)(=O)c1cccc(Cl)c1)C(=O)C(O)C(CC1CCNC1=O)NC(=O)C(CC1CCCCC1)NS(=O)(=O)c1cccc(Cl)c1,C1CCC(CC1)C[C@@H](C(=O)N[C@@H](C[C@@H]2CCNC2=O)C=O)NS(=O)(=O)C3=CC(=CC=C3)Cl,-1.674908407148062,2.0885,6.310525777176568,7.98543418432463,-6.277361141132399,,-7.952269548280461,
82511,,-23.45951320003614,-20.78971587552531,,10,10,3.116138895062705,4.399776617253724,CN=C(C1=NOC(C(=O)NC(CC(=O)C(O)CC(NC(=O)C2CC(C(=NC)c3ccccc3C)=NO2)C(=O)CF)C(=O)CF)C1)c1ccccc1C,CC1=CC=CC=C1C(=NC)C2=NOC(C2)C(=O)N[C@@H](CC=O)C(=O)CF,17.647729332430696,12.2845,9.672394942964615,7.975334389466081,2.6697973245108315,,20.317526656941528,
110588,,-24.191646082205448,-19.281397231548063,,10,10,1.7418838495912543,3.6479527105506575,CC(C)(COP(=O)(O)OP(=O)(O)O)C(O)C(=O)NCCC(=O)C(O)CCNC(=O)C(O)C(C)(C)COP(=O)(O)OP(=O)(O)O,CC(C)(COP(=O)(O)OP(=O)(O)O)[C@H](C(=O)NCCC=O)O,30.83961209635154,10.8756,22.90570149888746,7.933910597464081,4.910248850657386,,35.749860947008926,
168143,,-14.502002666554382,-12.532999523142982,-20.94438518709289,10,10,3.100697417309427,3.923186878592321,N#Cc1cc(C(=O)C(O)c2cc(C#N)c(SC(F)(F)F)cc2S(=O)(=O)Cl)c(S(=O)(=O)Cl)cc1SC(F)(F)F,C1=C(C(=CC(=C1C#N)SC(F)(F)F)S(=O)(=O)Cl)C=O,26.807131987537343,10.8859,18.88784100489588,7.919290982641463,1.9690031434114008,-6.442382520538509,28.776135130948745,20.364749466998834
76259,,-32.83866271638178,-25.47162949207187,,10,10,3.719838513698309,4.658449928079166,C=C(Nc1cccc(F)c1)N(C)Cc1cccc2c1CN(C(CCC(=O)C(O)CCC(C(C)=O)N1Cc3c(CN(C)C(=C)Nc4cccc(F)c4)cccc3C1=N)C(C)=O)C2=N,CC(=O)C(CCC=O)N1CC2=C(C=CC=C2C1=N)CN(C)C(=C)NC3=CC(=CC=C3)F,-7.602016416295323,-3.8282,0.3063560439726611,7.908372460267985,7.367033224309914,,-0.2349831919854095,
4037,,-2.329542996216309,-2.3726093372380905,,10,10,4.700678840165496,2.7187842497916503,CSc1nc(Cl)c(C(=O)C(O)c2c(Cl)nc(SC)nc2NCCc2ccc(S(N)(=O)=O)cc2)c(NCCc2ccc(S(N)(=O)=O)cc2)n1,CSC1=NC(=C(C(=N1)Cl)C=O)NCCC2=CC=C(C=C2)S(=O)(=O)N,20.638845391701665,18.7114,28.498032719091057,7.859187327389392,-0.04306634102178153,,20.595779050679884,
212434,,-7.2739001987956255,-7.441534684680958,,10,10,4.5659682063583,4.7937419613801655,COCCOc1cc(Oc2ccccc2C(=O)C(O)c2ccccc2Oc2cc(OCCOC)c([N+](=O)[O-])cc2S(C)(=O)=O)c(S(C)(=O)=O)cc1[N+](=O)[O-],COCCOC1=CC(=C(C=C1[N+](=O)[O-])S(=O)(=O)C)OC2=CC=CC=C2C=O,10.655461415027958,5.5573,18.506170661249524,7.850709246221566,-0.16763448588533247,,10.487826929142624,
66718,,-20.932681178551157,-21.97277285455355,,10,10,1.1942681138601443,6.331178191523744,Cn1nccc1Nc1nccc(-c2cc3c(c(C(=O)C(O)c4cc(-c5ccnc(Nc6ccnn6C)n5)cc5c4N(C(=O)Cc4ccccc4F)CC5)c2)N(C(=O)Cc2ccccc2F)CC3)n1,CN1C(=CC=N1)NC2=NC=CC(=N2)C3=CC4=C(C(=C3)C=O)N(CC4)C(=O)CC5=CC=CC=C5F,22.723577601019343,-0.1025,14.875436794056734,7.8481408069626095,-1.040091676002394,,21.68348592501695,
49948,,-47.23292522850976,-39.144226462054775,,10,10,4.368379750513519,3.669722856221496,COc1ccc(-c2nc(C(=O)N3CCCC3C(=O)C(O)C3CCCN3C(=O)c3nc(-c4ccc(OC)c5nc(C(F)(F)F)ccc45)oc3C(C)N)c(C(C)N)o2)c2ccc(C(F)(F)F)nc12,C[C@@H](C1=C(N=C(O1)C2=C3C=CC(=NC3=C(C=C2)OC)C(F)(F)F)C(=O)N4CCC[C@H]4C=O)N,-9.801889767960931,-10.2006,-1.964468375414828,7.837421392546103,8.088698766454982,,-1.7131910015059493,
85681,,-19.27224030721249,-20.33716740553013,,10,10,1.3307354404214675,2.129635423659426,O=C(CCc1cn(-c2ccc(F)cc2)c(=O)c(C2=CCN=C2)n1)C(O)CCc1cn(-c2ccc(F)cc2)c(=O)c(C2=CCN=C2)n1,C1C=C(C=N1)C2=NC(=CN(C2=O)C3=CC=C(C=C3)F)CCC=O,12.626962555835023,-3.921,4.800244879219349,7.826717676615674,-1.0649270983176429,,11.56203545751738,
61715,,-14.059754792043538,-18.396480036039925,,10,10,1.914759799100308,4.506919876856596,CCC1(C(=O)C(O)C2(CC)OC(c3csc4c(NC(=O)c5ccccc5)ncnc34)C(F)C2C)OC(c2csc3c(NC(=O)c4ccccc4)ncnc23)C(F)C1C,CC[C@@]1([C@H]([C@H]([C@@H](O1)C2=CSC3=C2N=CN=C3NC(=O)C4=CC=CC=C4)F)C)C=O,7.531978448379094,4.4774,15.34510653403327,7.813128085654176,-4.336725243996387,,3.1952532043827073,
91269,,-20.977416583238707,-21.008476331760093,,10,10,3.761359514095661,4.413391715657582,CCOP(=O)(OCC)C(F)(F)c1sc2c(OCCCS(C)(=O)=O)cc(C(=O)C(O)c3cc(OCCCS(C)(=O)=O)c4sc(C(F)(F)P(=O)(OCC)OCC)c(C)c4c3)cc2c1C,CCOP(=O)(C(C1=C(C2=C(S1)C(=CC(=C2)C=O)OCCCS(=O)(=O)C)C)(F)F)OCC,29.75236254840879,14.2163,21.956535790080185,7.795826758328605,-0.031059748521386155,,29.721302799887404,
117648,,-11.914317912745924,-11.574790008446014,-13.531648087472549,10,10,0.615267242649458,2.3537922234429853,O=C(O)c1ccccc1S(=O)(=O)c1ccc(C(=O)C(O)c2ccc(S(=O)(=O)c3ccccc3C(=O)O)s2)s1,C1=CC=C(C(=C1)C(=O)O)S(=O)(=O)C2=CC=C(S2)C=O,22.44626086336672,0.7585,14.664450782657529,7.781810080709189,0.33952790429991,-1.617330174726625,22.78578876766663,20.828930688640096
96001,,-16.034526258573365,-15.09707456771463,,10,10,2.3481536713575832,5.888604364700606,CCN(C=C(C)C(=O)NN=Cc1ccccc1Cl)c1ccc(C(F)(F)F)cc1C(=O)C(O)c1cc(C(F)(F)F)ccc1N(C=C(C)C(=O)NN=Cc1ccccc1Cl)CC,CCN(/C=C(\C)/C(=O)N/N=C\C1=CC=CC=C1Cl)C2=C(C=C(C=C2)C(F)(F)F)C=O,-0.7476019015710286,-2.9728,7.028600543741339,7.776202445312368,0.9374516908587349,,0.18984978928770635,
58899,,-48.05653919659208,-48.10071829732791,,10,10,45.96554437710196,94.6734165537398,CCC(CC)(c1ccc(C(=O)C(O)c2ccc(C(CC)(CC)P(=O)(OF)OF)c(Br)c2)cc1Br)P(=O)(OF)OF,CCC(CC)(C1=C(C=C(C=C1)C=O)Br)P(=O)(OF)OF,9.226846218104068,18.9405,16.974508481655214,7.747662263551145,-0.04417910073583187,,9.182667117368236,
89150,,9.427039610936706,7.6761610659174355,,10,10,1.6240944725389297,2.856241357806143,Cc1nn(-c2cc(N(CCNC(=O)C(O)NCCN(CCN3N=CCC3c3cc(F)cc(F)c3)c3cc(-n4nc(C)c(C=O)c4C)ncn3)CCN3N=CCC3c3cc(F)cc(F)c3)ncn2)c(C)c1C=O,CC1=C(C(=NN1C2=CC(=NC=N2)N(CCNC=O)CCN3C(CC=N3)C4=CC(=CC(=C4)F)F)C)C=O,29.914441956574297,31.3797,37.62489321033016,7.710451253755867,-1.7508785450192708,,28.163563411555025,
103986,,-5.73274349293183,-9.064435873047689,,10,10,2.252255574403048,4.579550585407293,O=C(c1cc(C2CN(C(=O)OCc3ccccc3)CCC2(F)F)cn(C(F)C(F)F)c1=O)C(O)c1cc(C2CN(C(=O)OCc3ccccc3)CCC2(F)F)cn(C(F)C(F)F)c1=O,C1CN(CC(C1(F)F)C2=CN(C(=O)C(=C2)C=O)C(C(F)F)F)C(=O)OCC3=CC=CC=C3,9.288187053473314,12.8024,16.980354368897142,7.692167315423829,-3.331692380115859,,5.956494673357454,
103072,,-26.78996923890476,-26.03299580596135,,10,1,2.069090822946637,0.0,COc1ccc(C(=O)NC(S)C(CC(=O)NNC(=S)Nc2ccc(F)cc2)C(=O)C(O)C(CC(=O)NNC(=S)Nc2ccc(F)cc2)C(S)NC(=O)c2ccc(OC)cc2)cc1,COC1=CC=C(C=C1)C(=O)NC(C(CC(=O)NNC(=S)NC2=CC=C(C=C2)F)C=O)S,16.790158434282404,5.7044,9.103209761023717,7.686948673258689,0.7569734329434112,,17.547131867225815,
75854,,-19.2331501369239,-16.58390977085222,,10,10,2.600919307496145,4.650128375680298,CCOC(=O)CC(N(CC(=O)C(O)CN(C(CC(=O)OCC)C(F)(F)F)S(=O)(=O)c1cccc(Cl)c1F)S(=O)(=O)c1cccc(Cl)c1F)C(F)(F)F,CCOC(=O)C[C@H](C(F)(F)F)N(CC=O)S(=O)(=O)C1=C(C(=CC=C1)Cl)F,0.5789083070192813,7.6545,8.215804666575597,7.6368963595563155,2.6492403660716803,,3.2281486730909617,
206794,,-25.32280548754138,-22.88006767730881,,10,10,1.867586708613884,3.5418881402711877,O=C(c1cc([N+](=O)[O-])ccc1CS(=O)(=O)c1ccccc1)C(O)c1cc([N+](=O)[O-])ccc1CS(=O)(=O)c1ccccc1,C1=CC=C(C=C1)S(=O)(=O)CC2=C(C=C(C=C2)[N+](=O)[O-])C=O,-1.852021139360632,-2.3124,5.771390903126422,7.623412042487054,2.442737810232572,,0.5907166708719398,
100439,,-12.56303941176222,-17.80774587387702,,10,9,2.9077987245412484,5.319499097915588,CC(=NN1CCCCC1)c1csc(C2CCN(C(Cn3nc(C(F)(F)F)cc3C)C(=O)C(O)C(Cn3nc(C(F)(F)F)cc3C)N3CCC(c4nc(C(C)=NN5CCCCC5)cs4)CC3)CC2)n1,CC1=CC(=NN1CC(C=O)N2CCC(CC2)C3=NC(=CS3)C(=NN4CCCCC4)C)C(F)(F)F,22.37043617471303,7.6593,14.75166865038258,7.618767524330451,-5.2447064621148005,,17.12572971259823,
35966,,-21.01886772339515,-21.64321600858486,,10,10,2.0779405274180824,4.700466876811225,CCP(CC)C(CCC(=O)C(O)CCC(OC)(c1ccc(F)cc1)P(CC)CC)(OC)c1ccc(F)cc1,CCP(CC)C(CCC=O)(C1=CC=C(C=C1)F)OC,-1.5889774285921776,5.1299,6.019926618866882,7.60890404745906,-0.6243482851897113,,-2.213325713781889,
