id,error,cluster
73248,6.059697186102723,0
56364,5.402855576293383,2
24360,3.542997790446438,0
160792,3.147455087166323,1
3830,14.478428093058692,1
1711,9.440390777213954,3
125233,3.698807824729677,2
203611,3.7172912435363505,1
93144,5.456291509587235,2
90850,4.301374850972772,2
58899,5.08568213272601,1
39683,3.1997019015534534,3
191190,3.588895601203327,2
188325,5.439064544960512,1
111959,3.1414754424521227,1
29499,4.819249871785708,0
26497,5.5281384408971,0
14264,7.787092961614228,2
53835,16.31996823822524,1
144795,3.2879518011166966,1
63911,6.118676861598439,3
26104,3.546202217673714,0
79241,7.129017559374098,2
65150,3.305537013735469,0
43673,3.4152840690293287,0
52633,7.057565071408938,2
193046,4.7898783689228885,0
77936,6.250228736768831,2
92954,5.089179510216942,1
14938,3.27302377280205,0
29955,4.6411404153785725,3
108720,7.127796647027292,2
107000,4.473168411451949,1
98206,4.266154323392038,0
79692,4.239909342329717,0
192537,4.06651553013436,1
55910,9.011097244991529,3
125689,4.808305734425492,3
113788,4.46150902979785,0
54178,4.157367382757883,1
117292,4.232291695283147,0
14029,6.923735775345973,3
93609,3.1711214937318033,3
147064,4.656971951810702,0
61425,4.890664322299274,2
26919,3.1689664866197775,0
46728,5.1801567120442416,0
45808,7.928635849798233,1
335,4.956852965131429,1
123977,6.074955874343555,2
147654,5.026419204669724,1
107562,5.0660033180638955,0
203900,3.1374449760819973,2
77939,7.007881895209605,2
59806,10.428838578702896,2
28006,4.157543846865369,0
49474,4.401933624196637,2
65071,4.615261654516059,0
216738,4.2102112548030295,2
208917,5.6058280135831255,0
61956,5.7762004115523595,3
16301,4.090480603198873,0
112643,5.89997500597324,2
211012,5.240914475279997,3
77179,6.8200213330716535,0
142635,4.518402634538607,1
1999,3.682418916513871,3
199902,6.063916121455228,3
80645,4.7984821321777344,2
172943,3.712210973854911,0
14529,4.279176557299458,3
131969,5.6012523880286915,0
181966,14.648020233652101,3
81851,5.766135523399862,3
148583,5.7115338616079105,0
100355,4.7095778217745154,0
107176,3.7417834197178905,0
17514,6.446306683777504,2
188728,9.793953211625357,2
152711,3.3504762525467244,1
77822,4.038598802411047,2
81391,10.099271262231888,1
126856,3.13167072416665,3
128582,3.197721190243467,1
131489,5.865641882142784,3
127120,7.3228745642630315,1
92068,10.6376645156334,2
9817,4.929796516588863,0
31791,5.341182330691506,0
215890,3.4626651201944636,3
53297,5.4226408224324985,3
15246,3.4371619399591173,0
30112,3.886962919108628,1
97431,5.312991929223616,3
67127,3.1721420083072687,2
23490,3.6835575068887394,0
91168,5.439527154172512,1
73553,3.628076615101895,1
114118,4.828610007655998,1
52869,7.572343534984951,2
67645,3.6915289193809997,1
58583,7.853134099808299,1
92147,3.1528039600901714,0
146973,4.060459321535872,0
46007,5.511071939410841,1
82967,3.6193687016452696,2
38409,5.847784558763767,2
132460,3.3289416671001693,0
189410,4.556490986132918,0
91798,6.301767652428607,2
212557,3.17877372515051,1
17296,3.64450155885521,0
3407,6.854297849522908,0
322,6.234887289498367,3
123480,10.187745902570335,2
80034,4.758116228820455,3
129483,6.468991909950886,2
65316,4.240890293960373,2
94495,4.413520404016977,0
114448,3.1756009794622475,0
57330,3.78101542245947,1
37049,4.054333399512123,3
83205,9.751849310108145,3
1714,4.057316106882575,3
57883,4.230670537687375,1
92124,9.988379926880713,2
50504,4.18562608543585,3
180915,4.015951026900438,1
118145,12.665407042733898,0
24192,3.406502792836002,1
216621,7.8840334370164005,2
186751,13.617547076537896,2
3510,3.479014457699744,3
184460,3.77129652004524,0
216589,3.4372390536541575,0
7292,8.563639863904653,3
56821,5.058976065535937,2
162112,5.4856003248297025,1
70882,4.616217640426614,0
64620,4.125941000445181,1
173497,3.3632336136921355,0
61067,6.200661669267565,1
194468,4.617523239184556,0
66039,4.883478553109505,2
4764,3.4167281344228755,1
169452,5.675584896833527,0
41997,5.205102361304183,3
217510,3.196904974478271,3
190937,3.6198893397944794,2
72193,4.273904054765631,0
148724,4.230132533684284,1
64881,4.499631768135947,2
5361,3.4275263767112945,3
160287,3.49195712206674,0
127161,4.081533031309837,1
135845,3.783731941445754,1
219919,4.265895943433199,1
70609,3.963872180872503,3
12305,3.2754621655614935,0
3721,6.455684116134105,3
87577,4.442604072603077,1
52135,8.47614447842736,3
95441,4.47694456901179,2
66886,4.891852145366815,2
106879,3.332291373404247,2
336,4.113031903584334,3
41806,4.4640533388435655,0
66726,3.5683422935623073,2
88510,6.7583230304172375,2
37614,4.247800451528128,0
145841,3.5074171605534517,0
43134,3.3998282581649018,2
150032,5.143943465532377,1
61025,8.440022930204005,2
163718,3.696381041877233,1
190110,3.6276632705459715,3
114869,4.55557202110872,1
89150,5.123256366866254,2
34867,3.6782597179665273,0
33654,3.2004110259474423,3
112287,8.025513138583563,0
69107,3.4351386459948845,1
205540,6.787368254095992,2
13792,4.968922675199787,3
55595,8.301297321490406,1
215488,7.17498805787386,1
52825,4.31256015186237,3
31426,5.526616567935022,0
111463,3.1321467108063423,3
148834,9.028292231397693,2
557,7.589119334491686,2
125297,4.093519925294096,3
30952,4.517009686018991,1
92241,3.6239132656524706,2
135569,4.197433952537478,0
207355,5.994824193688526,3
205988,3.3523295458530407,0
96106,3.23749151288371,2
15159,4.6881197447651815,0
103966,3.1355216189673385,1
36437,3.1783698149210124,3
136438,4.660916419105927,0
69889,5.381174169776665,3
84945,22.34603632316772,1
7507,9.518548804480934,1
181763,5.508248467558665,0
19149,3.4753187131849232,0
185494,6.811374022334071,0
104569,4.532681892614186,3
119495,4.069045851059442,3
38131,3.746369753602817,3
69645,7.308787270747519,3
61775,3.523180313454403,0
88135,4.729376106533777,2
110425,3.329242168908788,1
44333,5.234118579727714,3
111245,8.820908198822847,0
82441,5.07859828050379,2
76596,6.226134506667488,0
210170,12.073983367309767,0
203144,3.202009230872616,1
201556,7.182190871871711,3
121939,14.75219328822144,1
57001,3.665363341913407,3
2543,3.8132507565295573,2
29069,3.192384610277358,3
20412,4.538217283115661,2
67179,4.369714687388278,3
144216,4.123840932154369,0
43816,4.281621442269643,0
194720,3.9097296468256464,0
43174,4.260453166194653,2
9377,4.223932743839448,1
100532,9.98494778551678,0
154355,3.2296298299874113,1
103453,4.278797915178702,1
38575,3.7218785061408988,1
49612,4.542767984835113,0
90228,4.288820420549167,1
54464,14.422084788028698,0
203397,3.922153767396839,0
1792,3.331739746070914,2
179879,4.1660571735653695,0
85655,4.1420421841980986,1
190108,5.227981501119967,3
86764,6.0834872161851,2
193955,4.3437846235849,1
76598,6.046179946833604,3
95049,3.969769249233605,2
101708,10.515563910691005,2
104771,3.680533688268108,2
52680,3.424068738649865,1
91191,5.825370201992356,2
39596,3.612945997396321,1
363,4.3554344106183285,0
148362,4.455897563876144,0
46860,4.03181036832479,3
148096,5.041875371946958,1
205370,14.064709945929671,2
107388,3.944884499106001,3
66786,4.895410118387048,3
197076,4.036093340674968,2
47488,3.750593155460199,2
91659,4.967084207972775,0
199428,4.3146775792447265,1
41718,4.0300220096153865,3
51241,4.001519068337492,2
148857,6.954919405057968,1
46845,4.9595389546527375,3
12864,9.354109458120668,2
61991,3.6752996488006806,0
210616,3.2471023114448254,0
107445,11.42362862063344,2
65635,4.706737561716481,3
33109,8.510982184288208,1
215981,3.217658300854225,1
43133,3.31417212152472,2
185605,4.243276173973104,0
116428,3.444163476619332,0
121581,3.8507109559845194,3
94325,4.961021672923193,0
60997,5.441150241923065,2
171536,4.453685159133961,3
127489,4.363247354183985,3
44404,3.631281484203867,1
53425,4.419482038934763,3
80409,4.461260582344401,3
177061,6.551552567355454,0
72348,6.955297422376368,1
152127,5.642518429486229,0
118795,4.170508672410495,2
150827,3.671785750091985,0
133005,4.2212822308474465,2
68054,11.073103867004953,3
77784,3.369627857687078,3
32211,11.643845983924582,2
47902,3.6191770719532617,1
179541,5.397397860530848,0
137990,3.59399287561887,3
27942,4.017823338805808,1
201866,3.4815812602594303,2
34789,3.2463473923994255,2
99613,3.8504193095999444,3
184185,3.5321213023812077,0
98352,7.692295140327863,0
97741,5.7582359756225525,3
138398,8.183334337624204,3
128432,3.7120074129580143,1
85670,4.539337032927499,2
129007,5.086267859967804,2
90853,6.214217470497852,3
151970,4.314973983233558,0
220120,6.116018955782382,1
7513,4.054281535415136,2
131323,3.659619342113837,1
98724,3.471771364636922,3
68972,7.608667268627844,3
77818,4.8834321518291794,2
39109,4.209956379479841,2
211072,3.807745732010143,1
10303,4.655096676641356,0
58062,4.927098806566734,3
44658,4.815325599927422,1
95365,3.9516830331415003,0
81596,3.8244372694283886,3
203745,3.7289944670672734,0
197369,5.494114328679487,2
111318,4.702937411939855,0
7899,3.520702216053257,3
70930,5.647793225692334,2
95206,3.1518420945552474,1
189095,4.542880400186771,0
6827,4.678088759007238,3
117468,3.346970077428253,0
217055,5.007381749659722,3
111378,5.811028091188145,0
82815,4.201163245572525,1
147239,5.286942045487392,2
45038,3.2373786705867427,3
62227,4.601707225009214,2
110647,5.3934972455535455,0
199963,3.622163391401573,2
44817,11.353841100789081,2
86014,6.490924341038102,3
193412,3.544912887366861,0
49492,3.8086949558723706,2
85628,3.7973832699462613,2
208081,8.825046439800731,0
130895,4.541274765503374,1
59880,3.513000321864439,1
28544,3.6665912565713086,2
201833,5.149691114781717,3
33757,3.156862920789025,2
80337,6.026491003005478,2
82400,3.573675306591835,2
121277,4.114203947354499,1
168313,3.770400366568172,1
183797,4.915540670884932,0
46538,4.2921746899218896,2
99354,5.9419289085861475,2
169176,4.144291841069567,0
47122,3.28020687143618,0
65541,3.946666758807307,3
174396,3.171829213279743,0
190884,4.571148963980628,1
171702,3.4393489938025823,0
216485,3.5153763818442334,0
117833,20.51709494246636,3
96167,4.132246567288461,0
77858,3.1736112123885416,2
203333,5.120112490850644,3
106034,5.073863012465356,3
42002,8.052320904813637,3
83380,4.90111877876581,1
31220,6.065439674424692,2
101329,5.1502229858478525,0
27322,5.473019348894667,0
75936,7.835616812455862,1
91254,3.6720781506681135,1
19454,3.5363033302257763,0
43182,3.283330494406452,0
111372,3.7389731950970173,1
81961,3.823575416037242,1
89407,4.4351645409823295,2
47948,5.500799661393244,2
184787,5.982400694181205,1
167863,4.016956033773226,1
208050,5.221225598062957,2
101233,5.04894905659561,0
102204,3.3323640956089386,2
56758,4.390110307401432,1
168020,3.430374851236973,0
132505,3.128001807717313,0
17476,3.933753423444589,2
202165,5.645607781282244,0
73794,4.607816686587594,1
125882,4.995570369035357,0
79966,3.9379851138244124,0
33683,8.700844360398555,1
118840,4.588926209857462,0
205535,3.9709344197537826,2
186730,4.698203566179944,2
725,3.3242945992522106,2
148554,3.362879904371942,1
99582,4.129548745477409,1
159876,5.128296681906392,0
75601,4.087923421337111,0
104138,4.478994266748742,1
67106,7.325501653720339,2
56587,5.099574357156865,1
93407,4.654214814835114,0
219343,3.8646490315537907,3
49873,6.206236994433397,3
198687,9.073478643553408,1
131730,3.5115177651272766,1
109752,4.931379061827865,1
13249,3.604407249206897,2
107378,6.369449296017745,3
63907,7.739831436206369,2
56834,5.2310595063656535,3
149171,5.419814530429125,1
48083,4.059148681645921,2
73313,7.262473472517951,0
201332,5.844947824012016,0
106957,5.3086660619084025,2
103990,9.285454784079825,2
56913,3.908551072780293,1
98702,3.130481048234081,2
156000,3.7124122230924104,0
46863,5.514257242552278,0
77404,4.896951003028699,1
122765,3.975207672870247,3
216361,3.5764758983587512,1
182071,3.5568842740837985,0
26230,3.5382203994356205,0
149140,5.241589418050369,1
8242,5.999975224682565,1
70497,3.9300496610386215,0
83926,5.728189644645605,2
26340,4.155155331580627,0
203968,8.169766215443161,1
124728,4.4016868833682015,1
148710,3.2782130624237427,1
187476,7.411551365645018,1
171143,4.673194549487712,3
121588,6.092170675516241,3
195158,3.9546856734588802,0
52820,5.871273547372359,1
97272,7.9645662833991615,3
8618,3.178741188356323,0
27508,3.6157618939326808,0
47298,14.873467376230444,1
5241,6.912330274308642,2
99728,6.293209808843548,2
98828,5.363762238706884,2
117170,9.226359516436693,0
13033,7.680695940699533,3
97982,3.6565226688623937,2
112471,3.7956366453359944,1
125960,5.522790863568648,2
44297,4.333226851762344,1
174883,4.887963314393988,0
20936,4.096150493671239,0
57228,4.640686044151424,3
70959,3.30114620738771,1
18532,5.787427961658146,0
52573,5.407134750565307,1
20693,5.08077133365377,3
70027,4.42078343612864,0
173052,5.409169159624667,0
89755,4.1848893973433485,0
53970,5.289574274283015,2
134669,4.181523976946548,1
168154,4.427763057952854,0
21091,3.7142155909645993,0
91100,5.756733019497178,3
116498,4.617288872529164,1
13931,4.790197237012894,3
69973,3.162434723665755,1
42657,7.406643694411082,0
58487,6.639681719959919,2
202986,4.778148173513731,0
209780,4.640634107439731,2
24698,3.783375353951145,0
32032,4.429288899739994,3
193447,3.7958832995291214,0
50292,6.014929006281912,3
59893,4.151047489444336,2
33705,5.2285421409405775,0
180429,3.194650307758969,0
128136,5.009139243234797,2
2560,4.3923839289866535,3
103689,10.293321446473136,0
57522,3.595499926446366,0
88109,4.5198344377747315,3
181276,5.088376822874929,0
100771,3.2061833416588517,2
13376,4.431901663400581,3
187015,7.756515064201036,1
41047,3.1931035792953715,1
92965,3.6947864551928298,1
118002,5.6549777160251775,0
93142,6.010895302740392,3
64324,4.892780290436244,0
20494,3.528074575096097,2
58311,4.279921539594934,2
97703,5.625500599693069,3
86655,3.256493000680737,2
148943,6.3301169853640715,1
27678,4.847436357364382,1
74914,4.9942905890993785,3
104311,5.54104948096879,1
124382,3.592297211403757,0
52650,6.670900828616553,0
182957,11.555451721702006,1
171135,3.797040823868138,1
37314,4.651631855209597,1
65353,4.049743145200663,0
197251,6.327813586657953,1
186657,3.8930607515477558,0
181993,3.4456207228123077,3
76008,3.1467272406696303,1
100456,5.911107240646169,2
131336,3.227160608575489,0
132608,4.63923196430525,1
218362,3.727165640289579,3
99564,5.165526032816723,0
210394,4.784051675695254,0
70889,5.791788947243409,2
31212,4.4042824923660895,0
60607,4.73100109792599,2
55004,8.340286055827196,2
212285,3.541664883580645,0
19821,7.794762799682728,3
193943,4.944760063586135,1
52313,8.989682996077212,1
24025,3.215049624178702,1
47375,3.5541965040469563,2
212434,7.0686133347279,3
119068,4.957376982535342,1
90255,4.29289522421645,2
123449,3.4957560515694426,2
91169,5.131881918767009,2
50379,3.575800580605443,3
163344,6.0840619411169286,0
70510,3.952178131856633,0
157073,4.796827129421947,1
214903,3.898358119886384,1
209462,4.8481490682699935,0
75272,3.666864448759304,2
118881,3.198414984502488,0
188890,3.7002112474674167,0
73034,5.279449630394655,1
84707,5.745156723468509,0
201126,3.4813166877496737,1
107404,4.74415160219705,3
54807,7.855833358674715,1
63600,3.365298400259653,2
149416,3.90874741293503,1
117280,3.819033019841342,0
217433,6.876317785862008,3
98453,3.366409948153893,0
129490,10.899185043370707,3
88918,4.440099940195822,2
89914,8.730555374059769,2
193761,4.742928852461902,1
200330,5.745848943367185,1
120938,6.046712533308034,1
152648,3.9271215673030033,0
122405,3.822977565743429,3
118470,6.4669925450594,0
205312,4.448436604178129,0
127411,5.63931381984648,3
12635,15.28485548980862,3
156979,4.294706479505192,0
41302,5.384919646281871,0
148735,3.523242672321606,1
24336,4.985159600743067,0
13358,5.695149953600695,2
26836,10.039187708300714,0
12416,6.037463436785091,0
103093,3.7834623687166964,1
133751,5.080119923092941,1
85647,6.788818645529969,2
34785,3.5021199636068863,2
210498,7.148979036399805,1
4383,4.717482586188705,0
202707,4.219847813369815,2
185916,5.3974966512449765,0
125392,3.4430077883706147,0
69521,4.459410107779055,1
99548,5.099964822508953,2
103079,4.215614480724771,1
187027,7.2353952937897095,1
209768,4.57018240187783,2
116469,3.848298053995636,3
37415,3.137412622664405,3
25178,3.582766066668473,1
99756,3.7384986543007517,0
101977,10.718300793422218,3
56987,4.447212096864252,3
202221,3.513777264084574,0
83592,5.1719249628301505,3
79048,4.814034881559199,0
26883,4.762762842235697,0
102364,4.781311216203436,3
46808,5.482445779762928,3
64153,4.931187024148748,3
125105,3.1874870366611416,0
48693,9.823898171743028,3
157388,3.5543243507048325,1
83261,4.684044778089577,2
97868,4.009311846600241,0
51332,3.3737470589628433,0
28232,3.3171896691287373,3
76959,6.643503848419822,3
206256,4.799145519646103,0
110717,8.823951048990356,0
191852,3.278683300275482,1
1984,6.838565843219424,2
145388,3.765824395211485,1
19350,3.4671353660344124,1
197115,4.224294641441883,0
194525,5.813056481078419,1
100124,3.923690995224277,2
8021,3.2348665362474556,3
55505,3.398860693184866,0
8675,6.557063416216041,0
125011,4.988996548314345,1
210284,3.2863443489074466,0
94260,8.109900792054603,2
23536,3.203789740376708,1
24199,3.457276713190579,0
157016,7.121528833093157,1
187049,7.940644410174144,2
99575,6.966329615378581,3
29918,7.541786785769222,3
29082,3.8577133056074917,3
168001,3.9623323676639917,0
74970,6.469306125609922,2
132472,3.7895500151780066,0
96336,3.7773155423394478,1
182768,6.316891129886374,2
16406,4.915745792153637,0
120562,3.2154352099048467,0
30382,3.7439789248822457,1
122987,3.2558157859246073,3
151043,3.3398133844306117,1
1761,6.654022872880521,2
58094,4.831142648674037,1
89478,3.5607597564047264,3
191441,3.230969111329475,0
151981,3.190369846074937,1
58454,6.840271026533795,1
70995,4.9247857843569225,2
176036,3.21559931721056,1
186569,3.3579229670553534,1
201582,4.286710557130422,0
69025,7.587067323934607,0
35729,7.739973419141032,0
158984,4.138974596532049,0
84192,4.107399398696053,3
51151,4.9551504820763395,2
51653,4.113584491394978,2
106549,7.289161295641895,2
111611,4.861845717074308,0
105313,5.433198780067512,1
184544,6.369055841122548,0
93809,3.9978660892268003,1
185505,7.252397930946088,1
112820,4.850799574785141,0
123813,7.543297006918074,3
149049,4.081258969033272,1
148994,4.343483068552208,2
90873,7.197798002819491,2
199795,9.40523071593423,3
71486,3.42350698692726,0
69767,4.14189334935992,0
40200,3.705717360914454,0
35827,4.387694453640814,2
56925,4.538954802486706,0
179853,3.7450443008454117,1
99322,3.6224135204663748,0
13188,3.528528770259829,1
97554,3.501690983482977,1
109933,4.355241094448289,0
191826,3.8231574571349967,0
200669,3.729176994111814,2
147202,7.521803378873019,1
190687,4.56750288713434,0
49685,6.031802948085103,1
51424,3.9874641925462946,3
134511,3.578536632409632,0
141115,5.442843360226359,0
216265,8.060147307289308,2
42325,3.4182360956949323,1
186863,5.184002384020236,1
56451,7.958146567503759,1
108015,4.965936227002228,3
131348,5.5101149437019075,1
219076,3.375482652715635,0
149010,3.289336742507114,0
74196,4.252289320900003,2
64685,3.54706667347302,3
37510,3.870407904084842,1
53036,4.003376756978991,0
71744,4.0271935012082345,2
52281,5.160350086168066,3
33360,3.3230866022776464,1
201095,5.412257464456776,3
192956,3.885715141808865,0
116694,3.2832494411072037,0
82565,8.408657504733343,0
187620,5.395796554099533,1
89095,10.958380064541178,2
34267,3.915568877357585,0
212777,3.6060409189688087,0
142135,3.452498609273206,1
49956,5.406686945670565,2
163717,3.38098177916485,1
39597,4.85853149109669,3
50507,4.837124563332225,1
61715,10.304462765610163,3
32289,3.5907749442843686,1
100314,4.24656282663742,3
173257,4.964299899949527,0
93128,5.60112765310347,2
217320,3.6227555019086624,2
104126,4.076128276644825,0
100748,6.6020882666107745,2
116779,7.071513045526665,0
114900,3.4644984053444388,2
191094,5.023763528237751,1
117176,3.757805562572044,0
110862,6.848338300521103,0
192638,13.287836948323566,1
83846,3.8879708498280383,3
24005,7.849486533941947,0
86728,5.714130289217305,2
205984,4.269647800890752,0
70928,3.794792063752637,2
108464,3.538584254047432,0
136343,3.3160405678498046,1
207897,3.1966179663915995,1
164619,4.781186118198612,0
177894,3.2555107567387322,1
54997,4.862433499581586,1
8763,5.727377883397491,3
207303,3.496362758605013,0
105061,5.598310601029951,3
80102,4.130927066015268,1
199794,3.216642419228311,1
92038,6.854146032061146,0
25393,8.898922259941394,0
61184,7.128861784090214,2
80731,6.099440759506268,3
4493,3.8304150645572785,0
205595,3.4239970788339686,0
969,3.7980400706544786,2
210130,3.9199538842383586,3
206613,4.184135385183293,0
84921,9.825992709076964,3
149073,3.9815933454129553,3
44550,3.537301462760539,2
123369,9.156837824306201,3
70320,5.45266936277979,0
101636,6.691356793670808,1
58266,10.028697836154672,3
13891,3.6176457188394515,3
177671,4.43459742452265,0
172413,3.290526278053598,1
192867,3.7377677787826613,0
3753,4.041471704749387,3
105896,3.3369347557453075,2
176039,3.3471112568081023,1
214329,4.499867373524973,0
81931,4.056026228459089,2
142822,3.147856932754235,1
118779,5.736666437747071,0
170122,5.521887127721296,0
142767,4.858549270373906,1
110758,12.685320545696491,0
153966,3.1508883290314946,1
64737,4.684275922977872,2
7552,4.267189249069459,0
37156,5.341014685809645,3
199783,7.3809900682514575,3
42508,7.242717431999136,3
81448,3.2277872353302364,0
63206,3.442459355107218,3
55170,8.068881799440126,2
215070,3.9880464430593108,3
26303,4.973041667009463,1
7402,7.251755351978815,3
169689,3.911667811784265,0
112650,4.551330244630282,1
181987,6.054737453812422,3
114223,3.4361721759621666,3
48849,4.3589827165332515,0
15151,3.7242637572696697,0
207963,6.131102561601806,0
61533,4.576102903415464,1
97276,3.1437218874312256,3
91095,13.744088164188774,3
46400,4.93033637992896,0
78143,33.9078055502782,0
207002,3.452154241228712,2
161418,3.5700297306518705,1
44471,4.977124303895371,1
42598,3.134393192453194,3
126614,3.501897548831911,3
24688,7.83525083887956,0
186149,7.75721493055586,0
219250,3.737308211049301,0
119925,6.68672221815128,1
217418,5.061198821105314,1
51352,3.6228212281104746,0
121045,14.775085233819155,3
194090,3.38090919811978,0
26918,3.5054164409317434,3
4104,5.608966850961824,2
80399,4.705963818155739,1
205477,10.67604040052945,3
91039,4.273331271874417,1
20245,6.088818536723384,3
121957,4.494377612387353,1
195746,3.3592875005251663,0
66385,8.978660191734349,1
212483,3.89506405473956,1
137487,3.913721416447583,0
113080,3.265041865180074,2
51685,3.151625510343928,2
105173,5.13487485582919,0
38911,7.375239232092171,2
159059,3.3878889243439314,1
32017,3.1552866965179955,2
99604,3.886606312917169,1
58393,3.438490483480022,3
101116,3.903267409808275,3
115744,3.1586824501223294,0
100070,5.6738653631055325,1
170659,3.2565684963000896,0
7990,5.672209938566349,0
76809,3.1675625771850644,3
154424,3.463985143114222,0
116069,3.541661699185253,1
4557,5.226656839007589,3
96788,3.772991243217252,2
42307,3.6024900492771947,2
178816,4.673713662362781,0
54793,3.999797996352469,3
93574,12.674830298740499,3
84235,4.974594190585386,3
173135,3.564708747732573,1
86916,7.125663537391821,3
77614,4.69179010113651,0
112774,3.7252990194232307,0
47957,3.4313217505418683,0
94361,4.486208275733614,3
219360,5.688774542356583,3
212527,7.509615994277247,1
189081,7.027235527618114,0
77197,7.389870524827906,3
4410,4.764485578363104,3
29305,7.79720699393726,1
49243,9.987197793086548,0
152221,3.183074698463276,1
92624,3.1551577229616576,2
31582,3.9155747593492674,1
218499,10.842094876285168,0
203855,3.68813293732925,1
85451,6.227033895304412,3
91365,5.164698556805833,2
121873,5.032599435332508,0
112038,4.826617343313771,2
132997,3.568180507383982,1
208035,4.6498409135349625,3
141842,3.1934016720530405,1
2292,4.231304031296975,3
109909,5.4709909716142215,2
90084,14.937444344093166,2
27543,3.65785721763129,3
92224,3.3105234698240738,2
124406,6.906550111022718,1
93357,5.970970628227379,3
88044,3.8395471704267816,1
52428,3.2935786137939402,3
41836,4.259888952735937,2
98291,4.576244976706233,0
56870,4.023723842997615,2
7870,4.53346809982469,1
147493,3.6003044952464287,0
182047,3.2056713372537677,0
11263,3.544448993083656,0
203846,5.367991457951499,1
197334,12.79441393244706,3
178446,4.220628503561651,0
43659,3.2960333414027847,2
107758,5.674215275558353,2
4025,11.026750230608819,3
103022,3.759440639887616,1
255,5.347460875694532,1
57237,5.873394112144554,2
191492,6.367454295275045,0
182848,8.704738758176013,2
83920,4.038451378492642,0
156490,3.5358773823974485,1
81134,3.523641234034857,0
117648,9.645984206262225,3
92979,8.218218721738163,2
11209,3.913720130598483,0
200297,4.522827289607309,1
116511,3.133752155456243,1
110441,3.4958172600476285,0
120521,6.4582888271797305,1
167316,5.535804296810762,0
190188,3.3129481098010265,1
71361,6.954308860692667,2
97457,3.7478714872091636,0
101344,5.689886442608643,2
74721,6.464146607648933,2
103193,4.510817905237445,3
168478,4.210323209434662,0
157264,3.6098804347866436,1
51330,6.321160247407842,1
92065,5.665253674441958,2
195228,5.081282392227642,1
50236,4.487792475527774,3
134621,3.45680003527366,0
1028,3.9090468807081376,1
96917,9.649613506523806,3
121415,3.456353699206952,1
96924,3.1424444184086564,2
86605,3.5731350217987075,2
111892,3.3822476455588326,1
215039,3.655862264636374,1
65315,6.887739824369013,2
131816,3.476759090433974,0
55857,3.9013476586343634,1
39735,3.9955723456558196,3
117952,3.269533399192635,0
17261,3.986394113981838,2
103986,7.02725205861775,2
200314,3.3808400401843026,0
213029,4.089296137733772,0
4121,4.387415307119207,3
57333,3.3243043895089626,1
58631,7.747731310112532,3
50740,8.736333081975367,3
97183,7.850433467563078,3
113371,3.1523220975025676,1
24033,4.240193747457726,0
103527,3.468614718272536,0
64391,5.125266987790474,3
89511,5.738964143691419,2
91636,3.6109924884493037,1
147966,3.4233129933681896,1
215793,3.640962915547727,1
8765,6.564690654839553,2
181188,4.9947503659049435,0
163540,3.9629589202950743,1
65575,4.167810824054866,2
57555,7.2025270261092444,1
46059,10.754523043157747,3
193823,4.739009662888815,1
194458,3.6747780088996462,1
77803,16.71594940332713,2
4166,3.582393950171422,3
172964,3.1829834474249514,1
124393,4.133585412206856,1
56984,6.143924482475611,2
60663,3.419385645520485,2
191741,3.700015200667311,0
192932,3.7903505434190867,0
159753,3.350069466491279,1
37781,3.7492527387114585,3
111327,3.615342146750892,1
168143,8.841163876117665,1
78112,3.2466192708626416,2
59757,3.795228016532275,0
30494,3.638612813929731,1
184614,5.537145369347192,0
76259,7.246311018498693,3
104215,4.96002972377998,2
3539,6.992857952117995,3
92701,3.533991317721145,3
46508,3.524052154026215,3
26738,7.145812706047661,1
136348,4.50270477746778,1
77065,6.9774260610341265,3
167009,3.179672810183199,0
76881,5.980176825527544,2
98092,3.437026780913948,1
67726,4.117802816486595,2
65061,5.526289836056531,3
96267,3.3315137410688784,3
66201,5.019933908041482,3
99656,4.301638951992723,1
43702,4.971986756409157,2
36410,14.578261455981458,1
194825,7.387293176727667,3
89811,8.632841157449304,3
63553,5.88213981347413,1
216375,6.138921682589524,2
8092,10.341037317309171,1
56818,4.070006237458792,3
64082,3.487023007229091,1
209200,3.982098365030569,0
25089,11.334664726221684,1
105819,3.6892778029853126,1
193992,4.424582217428499,0
126713,3.187226288419282,3
19308,4.233602886380288,1
125198,4.760939566929063,2
67079,4.9112312696452705,0
71703,4.325553346492223,2
89758,5.123052559760166,1
49928,3.942401458587531,0
205078,5.149160050855066,2
83474,4.1730864688214275,2
86471,3.262598251051732,3
90942,3.1635510409225986,1
148706,4.631797482222703,1
202881,3.735803668832909,3
96001,5.968760184041733,3
111440,5.118819686622542,1
44334,3.855394948352658,3
41422,3.9265978492140876,3
117450,6.678564032570439,0
167892,4.494840103490444,0
16887,6.820785980613504,3
134658,3.1596230074164326,0
154748,3.978753272659346,0
186417,4.167508970809736,2
31898,3.2957975771871126,0
107290,6.672275483599504,2
18862,4.324678680907169,0
36709,4.4721206732982015,3
20572,14.580957306563615,1
18999,3.618671374791134,1
121331,7.553894457720788,0
27817,4.533483536914684,1
15149,4.005037394961235,0
155334,3.664034010784297,1
71747,3.7272397980862557,0
57273,4.69465277673927,2
97528,6.939985274805858,3
100280,5.894686779054133,3
211839,3.182799630518933,1
107203,5.256247822639459,1
2476,4.899429260099119,3
57702,15.01522649609261,2
44060,8.402653862906096,1
82003,5.565139931531805,2
79431,3.148020083586102,2
118442,4.082530484276571,3
119752,5.46832876438906,0
80232,4.79478297903348,0
270,3.5960471298908985,1
148623,4.206727919731598,3
154549,3.8492535874139193,0
92094,3.2113695974530643,3
5291,3.2018244782940712,3
104003,3.244389592739463,2
192049,4.844653047759427,1
142959,4.7038578165179885,1
107180,4.840068964515952,2
203101,4.442167375781942,0
68784,3.6548088464123314,0
110532,5.002295710497785,2
215626,4.309454052912101,2
76684,3.2812778690684423,3
144114,4.618352500466891,0
192079,3.6140207232692676,1
97098,3.1720241514053367,0
158521,3.674743700644333,3
129750,3.454244201351894,2
13952,5.871478485418828,3
179673,4.194561839287948,0
28950,5.232929523656085,2
120159,4.092992865010848,0
60459,17.804221443847304,1
21449,5.69222742721564,3
194388,3.698876840536931,0
171386,3.6849193118553227,2
66690,4.037637738344587,1
220282,6.639303347166273,3
218636,8.232416522231254,3
104898,3.8830660862596194,2
127714,4.114872915888515,3
56739,3.7701823630196234,0
194462,4.087591585388573,0
186822,3.587816119954521,1
57840,9.892158264106179,0
104637,3.4043464590818924,0
199423,5.2841993123551765,1
26311,5.738660500437664,0
15177,4.295649040651399,1
80591,3.3418966597713524,2
171750,5.2604192261198,0
161592,3.43985132371472,0
162725,4.5385475672929925,1
19462,9.271385790003883,1
26295,6.417903145923335,0
192548,3.911162721881528,1
64749,5.500386049376793,1
210604,4.24911021657672,1
215633,3.657689193774126,1
210847,8.489719909742371,1
122578,4.679938226262808,2
156287,3.756948764046845,1
71785,3.5375581274807226,0
12980,8.528114943475371,3
20838,6.395052788971403,2
205382,3.8148458180826665,0
73211,3.987974736522707,2
194732,3.4313413390247565,0
205805,4.499335613850892,3
94707,4.996500719948189,0
53899,9.754942102736445,3
200032,4.045610728406622,0
94348,6.227421248045662,2
29828,3.8076542823601898,1
4016,5.927035957378641,2
64489,3.885351858608894,3
114848,13.38234373151422,0
197314,4.7548968742792095,0
88415,4.909506069455343,3
87647,6.150862974992754,3
74397,3.8164318988796357,1
3557,5.641023443979343,1
55403,3.193386249337351,1
94285,3.7496067668449333,1
23966,3.1720020151084087,0
8245,3.1869197520696346,2
81699,10.008916331639881,1
43167,4.074935156911957,2
27092,3.572297386329884,0
136459,6.502041504662769,0
123026,3.9441074875220954,1
156939,5.160955354921761,0
64893,3.5885317069011116,1
185058,3.71618385010808,0
51012,4.242175044697811,3
31771,3.1647728937198343,1
97329,7.772656437659199,3
101653,4.633646059537908,0
51541,4.772092064520166,3
220156,7.164668683027401,3
167200,3.825185979629702,0
18476,3.5357770361923935,0
201500,3.1404721211852187,1
15786,6.367577619676828,1
103324,3.8180779373117693,0
39078,3.8764033627446217,2
115484,6.3862100662266315,2
204655,4.378285404013711,0
117154,12.843138094509435,0
88511,8.16496734844602,3
15342,6.9784415958065384,0
21345,4.594666019583727,1
79293,6.784407376627566,3
23830,3.4723100886857097,0
78887,6.695267487612459,2
113241,4.287267413241009,0
104471,13.287672083322002,2
38001,6.82813850250499,3
216613,4.320488344117958,2
61923,3.2098038175732255,1
34274,9.33971768237263,0
116445,3.428311967805369,1
33270,5.198212634930735,3
125942,9.14709663301567,3
160324,6.330752548370739,1
56396,3.2048966062772672,2
158840,4.964248418590239,0
140255,3.1544511106816384,0
75631,4.591085945978361,3
200433,4.524500449719826,1
147109,4.443839956824285,0
73697,3.6679713576474455,1
117350,3.1548916848317075,1
155365,4.661476590181393,0
117257,10.218763398652058,0
76248,6.0032441838607795,3
58982,4.066877207666495,2
156031,5.380278506467233,1
190918,4.410368023287893,1
125510,4.362913459823438,0
73189,6.1372233522183315,1
120635,4.092730451002493,0
15248,6.628486809511666,0
170389,3.496108632510838,0
179284,3.2805099520848637,0
44554,5.170838928475682,3
51170,5.866922671675525,3
112623,3.937845319200253,3
168668,3.9549639821904754,0
181079,3.7349477225165497,0
193881,3.3066210537834584,1
28605,3.7442206148097696,2
205679,11.499367626659009,2
116619,5.057720834544588,3
101320,5.112200135279052,3
36107,4.008657465577994,0
164489,6.37699081338765,0
107279,3.864413910194261,2
28303,3.730459349366254,2
3684,6.640275071275653,3
51969,5.364933764299562,1
215222,4.66094543663859,3
103738,4.116333724503258,2
54123,4.131987065052332,3
74917,3.8263456511380376,3
43697,4.2722323526083485,2
75158,3.392677919435272,1
182992,6.736504886313062,3
119614,3.685784160316992,0
209937,3.3719962486131925,0
72325,5.932452854398861,3
143746,3.5455920783598946,0
13399,3.44093749464236,2
190907,3.141311517514529,0
125183,5.176225637869311,0
1683,9.244416250368811,2
71187,4.631127343292494,0
69859,8.713911617254983,2
76385,6.228654355934054,2
111227,3.6149368128839807,3
43341,7.234368071918707,0
68898,5.921599709277473,1
15696,3.1312869390210825,3
181318,5.173170425013751,1
78604,3.2435988763662262,1
202713,3.485756878912418,0
181035,4.658203186240414,0
96544,3.2822897969727096,2
79722,6.74115253433083,0
104573,4.898301239828129,2
89908,4.4704932464912694,2
115198,4.483165626717469,1
44087,3.619058761339252,3
192629,3.1396231942965556,0
20847,5.156159569470448,0
50572,3.2950844681777536,3
159567,3.8336468120367115,1
30842,3.1892202381604675,1
71908,4.688226163559348,1
89997,5.407353517422651,2
80694,5.121863543377374,0
46307,4.003647274752362,0
13596,4.895028106031333,2
57539,4.901056062884425,1
116948,4.551176661567576,1
8229,3.516448397313674,3
214049,3.630504857602205,1
220584,3.711925055986145,1
133102,4.614071751714956,3
97701,3.2294200237361874,1
92695,8.805369026363392,3
170879,5.752555594702288,1
77609,3.5960673705106965,0
46397,3.1342954205481,0
103091,4.193618461980517,2
62454,5.818578297166011,3
128331,4.0169620787045375,1
57067,5.0740126065375355,0
170528,5.721146302102872,0
23852,4.845302226957905,0
159883,5.572866373193045,1
157867,4.935291505637223,1
29223,4.031063210702705,3
851,3.2508273808352754,0
127862,3.5180468827058125,3
48636,7.142023912969043,2
195397,4.323672043878132,2
106138,6.558206978682424,3
114873,5.837655186432894,0
131819,3.2065783146423525,0
206159,3.614733255041042,3
113908,9.27076529665262,0
131728,6.600195267462751,1
30536,3.4396659561006686,3
195251,3.450476394756725,0
52720,3.5512525835586652,3
198755,5.934248871353111,3
30981,6.731028406416728,0
45255,3.2367570561358394,3
46843,4.390913874500146,0
48561,5.007080591416168,2
206918,4.008857136113425,2
110608,6.489964834708203,0
124679,3.209355606752237,1
140407,4.96098831688484,1
213331,10.661280381146456,2
35323,8.200336287003749,1
25413,3.448773362167234,0
35915,5.678834342513273,3
67781,6.632882899551326,3
195657,7.352793609879949,1
201554,3.4585551389403077,2
179740,5.734567683823542,0
109932,3.632692943224491,0
101009,9.37103845534184,0
105841,6.750822158032214,1
105576,5.090222767737529,1
93071,3.6300300194132364,0
179776,3.3038681886036976,0
168867,6.393065971063807,1
120959,4.902305465457214,0
210642,3.1301328286567225,1
134109,4.608655415277449,0
33741,6.619382504671323,2
181796,3.5493394479335203,1
92389,3.952972362937626,3
16881,4.5419600388252395,3
102596,5.276090923184311,1
6786,4.792422133012362,2
170952,3.9781442813894285,1
26731,3.5003743475601667,0
45624,3.1589650521704957,3
187355,4.640318980958288,0
214884,3.9274151497655487,0
32999,3.49572941251616,1
214798,3.3588589900991686,0
95500,5.623692604369355,0
35917,3.1358190543895965,1
157274,3.8851947943146365,1
71159,7.486717149612599,1
57654,4.357285982129379,1
13749,3.3178113841513532,3
81916,9.603764096551743,3
111919,3.281673522065277,1
115368,6.174827019710786,1
40839,3.5217233874679406,0
144095,3.3210920548604452,1
129102,5.078606179499533,1
48056,3.774614670903599,2
110247,4.692640512569297,1
76834,4.127243474154062,3
44480,6.4015296167228435,3
140277,3.2611004824239123,1
14631,3.97053187564077,1
167959,3.6728066359481155,0
101652,5.696531566268976,1
53852,5.186328898602322,1
60705,5.250327865771693,2
69870,3.85692832462054,1
61279,4.9450246550292505,2
154090,3.9825895744705204,1
44616,7.032988942434457,1
180283,5.121018787893521,0
144618,4.055528417114161,0
95671,6.571186156557166,3
167166,3.674195219906983,1
4037,7.441415806723629,3
157387,6.910788391711744,1
191295,4.006450187100061,2
4074,5.120952352687507,1
26857,5.422860619504785,0
3998,4.22010596043344,3
46488,3.6956378600543376,2
110527,3.6829032812812947,0
213099,11.471543603259958,3
83203,4.897343054143391,3
117353,5.798796454157323,0
163966,3.8161200818170506,0
200461,3.273141999916449,1
202368,4.921501741803921,3
161108,6.203775981255548,0
157584,4.31598704150648,1
44934,3.910507913436067,3
118561,6.702433385971076,0
48287,6.9226399459816825,2
69663,3.770889801131929,1
81950,4.861815223989611,0
94422,4.467649584618392,2
15333,6.038798274913961,0
109014,7.217479960881833,1
220300,5.905997152638996,2
141852,3.2955440627859396,0
84228,3.393798774128981,0
68574,3.9901302496560564,3
187410,3.961020269830499,1
115358,3.2445090770141203,0
73059,7.619503807808291,2
217748,7.845892060799,2
45465,3.4219471091774105,2
54448,6.897590796201579,3
160715,4.673072260274898,1
136457,3.2542978034455325,0
12591,3.6522663548797265,0
213189,9.279643252805233,3
121586,6.556090410902872,3
83872,5.904848606275889,1
124201,3.3666350572589385,0
147844,7.9772348232453725,0
138322,3.6219578095919625,1
11632,3.24332417987396,0
115058,8.797696397725261,1
110800,3.714633718718149,3
101837,4.144961513444048,3
58033,6.726316303666239,0
118727,3.2864812374503938,1
138257,7.368044352996426,3
109444,3.727662568544669,0
28768,4.045803031180929,2
4407,4.4317990062593005,1
101459,3.158180218047673,1
218579,3.7034163149358665,0
71468,4.379848940237563,2
156906,3.926835339798981,1
41487,3.631975522799088,3
43375,11.218990169397483,3
107196,3.9430527196003133,2
4914,3.1555797877656957,3
64373,5.267505866784931,2
103407,6.060773289467143,1
205542,8.858010014251615,2
60414,5.62032185887653,1
18978,5.002418815935412,0
61822,4.396638997938707,1
213839,3.928918383431479,0
77421,6.222993165125773,2
52169,4.019549536757369,2
167247,3.3880371006382637,0
75918,3.4030670542984005,3
126777,4.022929036920591,3
70263,5.464620966973031,3
32061,7.502486227692908,1
21511,8.997274312930303,1
193580,3.4139853078223226,1
189104,3.2167804947796963,0
68252,9.149674427809416,1
56399,4.314284481194812,3
154773,3.764130310065326,0
53175,8.341532158434156,3
111528,3.838808011878265,1
127207,7.271968795150758,1
131811,12.433255747114618,3
124597,3.381037281661193,2
25438,3.7999929024171895,3
43325,6.153650696297182,3
13539,3.1609341349622433,2
19015,6.131522769359,1
204392,4.989400132173456,1
75078,3.1424711029754846,3
31540,3.3495274949077607,2
62224,3.7001810981610803,2
99723,5.011510012861473,2
189280,4.039175153730202,0
17260,7.968092100671065,0
56362,3.7361422463872387,1
168059,4.385673196227394,0
53386,6.1269553912402195,3
100560,6.972937919157019,3
77680,7.0263700370537014,3
65349,4.104242954653053,0
48632,5.157063776931464,1
170720,4.845846623703078,0
109912,3.3418343613607995,0
120477,4.113424869330056,1
62027,10.597254701949616,2
132236,13.934739370728662,3
181605,8.480197219405946,1
29811,3.3965238954541945,3
65385,3.216069908006329,2
191421,5.877054909832664,1
86675,4.339823816089303,2
110663,9.035312541110178,2
46742,6.895452050930915,2
165046,4.47103945354526,0
7856,3.180221117936484,1
135603,5.81422926492395,0
117804,3.803715655202195,0
138225,5.647063918794773,2
52497,4.3587781891079125,1
113750,3.329759728718069,2
95028,8.397889504495208,3
83034,9.707359771452275,2
215625,3.516923166730212,2
66232,4.384324318206827,0
209108,3.525365757660996,0
25795,4.187449494981404,1
86053,7.451186142143226,0
88604,6.006727978982962,2
87550,3.7075088392781392,0
76300,3.216120514836078,3
192892,3.2406422164981787,0
177364,3.4319494101650787,0
73934,4.139690072716373,2
72043,4.161433443785226,1
127410,6.064007406040093,2
57226,4.914453797695524,3
171483,3.484132689779859,3
84397,4.878436914714714,1
85341,5.4108906734959925,0
18445,4.364259927750825,1
202711,6.391967253506859,0
81639,6.329224866215876,2
25885,6.524627654128272,1
103190,4.09995482181502,1
90277,3.645574455473639,3
186063,5.195623682658747,0
123601,3.5110524024270884,1
82347,13.3096942686281,3
20961,4.768521973891663,0
53781,4.747008454120797,3
34511,3.564622179186065,1
131813,7.134765811688164,1
146231,3.8329193723985213,1
54305,3.802009343987546,1
65278,5.676780099668095,2
116594,5.123733098063598,1
38643,4.8620076967544295,3
88445,5.085408159052812,1
190779,5.7782241130736,0
205533,3.953323314371782,2
169279,4.5983757384495725,0
89059,5.111458457889086,2
203514,5.767277852162847,0
157374,3.3636626399228287,1
72526,4.9824511957029145,0
23803,7.592528826838324,1
99794,3.3424912824696476,2
131925,4.148310451825987,1
28187,3.182409789578987,0
202632,3.335746464839108,0
4484,4.696937301928113,3
19587,3.4787472750632844,0
194397,4.304719954873191,0
114019,7.775024312175601,1
57072,6.15905631328109,1
67537,3.2403663091697164,3
190727,3.3684465146043725,0
27931,4.650569293745477,2
24253,8.782302550372151,1
3455,11.05340338033899,2
70776,7.333384196222591,3
54321,3.5017855490821512,0
105256,7.090554188520432,2
186276,4.9394398453072,0
41398,5.334454938325377,0
122392,14.122250452456324,3
21438,3.452387933342316,3
75703,4.162178249868857,3
102538,3.270723901794648,2
73276,19.518378229829015,0
54356,3.9477209767502432,1
79988,4.655565314771422,0
105559,5.215365028296832,2
94171,5.031789224991129,2
191803,5.861224879059355,1
69222,3.683202627664687,2
120337,3.799421182586082,0
210883,8.044993498942361,3
176886,5.23216410061373,0
93435,7.838039633303625,3
205954,3.87013251167813,3
88715,3.169841621266727,2
78760,3.882141750231482,0
47962,3.67246179547713,1
207640,8.706103009677658,1
9928,3.8838834079361746,0
214347,4.260262018445627,0
99481,3.9935713701644007,0
66420,10.193599910480367,3
173642,5.090084259296805,0
138312,3.4202498041555516,2
181745,3.873887842265894,0
104649,6.469527471051521,0
78467,10.937828100344376,2
116476,3.2520634947428744,3
155666,3.399637108787916,1
3987,3.6919585452276706,2
18604,7.0893805749534735,1
29575,4.628186824025979,1
104574,6.70885089679507,3
198723,4.839665978946988,0
70894,4.164072947331038,2
3456,13.211348742049104,3
121368,7.558151946175142,2
203487,4.472690495330885,3
50177,4.312932142598562,1
91588,3.265450555148215,2
58009,4.447919146911461,3
77726,6.283234763314444,2
218373,4.3443903406853375,2
186274,3.4673599866235953,1
54409,3.932137104955844,0
78962,6.582406568610325,2
92741,4.732229630218028,2
4870,3.868591408363553,2
100333,4.0155292441088415,3
99566,4.420654084410653,2
159510,3.244043019171311,0
81798,3.6198184904387922,1
198314,4.567771046678332,2
77642,6.525292929323284,2
73410,3.898143704418949,3
183225,3.449459450364945,0
33456,4.463939190674654,2
202366,6.402413332483065,0
123904,7.507170493944939,0
35966,7.353562050879928,0
8723,6.738585535676309,1
100965,5.27345033686316,2
59087,10.008856841181268,0
189518,5.761692237150717,1
106958,3.1752685512470733,2
209695,3.1545858176077815,1
78088,5.809522736732918,0
216805,3.2551447171876164,0
178161,3.2859129653641563,0
7206,3.6389461961833405,2
90673,26.934953040112006,3
179626,4.896868383247284,0
36826,3.393613834960422,1
8012,4.919783069954466,3
138874,3.986480584565447,3
174591,3.4095533078815086,0
67063,3.732527840892468,2
65608,7.387995800893233,1
115522,5.772916192128922,1
110760,9.231405700775277,3
48000,3.756795599842896,0
101331,7.7568482091026265,2
99420,4.941830443882662,1
44724,3.9296229306634487,1
14737,3.3884802653464696,2
194302,4.7722327656834755,1
118610,3.937035790657762,3
173555,3.98835158277452,0
198103,9.468504837343268,1
132594,3.2522797087145876,0
32313,6.305518653364322,1
177333,4.732149861208019,0
53331,15.426336743819762,2
21862,4.403342326284715,0
84430,3.554614350789395,3
208583,3.5210167635623684,1
55047,5.628555066008412,0
77782,7.786491530081663,3
4148,3.818871717175284,3
192885,6.8677419054068505,0
128077,3.262657713223886,1
170670,3.6531199875090317,0
184990,3.693502117527025,1
56401,9.676360831482114,2
173746,3.1948650493754944,0
106801,3.652221314408198,1
12948,10.546608801396484,3
76266,7.184491065315612,3
63831,7.169575559047367,3
185630,3.327312985650942,1
95809,5.699493890071896,0
35830,3.3533460579268506,3
168355,3.3541578825455414,0
208619,5.690648207452739,2
65792,19.577954165837703,0
76318,3.577240069959053,0
213127,3.1925045045865073,0
39832,7.050561314076786,2
6217,4.329265501945427,0
79697,5.786021668893127,3
27674,10.114763086095643,3
51617,4.409178681841343,3
195099,3.5776155211610927,1
193194,4.170915928474015,0
39126,6.517912140799325,1
56464,4.540368334019411,3
50533,5.009422042296061,2
211498,3.570955279666942,1
64901,3.788744306394321,2
219937,4.550271415577111,0
66017,4.717810232346757,3
52502,5.898889522684513,3
207421,5.983839778497064,3
46596,11.184137579600034,2
52231,5.565887618127938,2
106169,5.487558461398492,0
78489,3.9967298809773624,3
142447,4.136568042485653,0
153142,3.3151233059120715,0
187533,3.7827220353906608,0
103105,3.1767781166868003,2
95877,5.6513323533008375,1
36082,8.665324234206338,3
91942,4.204079856306279,3
68565,3.699434895397912,2
32647,6.452301821116114,1
13794,6.770837899060393,3
93889,4.761332140180247,0
118787,3.3661667661540653,0
136040,7.707500968185739,1
32643,6.732887769131128,3
111702,3.2904087502098935,0
111489,4.409434503518938,3
154403,3.175570379288235,0
178486,3.354407521923406,3
102535,3.33982816654761,2
191812,3.66036668951784,0
20779,6.39290278723044,0
193441,4.08403366609989,0
20541,5.268213445886749,2
194651,3.8558384412150133,1
52299,3.163309491575884,2
212869,4.177929855845827,0
219551,4.077296985422782,1
58216,10.299801369449154,2
126083,3.214731970552142,0
178416,4.52371017248805,0
97114,3.179335115594418,1
42259,5.017964338430244,3
7077,3.4375689716858737,3
148109,3.693087543957699,1
34585,3.61235236465766,0
140317,5.429712124292491,1
44881,10.208424094980517,3
151999,3.4119605607518855,0
121511,4.5572135492629435,1
192617,4.389771014179466,1
2014,4.308698714015009,3
83587,9.797921023830964,1
130721,6.399329829385364,1
71377,3.279578393551958,1
14538,9.716903591679445,2
46720,3.6973022554812767,2
1353,3.6319075259842597,1
116115,7.649685050201126,3
81776,3.534591760553843,3
51631,9.741266896235214,3
2555,6.843587314265701,3
118044,3.6403262493280106,1
64836,6.036867920472572,0
183187,6.857752506451632,0
78336,10.324015948783005,1
171560,7.7296948823358465,3
52896,7.4524830376054165,2
119410,3.9829198646707873,3
92924,3.1639257067461326,2
149203,4.885391874127711,0
120533,3.360177566761663,1
126991,3.4363392800542654,1
127345,3.4406027856993546,1
110552,5.273043493002775,1
102236,4.556553385988597,3
112110,5.416633300478547,1
14101,6.098255762214906,2
99218,4.686326822155937,1
130765,3.298493911906178,1
4406,6.189193458255854,3
215343,3.1951311635646586,0
76978,5.083746958757308,2
94308,7.010994604045841,0
22944,6.038162423528339,0
106975,6.496700055116733,2
17538,8.150429434503502,3
92190,3.83572109785932,2
88939,4.550091891948114,3
126809,5.7312925969419535,3
104005,4.313885117050353,2
19010,6.924503008223217,3
42505,7.452105507957057,3
102783,5.172335709108237,0
75726,4.49058713560127,0
215126,14.847212997929624,3
57849,6.621303001818763,3
47704,7.758728445626389,1
37018,5.345815546146786,1
154753,6.464089854450697,0
39985,3.5253039342044996,0
79549,3.4750970832260637,0
148973,5.878239447986666,3
94536,5.292603070273612,2
93096,4.1822150679582455,2
72382,3.946758717967292,3
88549,3.5641207479652444,0
920,7.4954117475679904,3
194041,5.893995094587151,0
209646,5.752288283965224,0
59077,4.581710086096624,1
55821,5.341207504659732,0
75811,9.421602143509311,3
129840,3.2145348105495137,0
37005,7.5309765730290845,2
72268,9.959850222419874,1
106645,4.554486727157979,0
51407,4.072471250791931,3
148446,3.1962870455229937,0
199147,3.8598962725321364,1
105274,3.828370252247618,2
100647,7.1387490247380025,2
119074,3.5346257076454695,2
66535,3.742458448802723,0
29788,3.5554751953751946,2
200839,4.229060661607733,2
141190,5.312174067274579,0
66855,8.142701750854062,2
116371,3.2128477326017233,2
111641,4.334310301129044,1
48741,4.167842464883481,3
80505,3.2200763966431114,0
121620,3.9539548599078262,3
92110,3.982893760124137,2
5203,3.158257888055193,2
33811,6.116477328443114,3
22931,6.227431626302056,1
5143,3.572031512420642,1
171060,7.456097594638901,0
54368,3.742333296195809,0
64383,9.792127652088398,3
45164,3.538634982209854,1
77548,3.6289298227001154,2
197839,3.5365719401109708,3
88981,3.4252137128913027,2
67584,3.3540112252553405,2
201647,4.125057118457457,0
43947,4.88693338343815,2
58012,4.4507182882991705,1
123539,4.080872072422199,2
120003,6.793173617939945,3
89581,4.282633583687728,0
189939,3.3602137728670423,1
88831,3.32014945142185,0
75398,7.11196120532672,2
118290,6.187855723841284,0
93276,4.978815556101224,0
100675,6.015605474059139,3
105390,3.1406302112984004,0
91487,4.999210048201148,3
84454,6.692801977207119,0
125619,7.651630263414257,2
44446,4.463494376163727,2
116840,5.246463099405959,1
213500,3.769972878891734,0
219051,3.7104041750748387,1
184820,3.1787632904930554,0
101642,5.399339016026843,1
184878,5.232381429013193,0
195593,3.446794278742351,0
94245,8.669957104013783,1
150719,5.53942439973789,1
53484,14.818883255979786,3
29910,3.8284204536647515,1
112902,3.293350482975356,0
74720,3.3985079534606637,1
180889,4.291384148388783,1
209908,4.742311825816431,0
198043,4.035716238968438,0
19111,3.695869487050409,1
49091,3.860633691432625,3
75695,3.6412078486201427,2
192980,3.145741644316213,1
99348,4.939684987547175,1
185082,5.560314787883102,0
60169,10.835667305351087,2
52909,4.165431089895307,3
203151,3.64231977181446,1
53991,3.436202280436417,0
47553,4.162748057475715,3
26464,4.734615705387771,0
25271,4.344246061403254,3
61580,5.765940421358087,2
117113,4.1182278363840705,1
97845,9.172853510603552,2
43651,4.0103877720207075,2
130530,3.388457493694302,3
76728,3.9619756547090272,3
75245,20.420438534019898,1
25038,5.37142782062863,0
94819,3.1286242832356796,3
163055,7.4201239470293405,0
5266,5.014058284178811,3
97069,5.992563574902571,2
57846,9.281733098417016,3
51028,3.332824776292587,1
115456,3.210370607838735,1
176000,5.697383822180846,1
136280,4.329071663809415,0
56163,3.246708614549017,1
123850,6.241379597434605,0
15069,13.643874370394546,1
207442,3.7146721334648816,0
12642,7.103764833353253,1
69106,4.317710137948055,3
87627,4.993300292869558,0
158157,3.7934012239250867,1
214880,6.689148319482921,1
108716,4.734524577522857,2
105881,4.197168807439301,1
195604,6.184531887696431,0
99777,4.5256557020099955,2
124442,5.0071113490393255,3
50816,6.334239812943714,3
20722,4.096661354517096,2
84035,4.062773365357596,2
33449,4.012161648143464,0
92591,8.380404452413856,3
72779,6.625450745865867,0
137488,3.210657315547916,0
208232,4.4597837004639835,2
60650,3.6030837687404738,2
160142,3.284108338730835,1
93804,4.779321505616068,3
81520,8.893153776876758,2
20715,3.9774894680012203,3
183320,3.2961723511202736,0
38195,4.349752607681068,2
67165,14.391000734179011,2
212446,4.061185504994011,2
61138,5.988543509436244,0
164815,4.201774657011557,0
53089,3.987242928274977,2
118746,3.4145444754896754,1
53131,3.9607749951205746,3
100076,4.86433123093447,1
24923,9.200656468105354,2
58709,6.278583008797945,1
111807,4.189781029024854,3
54328,3.2770313660173755,1
184897,5.197577843584147,1
123780,5.205975652758569,3
188444,4.919649493139449,1
97205,11.905222881609703,1
50232,4.224332201679909,3
22876,4.206322297563917,0
101610,3.2100285335655485,2
103072,5.605506168352228,3
47519,5.044379533659949,0
109540,3.629279800022365,0
893,4.4687835555119495,3
117216,7.234929532611007,0
60420,4.508383242391265,1
92596,6.818042444503659,3
17482,4.915676090007544,1
19562,3.2552534999689886,1
98901,4.498404862044282,1
151823,4.918279123418903,1
119870,6.042021743194425,1
187602,3.79370452570487,1
173648,11.0679241154866,0
82342,4.075043498126007,1
106445,4.440518336092552,1
90675,7.693833679537725,1
93969,4.033966075632691,3
170530,6.867622933083868,0
6843,3.6116547109640216,3
100010,4.541616344784542,0
99199,3.472958969339921,0
138159,3.2746508544151913,1
128014,4.299981738858428,3
98986,5.431509563193687,0
68303,3.46919321845634,2
156396,3.607293257372822,1
81380,3.8377811152571755,2
213698,8.201587159041509,2
89850,3.52368226280156,2
181285,4.278420816446161,3
138247,6.998109981881559,2
209400,7.4131687650195754,1
50498,3.501961873593002,1
99039,3.412425529150522,0
170084,4.341008753215515,1
185102,4.522861063926225,1
61156,4.2444657739885265,3
81763,5.306907179281988,2
70649,5.021593173131372,3
216649,7.770282078019412,0
97334,6.044095542677023,2
78215,3.4478336898241704,2
101748,3.8327235832530295,0
89535,5.84723394729353,2
30718,6.304296829241773,0
185286,6.575638675747916,1
81793,6.794720013893949,2
123483,4.147419461026444,3
44871,6.195996996170556,2
219074,7.724137623395418,1
61689,4.115051138647615,3
108585,3.8785257241493216,1
198819,6.231288635815533,1
74674,3.9289786659423465,3
168184,3.535896998233648,1
31751,4.754968628804271,0
126846,5.838341904294349,3
56656,6.148910283159058,1
48703,4.5615706907692495,2
157934,3.5049695278936372,1
215610,4.067767970409081,2
133170,5.230522885853279,2
69678,3.3914759849360037,2
48522,3.4926333705417374,1
64657,8.908257909367638,3
103108,4.522201574910147,3
51901,9.811373163617159,3
179654,5.196161432042763,0
120377,8.47469472253064,1
68256,3.7088970526456033,1
164499,3.9697564838568957,0
209095,3.650499276056184,0
198814,4.755744789019287,2
103227,5.684413865619971,0
98135,3.2327839359308754,1
47695,3.285080074129974,2
103320,3.504207063936976,1
23375,3.2670070974409224,0
76388,5.7520533311552775,3
201624,3.968670668088432,1
2011,5.459299163612409,3
106638,9.657280945001435,3
58713,3.4999851273861218,2
69641,6.093782449868616,2
48857,4.586194472235094,1
64897,3.946154124020165,1
148904,4.369425341488349,0
214879,3.6702471628423172,0
59712,4.77463635634831,3
56313,3.914575750456091,2
220651,4.677740093794242,0
96855,6.257764130978492,3
130935,3.6037992384316127,0
60152,4.110692493503751,2
157648,3.7376398342165738,0
7260,3.578046300989998,3
102528,3.280301505738514,1
207047,3.928760304589838,0
133757,6.330366083883307,0
116775,4.755629042703124,2
53661,5.626281567034813,2
44679,3.8257051291282798,2
66259,3.8725713611153734,2
41795,8.421776265506361,0
193250,3.798153623640397,0
68855,5.97620233716231,2
113170,5.3421702972689165,0
20329,13.551803740486644,0
215989,3.7873565760350787,3
17038,5.076858108017202,1
204938,7.702511882222703,0
85661,4.422742863233076,3
209336,3.584212241568957,0
114878,12.594439306986281,3
13977,3.2895938639225344,0
137414,3.1904622931741358,0
98907,9.41350199358179,2
15263,5.726661587294137,0
82511,7.216572938425875,2
87348,5.672604132400238,1
68560,4.305975251682584,0
211370,3.5334793997989298,0
114101,3.693698115994107,0
195171,4.115832226196541,0
119945,3.226794395075495,3
79812,6.400670262390648,2
29498,11.765465172162433,3
48871,5.746932417480437,2
202874,3.4571125643331984,0
218304,4.390017247690867,3
70901,4.327342576571668,2
86900,8.626485934373054,3
27918,3.139857503756984,0
160503,4.662484054908361,1
135877,3.515897480764524,0
29731,4.214135184970019,1
72740,7.448333826789432,2
70460,13.012923315741745,2
25601,3.743626306005183,3
178286,3.3904163004759718,0
35410,3.6861481754051546,0
51976,4.163693906811915,3
51252,3.3230468487016918,3
189169,4.9553797211952055,0
182581,5.959604934717282,1
92421,4.733272830895693,2
88091,3.316877070953426,3
119024,4.0434224209691205,1
57972,5.704406148023592,3
74935,4.743380222918823,3
156775,6.520672888288959,0
102704,4.610229374461179,1
51466,3.221003786786321,3
70689,3.896550166968933,3
80174,4.321441889417001,1
168249,3.1658563629016285,0
1786,4.549095826476854,2
73294,5.843409763146054,0
77954,3.843072999431123,2
54451,4.554295535924608,0
217963,4.935872914395739,1
168357,7.672869381621288,1
61355,3.8268079662326926,2
1812,4.009090164324247,3
12304,4.13786540298934,0
184931,4.136134911053792,0
143632,3.6828643205857405,0
202776,13.360797137148428,2
141574,4.207208904033432,1
82399,8.267543446985222,1
45798,6.913735703630923,2
128187,3.312209029000213,3
74723,3.5159584315833965,2
20669,3.214311210955927,3
195472,7.244552100704125,0
24773,10.160031477480764,0
88709,3.7533294694450703,2
134708,6.5285643866430245,0
87699,8.643816667366483,3
65487,5.098177407933453,2
155010,3.361804754696806,0
212706,4.421404424671065,2
27049,3.372415860611582,3
14080,3.5034966807920536,1
72874,3.8493053736073497,0
34009,6.6957795337567045,1
76183,3.2860747059476347,2
194448,3.2855423151520173,0
13760,6.692714872489358,2
173009,6.36027068698815,0
145528,5.629481608811085,3
170314,4.913882469792923,0
27067,3.4847182063682323,0
89752,6.618718791180907,3
80963,4.655005863153871,2
139560,5.808354885668653,1
123618,3.4524652504395945,0
103031,6.787980666489113,2
210370,5.135839357317744,1
98109,3.3477140861034176,0
113352,3.1713625583326177,2
213178,3.7371824075240525,2
126153,4.171646073271955,0
128860,3.3623461549299574,1
96075,3.3436195911956714,1
195412,6.522814771167015,3
220226,3.2076194190684113,3
78789,3.577213612580991,0
201007,4.232157330789989,1
54241,15.051131719130971,2
108734,3.3725469807233264,1
153060,3.640254567693482,1
82500,3.6141187655279587,0
190705,3.451099706787355,1
76605,4.967469678183553,3
103647,4.7842279987899,3
212759,3.222955143412166,1
144802,3.411245199766672,0
84445,5.091035908910101,3
167152,3.9153252582272335,0
103507,5.199384455892104,2
54953,3.238351692426461,1
90524,3.8690752359563376,3
71814,6.58093434874046,2
183234,5.062997029786175,0
82011,4.220396842718818,2
65056,3.4541173078127,0
96052,6.0949025785362245,1
56353,6.164210802158102,1
110519,3.674286845163217,2
77424,3.203272234933717,3
155416,4.333123604198441,1
95200,4.139127776542736,1
184374,3.6950945202478356,1
80941,6.880552465727547,1
186680,5.646661196933081,1
83653,3.2385312645559914,3
110391,5.419400962230171,2
195829,4.298127891019092,1
57862,6.057620645551771,3
124731,4.415688838216092,2
190194,5.9604175677627875,2
8706,3.6682247579235465,0
130245,3.3476771840904416,3
71063,3.3567788430754026,2
178352,6.972742102139447,3
157311,4.928380000433368,1
117158,14.804039432453473,1
193834,3.452654852106318,0
99198,4.18616104293919,0
55784,3.5756415194735354,3
38913,8.912931805219422,3
41363,5.784944541545228,3
190013,3.404755277057051,0
56773,4.26279123005304,1
184627,4.127415396427356,0
34808,11.522569051084169,2
90116,7.877177235814344,0
118034,9.864346672465478,3
149016,7.128575596246968,2
98462,8.194853440963296,3
97917,8.404753787094661,0
44628,3.978381346419278,0
15160,3.146370081596603,0
193256,4.147744153844937,0
194399,6.31496982574453,0
102353,9.337918901902713,2
52581,5.092186172965091,0
102719,12.219930881287134,3
160601,3.3009333860492287,1
102552,3.7781517105832556,1
111483,3.4060877917461454,1
170065,3.235516819782817,0
77317,5.663275957817987,2
208576,7.254363450507708,2
132915,3.3508924525706654,0
37578,4.81321888284086,1
194706,6.827440247216778,0
103290,4.411387071324295,3
213318,9.537815442429235,2
20684,11.355507331142128,3
171097,8.769120830553215,1
75576,6.061050296239221,2
41087,4.609307320538054,2
159519,6.83437124717937,1
55729,5.136218828911433,2
21443,4.9065465781218425,1
114779,3.195334164472715,0
63306,4.750392733157723,3
188188,4.428437730182368,1
113902,6.800471362684554,0
215648,3.1673277298943834,0
77339,3.9502370240798106,2
179876,3.4879825934380473,0
67785,5.013945998563183,2
109456,3.5146013474545414,0
133682,3.5619144112886705,0
25451,3.2791392142569045,0
112001,3.7808211044560434,1
93535,3.405857157420254,3
20538,4.743381154436191,2
209672,3.828576095764559,1
97018,5.871014954580352,2
16841,3.6154386848404605,0
176933,3.6469628236073457,0
111118,7.3113648237383675,1
122992,5.9495728872418,3
9091,3.922593481872987,3
98392,3.6875281624833463,3
74150,4.368713820258484,3
199673,6.287514253044007,3
126030,3.43139961467681,0
195707,5.2842602040063795,1
95908,3.309377601582497,1
155955,3.221183295228788,0
128404,4.866943071103533,1
26458,4.963232506745319,0
104738,4.027480488107207,3
218818,5.782051750721319,1
172319,4.903313655721339,0
188453,6.784129077985303,1
111456,8.213341111497408,3
80695,4.026452378243272,0
60664,5.474474248328893,3
180972,4.721626795908939,0
103143,6.184493169291409,3
104578,4.87263319062761,2
16888,8.54582841061244,2
88795,3.152093347133615,3
105192,7.206216812693324,1
126248,3.2407878162048895,3
150373,4.001881469222004,1
33133,4.194992305743572,3
107014,5.068202799179612,0
149194,5.084947663946231,3
94315,7.980438511198638,3
210179,6.766231679269139,0
59345,5.940053311379362,0
91930,4.07679596982139,3
64724,5.377630453927619,0
101173,3.1732254013921386,0
1977,4.517056280395547,2
50487,5.301240047042192,1
43269,6.0828015635962025,2
41557,3.4423069983241703,2
52797,3.4057772309818866,3
32419,4.4356138062573685,1
202367,4.00035260783153,3
110588,12.010178039497294,1
184696,3.988436069215169,0
44277,3.986442450653259,1
73298,3.517360144249306,0
219406,4.261272254221333,0
90705,3.808063388320438,2
184960,3.5201109157902977,1
181454,5.421166694414328,0
90971,6.139270661029354,2
62205,5.680883498225647,3
89658,5.965659290673084,1
74852,4.458393612482251,3
171844,3.612744164459052,0
88904,3.701008238374161,1
196757,9.695487365128862,1
61181,10.376262169502318,3
163900,3.319826538116911,0
108643,4.571387211409597,2
70992,9.375880882895302,3
170578,3.4964180321964893,0
182010,6.688223708737474,2
106131,4.169629470912922,3
102407,5.5328323045684575,2
53489,3.8247004521368737,2
54141,3.257151546042531,0
77736,4.665944678009154,3
216672,6.567394760400795,3
117780,4.025893432592878,1
61824,3.3753338092480103,1
103596,5.251968427878619,1
118503,4.5156878738954465,0
27875,3.721870411723758,1
26344,3.805759243617364,0
79069,7.077823174038835,3
180036,4.04684839633702,0
154081,3.63778021706091,0
173494,3.9240427139823186,0
117339,4.197909570883615,1
107734,3.24443033592207,3
14723,3.4659055352412462,2
192260,4.784430252499541,0
217665,3.6532250345730826,1
198484,3.538605232532066,0
183996,6.914750736592298,1
37221,4.026284382508559,3
218289,6.211767533280922,1
41706,3.752961724515515,3
118202,4.722668063153037,0
203458,3.7148012957982033,1
122758,3.634358680743662,0
89541,3.8714552464975185,1
36950,4.740322070036108,0
174786,4.938432265781838,0
84298,4.970817330908591,1
3822,3.5944756087570546,2
48827,6.004667440189627,3
47990,15.510543111581296,3
19643,3.8991675176221943,0
27365,3.8693433588143744,0
91193,7.012423233546981,1
96464,3.833918270325732,2
143621,5.1140655484953434,1
30997,7.045327562034103,0
183113,10.846572947999471,3
74131,4.356578392966158,1
190115,7.386032970819062,0
129289,5.116897437600404,2
63053,3.7871553645542235,0
12688,3.7564712449098856,2
201064,3.6742580943606207,1
80504,6.5569529968540055,1
35395,14.65032052628743,3
79983,5.239934200845641,1
78449,4.376041416923913,0
31478,5.618659072202737,0
45415,4.421990024934377,2
92666,5.159195326556377,2
137310,7.748101136865152,1
193366,4.242367745297898,0
127541,3.79908049014092,2
64989,4.527469202598473,2
194117,4.894200533916827,0
205596,4.3859308494127305,0
217094,4.398980195642757,1
195706,3.7260582684170434,3
199830,4.066251162243564,0
186419,4.109607969633217,1
58477,6.659104656661716,1
169248,3.5027121130863614,1
202388,5.00230008272724,0
16182,5.002666336875924,0
213954,3.6343279582997265,0
134560,4.308136814013232,0
92568,3.350927987359194,1
134263,6.923343417963717,0
154783,9.057601158700152,0
194757,3.257399516915176,0
94943,4.070057370210554,0
200150,4.603960374242234,0
66416,3.612091214128051,3
185436,3.82148735214939,1
90073,3.611360897111986,3
113244,3.503364746511668,3
34002,9.024508266679735,1
212664,4.458544291653641,1
152016,5.826348317653022,0
208682,3.8525816969511126,1
88693,6.661479779041706,2
96728,4.332298842580649,3
74717,7.602416247201548,2
5606,7.138422223492142,1
58948,7.553572729974817,1
206697,5.72913637270635,1
103162,6.252102340210193,3
20631,4.959454246138808,3
164355,5.806500262842622,1
190823,6.970413403552708,0
84193,3.1959351579304363,2
110868,4.421883742012403,0
118214,3.9843986072707698,1
47357,6.7367749405306565,3
138124,3.3704000781632946,3
217870,4.309562960943344,1
27072,3.387259299715085,0
21203,3.3598171130263754,3
68009,3.420763133303388,0
23744,6.810952756552578,0
63790,3.7073062366465326,2
28440,3.331317170960439,2
131567,8.585704459742228,3
96616,6.941151926031978,1
216555,4.102296892133586,0
121196,3.7761779455226616,2
167774,4.407162632600767,0
3990,5.828476750481943,2
177687,3.7926930281423594,0
99047,3.6654495381807877,3
205534,5.426652385167208,2
186683,8.207476832567528,1
90527,3.5977478330995964,3
58084,7.735763759428066,2
110489,9.79139319665994,0
88268,3.7849392977804115,2
183315,5.083169013306238,0
121181,3.691365495589455,0
148599,3.2054946824934287,1
92952,3.17971518410753,1
96726,4.930238442133993,3
159575,4.0294273290142995,0
134016,4.4926366015953825,1
2381,6.660582915411517,2
83422,3.647794355818263,3
15590,4.702078773456552,0
60256,3.657476483869278,1
69159,4.5143036869043724,2
54960,7.130398985219408,1
49965,4.311949064158323,3
37950,6.627864339805937,0
183038,6.757632429022917,2
177429,6.06755615208095,0
98759,7.6236732970729495,1
42022,5.968746191716118,1
165228,3.7510665437007495,0
78302,5.861941148676362,2
36417,14.320291292282768,3
27781,3.43568916776404,3
46730,5.502506456198723,2
172654,3.782971455806041,0
8577,6.898536245842511,1
79719,3.3513574345937123,2
80091,7.709040274514265,2
45811,5.618659094927478,0
174457,3.1719598088854273,0
36429,3.2394307709936214,3
21322,3.966232011354344,2
82417,8.211803350096634,2
90493,3.7084943281355756,0
17915,4.29632659727848,1
84169,4.638854884086161,3
101893,3.438863742399996,2
29984,3.2555282206566654,0
104204,6.46468476943202,3
60834,3.440048551775458,3
155326,3.5671813508315493,0
178211,3.687339498855662,0
196783,5.425504143440406,1
185437,3.1671565840863476,0
87242,4.081046805069649,2
180051,4.064558873207282,0
172562,3.2904156029604343,0
57868,10.883100758998332,2
145988,3.6110579905782814,0
216610,3.5861859595041503,2
57257,5.024963475790006,2
125557,3.2213876091794145,2
120746,3.2017278579580957,3
83960,5.041274091713444,2
112900,4.544811020532372,0
180292,3.401239305686646,0
82784,7.327042782716337,2
76110,4.282596589558283,1
42595,5.32235108604736,3
102472,7.408634862685734,0
14978,7.289249302733265,1
75756,5.434594915884075,2
94824,3.714643085002715,3
138463,4.1760046702079645,0
130147,6.61368230755593,1
41723,4.505747985365007,3
115791,4.521619287763018,3
34475,6.016664009100531,2
170800,4.337012607025407,3
75771,3.1798396613837427,2
125638,6.6527494924686525,0
191159,5.900990806234568,1
97780,4.458541106608914,2
187029,3.6290959444500066,1
186727,3.1564356135307943,2
70011,6.662626668398628,1
37169,6.650134146727254,3
192558,5.193949808296427,1
208644,3.6091146730705184,0
75758,3.9066223861612137,1
79924,3.555026139825536,2
74077,3.6475350513749705,2
23638,5.333477052937269,1
114826,6.443421121286304,0
55662,3.9243226608429564,0
52129,13.81161344343484,3
46144,4.618223475195826,2
97848,4.696935246884711,2
7161,3.6722328495057663,3
46021,4.535935288063929,0
118708,6.007924751315484,2
162174,3.5769443592768733,0
186734,9.087896366499065,2
44511,4.24855253436607,2
37053,4.567321792357948,3
94242,7.616955213437803,3
78706,5.210688844773671,2
55222,9.493772775190696,3
115680,3.2967427627886625,1
103848,3.916082593917837,1
3617,4.176571120839302,1
1696,3.48666010550189,2
118652,5.129447514091536,0
179707,4.753788981143757,0
154795,7.26764302380753,0
3331,3.366687393718249,0
164601,4.160709460815548,1
82960,6.604438742433789,2
96244,8.222090727652112,3
21510,5.234932235558544,0
209367,4.411663395995591,0
218986,3.728079896238734,0
127768,3.16114686771396,2
66718,7.147906443182428,3
216705,8.067665387697431,3
72898,3.173399278761896,1
179929,3.972220113622905,1
15467,3.149214226002806,0
13677,3.331930547030881,0
13019,7.008924954645249,2
73941,3.578921329269745,1
43328,6.493327323385172,0
108063,5.560339579886772,0
182198,4.385542297347001,0
30468,3.9749966707485687,1
33343,3.643024968952082,1
203816,4.272917547502351,3
210574,4.434408497468064,0
4185,9.504464812812937,3
77302,3.707461610226803,1
193952,4.296462201698191,0
57782,4.586623462729267,0
168270,6.143824814886868,0
199143,5.901272057590653,1
92832,3.231404638779227,2
92220,6.63029423123792,2
49737,5.131395440295066,3
94362,7.4331152505150015,0
79496,6.396807091989688,0
217460,9.618461714472442,2
133814,3.2598976366582133,1
211663,4.173064196505846,3
192586,6.500599255347385,1
62182,4.078705408636804,2
47809,3.418348965923598,2
49308,3.295507772672021,0
174768,3.9075315829717425,1
120435,6.795765780361306,1
211512,3.631242817355508,2
189514,3.7801083886198965,0
205677,3.3883448833960905,3
66723,7.816429353631538,2
48780,8.670758147660493,2
24677,3.7788411788845444,0
187852,3.2418447221167197,1
46534,3.5515062901235286,2
187522,9.473176433933233,1
192588,6.670370272136225,0
145854,3.3716659412021035,0
127251,3.716244290421794,1
83414,5.107255746190834,2
203907,8.946224956377781,0
117815,5.618659954712031,3
50065,8.570468820625626,2
59844,3.3172238502376867,3
184791,3.3217960423043333,0
12825,4.4718559852527555,1
95172,4.8627186379124145,2
21167,7.755231564615201,3
75769,5.341233782462987,3
8280,4.711486777626726,3
9101,4.463004552537576,1
36192,3.446359594607486,1
144768,6.346320173645045,0
49681,3.1626318761417807,1
80100,6.6183751780168185,0
13089,4.393644019687912,1
213796,4.017333168355967,0
70780,4.051628588442783,3
205514,7.967148546471741,3
208643,4.855738063168868,0
2105,3.835980733176627,2
104287,3.5983278092451685,2
48718,3.8960098425122345,2
93026,3.277673229596055,1
114701,4.471005648940135,3
136347,5.44505885462687,1
56519,3.7816220528478253,0
38764,5.048621420058888,3
89779,4.808822809070554,1
117913,4.614150774872502,0
119492,3.6012679547839106,3
60994,3.671668044798524,2
49108,4.240981955430312,0
149706,3.2236993346206813,1
92144,4.764657809475031,2
105986,3.35960961719006,0
142408,4.97204493243706,1
214330,6.414126980159832,0
193340,5.423546111040339,0
115372,4.113609599297601,2
145508,3.1710621693846557,2
215550,5.285786823253176,2
104421,6.529214033492849,2
61809,6.434114610588811,1
108201,9.806049680743309,2
103806,3.514865299312311,2
42504,3.3886693198677467,3
39366,5.341510069986501,1
19117,3.3247392295961236,2
61024,4.05859874266649,2
33914,5.925107702353592,2
50418,4.403667192484159,0
194414,3.6163414846240247,0
48038,3.5168800905614113,1
75854,9.41174853807349,2
37887,11.514206688913667,0
79927,5.887152635935205,1
199426,3.134101797372093,0
53047,6.9674726998888135,2
175279,4.019822392367879,1
183005,4.908546783895533,1
15012,6.806147528768648,0
56395,4.165164142794072,2
52213,5.248366233384358,2
70112,11.529509519932937,2
183891,3.192175797862439,0
39353,5.512623879458209,0
90271,4.802046251068742,2
36385,4.720280065010462,0
194303,4.309180071620967,0
19617,3.872833548318079,0
125774,3.9443184512808482,0
125787,3.8584866978375936,1
197360,6.239941685507505,0
200565,4.048880184221332,3
15430,3.4278175774067488,0
64548,4.639436748048338,2
205510,3.7408458942540364,2
95114,5.7553937715841155,2
214180,4.22119014579214,0
166787,4.345629696064298,1
125081,3.196797667184795,1
101726,3.2488498618530226,1
101799,4.426642046831178,2
127235,5.3488263963281,3
202603,4.271945674357689,1
100692,4.398871865511325,1
53054,3.76229426001586,1
60666,3.373553683010499,3
55059,6.115023419143256,2
192101,3.8472867179486303,0
145239,3.514771282325109,0
55759,8.359438271302261,2
162009,5.987846960820011,1
211556,4.244741163432515,1
80477,6.29065367731147,1
90657,7.473375897850737,3
154998,3.3501349585568647,0
108808,4.53170265081641,1
145398,5.863643921079308,1
208658,3.5030623292874647,1
32620,3.804601853290409,0
34424,4.545084994910784,0
7076,3.324475152852173,2
13337,6.756926015681918,0
33768,3.3102191044403657,1
73867,3.9959427597896413,1
62072,3.3123931526862256,1
108154,3.3276979256674,1
194513,3.5483196842430296,0
144248,6.449733485978946,0
78631,4.130672219335926,2
121969,3.5537992785712866,0
98647,3.8089451830662173,2
48517,3.346365749927581,0
80360,3.223729920374657,3
77708,3.5436279153427797,3
103241,3.281103106458102,3
83313,5.13043527358458,3
46135,4.308160363972995,3
15066,5.070884785460913,0
112299,4.86182380148051,3
191480,3.6830028787647016,1
70688,3.323043496992895,2
19708,4.451532284028854,0
43191,4.139617678916775,3
169017,5.650597125309833,1
84979,4.070083337809573,1
68695,3.7791650798675303,0
146742,3.135226422779737,0
219409,3.8306619821205405,3
7614,3.382938840764261,1
99920,6.651925258248118,3
85990,4.980200498127875,3
166484,3.199351721006334,0
80061,3.5818192911115374,0
197228,7.423338541517785,3
77947,4.506129815201903,2
57724,3.3675565997617234,3
201203,20.30852826640777,1
181785,5.490888330030545,2
172451,5.899014451367487,0
192601,3.7205485108962524,1
95516,4.595721339727406,3
65410,4.6672503000414505,2
60361,3.4473776853000473,0
182911,4.338426189995376,2
206481,3.2737438587430363,3
80806,7.012950538460223,1
53377,4.517853642834002,3
69415,3.9958168233337403,1
205991,7.464226618054921,1
7777,3.688359400745478,2
209339,4.129150699882732,1
8651,3.2476808388977787,2
47352,3.984217526916749,3
49610,4.720578449042556,0
102831,3.793333522196704,3
37413,5.706860363520358,3
64610,3.292028213319181,1
216669,8.10399512049832,3
39930,12.535348287122488,2
14787,3.2639706837670746,1
65109,4.600602023533112,1
171554,6.305472812282957,3
204104,5.7409744927711035,0
191332,3.269323950798837,0
89037,6.914743225808311,2
160542,6.744984066890784,0
200651,4.091634454986792,1
6717,9.309036453833423,0
33146,6.2973910143376735,2
205328,7.733548319009367,3
4333,3.3140213389208713,1
77872,4.103093263979066,1
26517,3.4571476436468664,0
98166,5.006233562963915,2
123345,5.537059733184804,1
186368,6.020135733155928,0
5336,5.455373601435776,2
8691,3.1550763148554584,2
147243,7.012345650168021,1
31697,4.134102230039039,3
51450,3.646341128753263,1
84918,4.314910288158061,0
26296,5.572461001447831,0
8492,4.300420827021985,0
201209,3.4832535354184717,0
105471,3.317906109699802,1
193140,5.73016656310171,1
105053,3.577601056894631,0
33878,7.678247751123919,1
203295,3.820035625107348,3
31675,4.649375332100528,0
96853,11.405214588066102,3
27605,4.993579285119509,1
58443,4.231386576154026,3
85449,3.5862311434512026,1
120453,3.371135705072315,1
82509,5.828759413228183,2
15529,12.795489389956845,1
12972,3.6692867565875034,1
110919,4.311042875311145,3
34135,4.540477452740703,3
146648,3.3496938188689356,1
95010,3.841176251723949,3
106813,3.3777408992943556,2
7102,4.533168203057203,2
57707,5.66140351602808,1
73191,4.206433326907494,0
69224,8.604672364391181,3
12086,4.644071668222492,0
81576,3.3799481668541658,2
85939,5.543135894224393,0
78717,4.089594753630644,3
174685,5.249962880068614,0
102610,5.343218507794557,0
35988,4.415365332529646,1
14527,5.645118364125185,2
29459,3.1904408783815392,0
165081,4.641666284461882,0
19205,3.4481493370085685,0
120355,6.325834389463398,1
46751,5.531756601840813,2
12521,4.571693442665266,0
92492,3.218145297184357,2
187767,3.4383618467352957,1
118194,6.44238106195498,0
80165,4.872356052715009,0
192676,5.0269078942534104,1
92015,7.7852120607146365,3
27833,3.541445718989028,1
100187,5.301224857705206,2
70228,4.9299964298680585,3
72296,3.1906700692271985,0
189989,5.591928169169677,1
123617,4.797472757158859,0
40778,3.6406374863402657,1
179831,4.37877975229284,0
205738,8.641755852379262,2
7910,4.336204727941329,1
21442,5.45338770677801,3
121852,4.2790674387865755,0
78196,3.788005668921059,1
117287,9.736614686893445,0
84995,7.146747283874434,3
107312,4.4051995235903565,3
22588,4.137486503080637,0
192679,3.1881464335494942,0
135418,4.357506065245603,1
70774,13.062542208976922,1
128221,6.827780529358673,3
50702,3.243033371013496,1
117632,5.068440013665374,0
127135,4.283836782227205,3
199189,3.140806507298058,1
205838,3.394185579539643,1
179534,6.416889841460653,1
37888,5.2853549994801785,0
215317,8.585464037475859,0
203894,5.975788521978517,2
36144,5.7311554004105005,3
208690,8.027616993907992,0
71437,3.3545918141816307,0
113969,4.000310925571407,3
20879,4.417946297203014,0
12530,3.2262664947822657,2
206769,6.111897351668986,2
102984,3.408862013243889,2
91984,4.047273534764365,3
177181,3.900537180351318,1
144408,4.11903996803381,0
216586,3.2654282917643327,0
102966,8.307168627899987,3
191200,4.314803893723596,2
54776,6.479506156534408,3
93258,4.8510594575517825,2
46355,4.410918743017793,1
211914,3.95214775602604,2
51256,4.807685557040246,1
56606,4.990031870841637,0
131709,3.233164397423817,1
51717,5.037384375201798,2
26204,4.4533285202066395,0
100859,5.994857040679435,3
103971,4.006673999997799,2
207621,3.483778682765971,3
194292,4.265610856829087,0
65181,6.2312467839522,2
132088,6.648433209755321,3
88484,5.335062270491914,3
171360,3.5432690203451536,1
94026,4.5764647747725125,3
48743,3.9712075223051135,0
76392,3.1541666404877216,1
67675,3.6501696083269817,2
174984,5.9293800760077,1
30792,3.666578449756379,2
202900,3.9394157560564658,1
200759,4.075276011698115,2
62176,10.36522063691786,3
138411,3.444711996088726,0
64242,3.9965852553399923,0
38156,3.2805258260534877,3
168002,3.2291725150167707,1
94683,7.910490355246894,1
147995,4.733722888016361,1
43104,4.538526992700898,2
88771,7.56872414220692,3
182737,6.264616793055208,2
52985,3.130469093048648,0
70036,5.2060496167320665,2
151169,3.37708448290549,0
101205,4.530688091638253,2
26763,3.9281314233724998,2
14677,6.631710179943747,1
61821,3.1899922862042,2
119600,4.634406131493865,2
97465,7.100090974418137,1
90239,7.760024351831454,2
77797,4.886950431394456,3
116016,5.935897787580512,3
173986,4.5393894413063824,1
203754,3.6081806814302055,0
91415,4.295930239734915,3
2590,3.2196071725873128,0
218275,4.506290232576401,1
131427,8.331551890449706,0
174892,5.513461789543617,0
154478,7.662993296599673,3
190087,4.5845274198607004,2
198698,3.240712999693616,0
51439,4.386009771662145,2
181313,3.7303965982851626,0
40827,3.1734254035197935,1
119113,3.673440046218693,2
14060,4.411306227681223,1
69851,4.1315518299904035,2
90257,4.096853132963151,1
98369,5.9320192484327,2
119872,4.6081338614299305,1
121035,10.265541042567268,3
156730,3.1296450550731123,0
75657,4.087621936752068,3
215108,12.691938358088212,0
99984,4.919297500714717,2
163517,4.533527093750597,1
124013,3.9908113808426604,0
117108,10.654008830127712,0
85011,11.816956939811806,3
120717,4.216829892709612,3
120529,3.4370769530038197,1
101366,3.695670747156149,1
68017,3.32884962955685,2
972,9.935198562391165,3
190081,3.6114646664128296,0
77577,4.474839483315154,3
51749,5.313061754166622,2
5252,5.143285745161702,1
83030,4.135963083281677,3
82006,3.3654125447014014,2
29097,5.172889640288624,3
75677,6.711551040617775,3
9000,3.128970198343897,3
70390,7.43400418126239,2
52474,3.133072341775496,2
199397,5.909084857726202,2
53333,6.539296296115843,3
122161,3.800069866024492,1
82362,4.021676913894918,3
53559,3.1561745984309635,2
1822,5.2974808144964225,3
202244,5.157115704087847,0
110713,10.093977195014492,2
75924,5.133579127170513,3
106628,4.418371184776276,2
105656,4.152985330018987,2
52610,3.6597461261517488,3
202245,4.4503185073209615,1
123475,4.7866886469905605,2
144874,4.211903836421912,0
32126,3.2882342734479413,1
170648,7.1374911586324075,0
159164,6.776121105414956,0
74900,3.2514301218636685,0
111239,4.541594405914436,3
8091,6.719373950134415,0
167752,3.794477889006731,0
53017,3.2485610964997207,1
944,4.201847420678735,1
50882,3.8261479573676453,3
2154,5.93207147317321,2
215637,3.480624321633746,3
207133,4.2796721236486235,0
84392,5.135101629709414,0
79476,5.692213725693454,2
84933,4.885949509474813,2
84875,5.167535293622859,0
216686,3.303089765118415,0
45547,4.188737062452645,0
219197,3.8138923385947754,2
160617,3.635852490828584,1
18638,4.64492122771599,1
110739,7.467673400323899,2
104242,5.2061290276019365,2
53890,7.937566406777783,1
158955,4.18160836406855,0
67988,13.00542677666743,2
194218,3.7092939056960823,1
20187,3.5810686129491485,0
34010,4.8697657792979925,3
122145,3.651281638245117,3
193775,3.308080837564393,1
200886,3.240791635666673,3
81175,9.518508842926643,1
93509,3.621830348647327,2
121643,5.475176751670735,1
23467,4.181670807910085,1
14553,3.5568756336485006,3
207997,4.026553451124001,1
94889,4.9049673894144945,3
48508,3.6717630914677812,2
57801,3.837906048796051,1
219149,6.598334421809069,0
67299,6.223120445496552,0
118587,4.976076261540856,0
87308,3.661121922337493,3
143747,6.28125786581193,0
117185,5.873450300610969,1
115504,4.00939485519859,1
107101,3.345008458945662,2
3790,3.726152136241014,1
213375,3.9230098123690036,1
107575,5.3131787503529395,0
149068,7.415576536919916,3
208459,4.57352956542069,0
97729,10.482882289587758,0
46939,4.4560929068853365,2
92398,3.2045477073296507,3
104654,10.288525693225278,3
37811,3.3373715135094573,2
11482,3.7239644551247073,2
112158,3.4659660021560246,0
91567,6.4195665407475815,2
188587,5.463882289358894,1
99035,7.143291936125397,3
104268,8.180122748536668,1
205998,3.2434989044382565,2
52712,5.241810596738858,3
62039,4.4747143678229016,1
27352,3.17367859316918,0
98650,3.2233178982867288,0
200307,6.588340912351979,0
122511,3.5483789554005556,3
28935,3.91878110762657,0
4374,5.830574755174508,1
118560,3.4485093352031884,0
119671,9.11551884704739,1
53467,8.712315843715775,1
91269,9.071703264961524,2
89188,5.958129605018927,3
83858,4.336632957715889,3
121025,3.8240674131103667,3
100439,8.365011048828022,2
74464,6.646406944026934,1
64219,4.542261891527403,2
201961,4.062854528988086,0
57917,3.664042757491835,0
45602,5.381735731760021,2
165438,4.586855708587013,0
200420,4.853806334917984,0
173859,4.710537764245991,1
118997,5.254898271715214,0
118629,4.398054799617933,2
173343,3.5747371965208563,0
138949,3.332475233380637,0
42086,7.194051168072542,0
29320,4.659122163366858,1
52440,5.290128528483413,3
94233,3.2624515565475107,0
99290,3.9501548056919,0
193553,3.6382841203859755,0
24283,3.3444895403614545,0
131915,6.657060966607432,1
99242,5.536798471004932,3
109603,5.495227916882751,0
68517,3.153997823671004,3
128261,6.04421966419952,3
111031,4.136811325246484,2
215988,16.153822146171304,3
210390,5.0789870676878355,0
200009,3.4191480304774657,3
117172,5.295297611232854,0
217434,3.6037320337236647,3
206735,3.471454758778337,0
33810,4.0569534386953165,2
9339,3.987251770884523,3
27419,3.239844901774293,0
31256,3.7375081443951244,1
165906,4.154467305139892,0
76371,5.376274551688318,1
205735,3.7752170946391086,3
95894,5.039616825613988,1
36568,3.1641133115469673,2
206794,8.500103736711706,1
38211,28.26757554136904,0
107301,6.227100682851727,2
187742,5.241213006934844,3
164501,3.2860785815336695,0
199759,4.292121875385773,2
71062,10.533915544954477,3
216500,4.858999552225662,2
45759,4.445344065471625,3
52455,6.016559851074259,3
41483,3.426615101911337,3
93215,3.422692601462211,3
146485,4.388828607929371,0
43834,4.7117718921050376,0
152496,5.175422020668478,1
216940,5.496791781268483,0
95746,4.073994193702787,2
116788,5.748690892136971,3
95936,4.10081596527321,1
44964,3.524810413645067,3
81579,6.65312796311732,1
84241,4.642755007028073,0
55322,5.041331479001811,3
168741,4.513575106168347,0
203407,3.1724788156503045,1
127932,4.080349972668161,2
58304,4.904101724539293,0
94246,5.2879019978742186,3
210860,6.134435375547922,2
81434,9.604741578312932,2
93339,5.416210644631661,3
190093,3.283237918466071,1
48177,4.945429894684125,2
145889,5.183355293662499,0
141109,6.8963434083923865,0
122705,5.799650262702438,3
196693,5.25701824751164,2
27175,5.179477190747915,0
98783,4.692370319397842,2
72972,3.5870554439500424,2
179476,3.9681284810952313,0
187467,5.221215107012098,1
53725,7.128196578987076,3
88059,3.4139564868043646,0
92808,9.58055279696772,3
195297,3.7037780382493963,1
67953,6.002224179402134,3
49606,5.091624054079492,3
32016,3.6089002595047384,2
112626,4.448286503324164,1
21159,4.194340711150041,3
191415,3.184461509154075,1
97447,3.5464192930834955,3
108882,4.233377758747011,2
119930,7.498271578025054,2
118272,4.715050855838161,0
216529,4.684096001728894,1
49814,3.81551453356986,2
146506,4.107112662668687,0
62242,4.790456779941785,3
26469,4.156407295072406,0
162817,5.194998436476492,0
173512,3.34323902604147,0
65868,7.323237083826561,1
49948,7.563558120469477,2
78846,3.379683183323209,0
125043,3.258577363208751,3
30715,3.7135801296253117,0
144969,3.8444675319597605,0
33433,3.2486613710411647,0
112701,3.852480668954323,1
71340,4.713423114859124,1
56599,3.898345610888545,0
11332,3.5878616775198786,0
43138,3.9766710305960657,2
104209,10.059231483424826,3
98835,4.19207466966712,2
63945,3.2594823373639015,0
43692,4.0592880171325705,1
101143,5.373860736202296,1
56229,6.8789130071867515,1
63691,3.2318599532572128,1
18311,5.0109689244686475,0
48480,6.598809180873754,3
158528,4.02634882642051,1
217912,4.8683637747400805,0
50176,4.966972474426627,3
189789,3.596023422313925,0
92940,3.582394571754209,2
75456,6.078191629682529,1
117301,3.658946940237157,0
49073,7.978858060925154,3
109898,3.5618614221155838,1
72974,6.197631121425122,3
218560,3.6406510097203117,1
45709,9.963123335281258,1
148746,9.58771684236112,1
29150,5.338479838799763,1
41160,5.591351659761472,1
199681,3.939840921638522,3
195542,5.011059382047083,0
24560,5.892427264376387,0
102276,6.795172245050091,0
108873,4.604274071500013,0
24285,3.8425629781496755,3
90259,6.334519131485182,3
153213,4.634616214604753,0
148958,3.228876174315704,1
32616,3.904994789282089,1
153591,3.4844780144480447,0
131751,3.6615547399738997,2
80685,3.203533687811573,1
126049,6.13666516447466,0
188536,3.581100888903176,1
53153,3.838864388181271,2
97945,3.6533777839941988,0
114965,4.248193506431754,0
54238,3.2601467571253337,2
74540,4.23408255337073,3
156907,3.2388756159052168,0
155475,5.895223744758455,1
75968,4.2698750276718425,2
179778,4.505090868381558,1
4603,5.7830415845237,1
189179,3.735768301052172,3
117053,3.2778532154605484,0
5372,3.290918280895216,3
181226,3.918526394696423,0
25587,3.9635344790611127,0
82555,5.679892707074055,3
121538,3.408383088117546,2
6252,3.577407340123947,0
80514,7.879369485082048,3
41649,4.197017514126053,3
160657,5.04700393892222,0
89628,6.939664222520401,3
76651,7.117566938640001,3
18984,4.138196758666238,3
206171,4.501878948768809,2
78305,6.232009140942463,3
907,4.581311137767004,1
50754,10.577748936285108,3
77668,7.8617064987139855,1
174717,3.653526975090802,0
86975,3.861103538512495,0
33057,5.932227882143959,2
93646,3.669062959414177,2
124834,3.65945831075355,3
61805,5.468796602816857,1
171218,4.071724520037693,0
95350,3.6626565637335915,1
52131,4.542643064456547,3
91908,3.7837697397325236,3
67663,4.092460519216052,3
99276,3.893341496057348,0
89593,4.495274933445096,2
100851,5.665295999480777,3
73067,8.317529491334339,1
74947,5.425189256472184,1
92033,3.9667302335005914,2
107384,4.923319975113239,3
69204,9.040912056057369,1
39402,3.1706191866727558,0
104935,6.570459537440131,2
83163,3.6036738640188375,3
1660,3.693568134448439,2
193043,3.8781009256931105,1
62207,7.521081302409498,3
104089,5.9424154071294035,2
18151,3.985507978520016,0
50729,13.29872622879357,3
80352,11.556904361395484,1
167592,9.600435731567774,1
85681,8.65364683623053,3
122937,7.9158745399239425,0
49794,3.5778649188099596,3
91085,4.698740288768559,2
20604,5.296806513335996,3
60790,5.21147607072375,1
66245,3.295201368529355,2
90834,3.890813884343122,2
113900,5.489650685955641,0
42729,3.197223355311123,1
56826,6.4779216667976,2
70168,5.4091561084176,1
145069,4.130352597472587,1
72085,3.277069384201673,1
74705,6.501538737139986,3
34821,5.0585910185883805,0
7194,5.882866080541769,2
101569,6.197190968536937,1
50154,3.3673584770992346,0
81185,3.2994618507129574,2
87020,6.7334878323505345,2
123504,3.3949862783885805,0
122981,3.9263036940949867,1
117009,6.383974536998523,0
97325,6.811898361872775,2
61439,5.294183533681183,1
81068,6.770166751501401,0
114060,5.665666265052379,1
74975,3.6522444939103806,1
