pid,dG_r2scan_kcal,dG_b973c_kcal,dG_gxtb_kcal
explore_100297_157167,-7.98457979421913,-4.348645521041625,-4.860223832752805
explore_100398_14891,-5.027283335205337,1.534655373680616,-3.11265744446616
explore_100414_123785,2.498137466133869,7.87640920459208,5.057159832315697
explore_10095_140194,4.436735543523634,8.948881233878277,3.781380081794833
explore_101400_28727,8.660133368656682,14.282191118810772,7.62375981575788
explore_101514_50610,7.77048379472192,11.0171235983906,3.655055116537064
explore_101520_109752,5.857576702527543,10.68310172487524,3.2501622695896817
explore_101604_184407,-4.750211428913212,-1.1465590923048123,-6.37471061589263
explore_101644_160212,2.0634724750275906,7.501719575208014,3.650632704608595
explore_10167_186649,5.076470205716396,9.67320020687221,4.795725773504774
explore_102869_99847,-1.2908805558049703,5.181005302934996,1.5139530448921308
explore_103635_192592,4.282949388945315,9.016796223571168,6.567720410670215
explore_103728_179581,-7.096002217853523,-1.0392687528293316,-2.429482576402018
explore_103764_195113,5.8375129255064655,10.203446269723624,7.105562384387339
explore_10414_127112,-0.1279701894515295,4.310141747446584,-3.041579922796436
explore_104311_132490,-5.186846353318433,0.9460898836527344,-6.154862457895628
explore_104957_129892,6.5769064652341696,11.717161567088192,3.3538108591065274
explore_105160_54497,-0.8556109341823485,4.696909352772619,1.8431803417226635
explore_105874_146149,6.42104710905223,11.061467354558433,3.849161161554592
explore_10655_60455,-0.9290455686748584,4.725145806939345,-0.7606450328039738
explore_106572_103083,-3.9928585378127375,1.2805291168960713,-1.5167864947196164
explore_107008_55591,0.820619091508981,7.5043420707947535,6.384698290635968
explore_107144_100122,-2.872204492638309,3.238614400354711,-0.7015962883853838
explore_10733_208073,2.703061864035512,7.131536322283459,-2.1694923252876177
explore_107903_128830,-0.3591769888367709,3.96487732577577,2.1900415472360075
explore_107965_115421,4.962865487242349,9.461919108201476,8.857282810784444
explore_107966_69382,-0.4555152904286606,5.426586762547441,-0.4538149011306565
explore_108720_212540,7.623256669058265,11.713631834233464,5.48303400618604
explore_108786_188140,2.300772843466689,7.558743518210037,3.002849742524917
explore_108814_7599,1.691831141784554,7.383821392144281,0.7451606925918611
explore_108907_18494,0.2374190498000643,4.316287286662143,-3.0614457273805877
explore_109070_124952,4.1948667097303725,9.070697364529048,5.280351389852318
explore_109137_167072,-1.6273688486288092,3.431586282075719,3.0565152455375943
explore_109217_38233,7.598444869556758,12.720587266220331,4.698693149011604
explore_109306_203010,-2.4574861186511034,2.275808935522337,-5.842725214122715
explore_10931_102735,-3.382598913949955,1.9481469314656448,-1.211942905623404
explore_109599_171059,-3.389292595870689,1.7657618518700633,1.1301205265190415
explore_109860_89997,0.0033284546849131,5.487126889736167,0.2651332235670706
explore_110054_188460,4.531910706112133,10.08199990924528,4.182734136689798
explore_11005_93915,4.906927415928615,10.007535147089316,5.513194919813724
explore_110422_122579,9.83572677656846,14.81430392948169,9.364834465463735
explore_110798_6264,0.7075557740082787,5.353532388710796,2.0532950041821945
explore_110889_6743,-8.110200043542033,-3.679344629789008,-2.5147021426545297
explore_110977_46872,-1.7459318980582652,2.9579646766983907,0.1506101621091664
explore_111230_133980,-1.7965128991005312,4.369109037987539,2.4295824144862594
explore_111241_110932,-5.183429105840533,0.1071357613281403,-4.1282479863789465
explore_111748_216648,0.329979851153357,5.12596714124555,2.0168563443883087
explore_111963_196533,3.976505958678058,8.467325323603454,3.703167784087572
explore_111978_75163,1.2210848451541196,6.3481660953589625,3.004976324958853
explore_112078_151736,6.285707884968502,10.633186775576954,9.25524956883491
explore_112289_195719,-1.4599247463625438,2.4984990416014914,0.9480830723666488
explore_112350_84326,2.956573205278232,6.566295115163483,2.322394175843429
explore_112355_16650,4.483247619196826,9.449538501751784,6.8101178760822325
explore_112358_193835,2.7126875055965614,8.23484489734589,4.73809170527022
explore_113112_98714,-2.739209250901888,2.886831552113496,2.5503121797789343
explore_113246_198487,2.7798527252786185,7.580981051096896,3.3955488389000523
explore_113328_32954,-6.021369603626559,-0.268920313484382,-8.273254335776928
explore_113556_215611,-0.0432229851630031,4.743023181586787,1.004659764789852
explore_113777_195138,-0.5784826707731425,5.412598999054033,-0.4469422855201371
explore_113990_112850,5.568183397988633,10.708138920528246,7.238161978521887
explore_114163_214156,-0.9689279711410744,3.425008413451309,0.0078873800840402
explore_114555_40612,1.2596354298473436,5.731958719020651,3.481472831448785
explore_114617_92237,1.885344497173926,6.625020871115924,7.727572750950323
explore_114929_174506,3.547257448935885,9.767640182042255,4.843305246129735
explore_115316_142677,0.9535851819005164,5.759003705812353,-2.0388013515891794
explore_115605_166053,-5.503037647518491,0.3737103526358381,-2.3478489961082265
explore_1162_48,2.72649005138302,7.447945646503619,4.840950147972012
explore_116367_211674,-5.457962727483828,-1.5635893693045595,-0.2249463093687316
explore_116588_194066,5.962187977135328,10.245931552249033,4.827784073655497
explore_11684_121702,0.1497499578767544,3.954390021658865,2.125491238745885
explore_116902_50852,-4.039806026547596,1.174870812426407,-0.1544800764085484
explore_116973_132918,-0.2654783950718081,5.200191784190022,0.91547825198654
explore_117105_85064,7.819351396483232,14.413344601908175,12.750410758459902
explore_117227_218814,2.3946646169337376,6.47358994485437,2.429062094997238
explore_117228_125309,6.1702938543749575,10.80390837731446,6.890722700572459
explore_117323_64956,3.495963624716256,8.930104038138948,3.4182392157445403
explore_117340_204750,1.6192752593126911,7.198170169551907,9.302892452205375
explore_117351_79022,-2.337102222421459,2.4443623540130552,-1.0757486223168895
explore_117532_175843,-4.243289307253174,-0.0121609917280999,-1.9009674697131975
explore_119057_181648,-1.6374823429702616,3.671966228271565,1.4280500355217964
explore_119101_191380,3.5320262359207044,7.278697049785874,5.042949837222674
explore_120865_165252,1.684336198879159,6.302616695716586,2.711067923340331
explore_121606_92369,-2.5629348142729294,3.0500181654780105,2.3734740722464496
explore_12174_197607,1.952256494206709,6.653516285559339,3.9833692317301255
explore_121754_84997,3.3714506296189404,7.5062278505128,2.1292457106433558
explore_122218_186186,-0.265013844005755,3.7241106335866343,0.9016029792204288
explore_122332_98913,-2.1459692655178206,3.8554225333994983,2.3758493906415645
explore_122554_184846,-8.452633498858393,-3.4916014939377917,-8.53386813944328
explore_122737_5303,-0.0170601027095751,7.025790366596571,0.8130219349117391
explore_12303_200429,7.781243506410013,12.230675976169374,6.916206869792745
explore_123085_100955,3.491193944256456,8.30867411198632,5.030346524479885
explore_123183_172615,-7.950424975555109,-2.107878196743959,-5.204729322700136
explore_123300_132085,9.16994939957179,12.504250516011956,7.867707513518932
explore_123377_148717,3.22080850353109,9.18487565961962,7.015652277368424
explore_123784_151150,6.002011696671876,10.942782457789331,4.787021763610316
explore_124240_54584,4.50965907966563,9.083584620094433,5.81787460225804
explore_124268_127135,3.909629928201746,6.945851808582424,5.939991526708022
explore_124593_88744,2.1879528101573995,7.582185465747389,-0.7159876873007244
explore_124700_215173,14.367022193176751,19.328798950154336,14.056649530116236
explore_124955_123343,-5.569502052612623,-0.7416041947007871,-4.037140034727029
explore_125028_19355,2.865064429482728,7.14034562788177,-0.4064961266142531
explore_125488_170809,2.4125327688732026,7.907469573767705,8.23283797184151
explore_125529_15295,-8.865856661494881,-3.694514272762213,-5.69908375438848
explore_125612_1984,-1.2422074314124816,3.683307334964771,4.400768413339327
explore_125673_25812,0.7566866239823377,6.012926691520588,4.0592697593661295
explore_125762_104348,2.043514196243399,6.950010236787202,4.525481875760931
explore_125909_89348,4.509083341959578,9.84781607545528,6.367189499997962
explore_125952_65409,5.330371678656951,9.6594697914526,7.716552606180165
explore_125984_97032,2.808595354010232,8.95282393815015,7.438082545091817
explore_126197_7914,-6.201471976355735,-1.4912697117598637,-5.768238504277399
explore_126250_85620,3.7690454479180455,8.355723804068788,4.589314513193365
explore_126661_156477,-1.673347940684254,3.419194489367788,2.1900446286772963
explore_126813_219736,10.80694349339901,15.741856640012813,11.447994944900085
explore_127152_129919,6.430411482287556,10.275210812689869,1.8974309795746127
explore_127414_146927,-2.5919704883279437,1.8671527946838584,0.6653303046954293
explore_127478_111247,-4.155687091323529,0.1565218029948822,-5.589481912971507
explore_127794_183451,6.756228876191367,11.063379366263572,7.714142665408714
explore_127855_159347,4.063684617183441,8.470916140392344,8.797277021167119
explore_127884_64656,-6.809127849531239,1.1347485028412356,-1.3419508012485877
explore_127959_24871,3.4634289898080293,8.499529941813998,5.698434515989494
explore_128014_148532,1.9224187743604495,8.655973842250598,-1.7841114443042243
explore_128091_39313,-3.5975901855001746,0.7494780242619726,0.5392542678729935
explore_128517_202393,-4.456559603046327,1.1177189628585549,-3.947898621227628
explore_128650_152956,-3.9306154049473614,1.7176566589941047,-4.508426378020453
explore_129279_198066,2.665540049913143,8.688995425460517,0.11039394325721
explore_129304_72437,-2.859359986167461,2.945481957216983,-1.90326752115469
explore_129307_177112,0.3085972278188713,5.510144759213092,-0.7324964449432686
explore_129449_189585,-6.1039846493665175,0.4913540133147129,-5.272111445700833
explore_129506_171517,10.811577582452063,14.797511784395088,15.07996344080602
explore_130297_153611,2.972723065255168,7.953196397269255,4.452801547191652
explore_130464_143545,0.7161391197298252,6.018567804097678,-0.7384238154189356
explore_130596_126040,5.675303584462344,10.375049662547362,6.719673661276662
explore_130656_25863,10.512294873995094,14.041210954736206,9.743039846502706
explore_130727_69787,-0.288664783731722,4.875413514297192,0.4125827717350236
explore_130828_43547,3.1837990560340703,7.820817142380947,4.764483682617716
explore_131049_181702,-0.5249703296033675,5.270538187222198,5.160369941240804
explore_131173_51121,-0.1347993804531472,4.363126031637821,-0.922741100169043
explore_131272_80679,4.070192386906534,9.109829324038287,11.692219333031934
explore_13133_90074,11.051946944995,14.824265373878744,6.146005768913122
explore_131385_20021,-2.522575314464901,2.785060450088701,-3.266504346683916
explore_131533_113989,30.806672074565807,34.25523893306858,31.17566141231209
explore_131928_158478,-0.2081273567274003,3.7616465263586782,-0.912575302938144
explore_132562_59548,3.064935060495426,8.000373091831209,4.969304649845826
explore_132882_188761,1.8909661014825108,7.138554158073521,1.4908380638579035
explore_132965_99161,0.2814600207246496,5.241247972091359,2.811890665972784
explore_133009_195323,4.633720263873597,8.107917662126734,5.482770736357404
explore_133370_9551,5.594941144286223,10.615507559063332,6.032821365622663
explore_133477_3034,0.1961164256398532,5.112161576653943,2.5410926081739067
explore_133754_64327,0.6590858887676435,6.125085730740222,3.181927164988429
explore_134749_87059,7.290601767528709,10.959024320126408,13.1334549429347
explore_134857_208034,2.926117213078127,7.413085629042867,2.1062995218799827
explore_135014_158248,-4.628618281281721,0.4954652808574278,-2.2352702571871266
explore_135240_136274,6.9946726844963365,12.275233720863785,5.672876326296183
explore_135272_102228,-0.4589953382707207,4.5057773245674735,1.925476904161515
explore_13554_188162,0.7562251536441779,5.689406050138309,3.278864919698873
explore_1364_137255,8.16409737104332,13.279579815205128,7.375684986317736
explore_136979_77214,0.2349547019072768,5.446670986059348,1.18110006177611
explore_137133_112433,-0.1053319198833933,4.184235570348954,2.530247105305139
explore_137632_128171,5.84951587897551,10.750828083048846,4.202253206433925
explore_137698_139608,3.871268238698848,9.020466035091452,2.3759266805713093
explore_137960_185811,2.0328401097288054,5.611074344975961,-0.6709319623895348
explore_138023_65104,3.197799589738141,8.07725360294087,4.79300538947284
explore_138359_158409,3.056509569761585,7.493131882195889,2.5965543264315394
explore_138404_115368,-1.5347005079422589,3.503539379157817,1.1400998184351334
explore_138782_190093,-3.451295335580636,1.7246764403568575,-0.4379088838626088
explore_138812_197760,3.8677917061139886,9.583593968102516,4.747664492130267
explore_138838_199266,7.261617439984896,11.774600719072902,6.33241173252875
explore_138943_168733,0.3726064607154181,4.277352985767072,4.296951991710869
explore_139100_77702,0.2476066922053591,6.24346990961541,-0.1620940339020303
explore_139467_16047,0.804312674781793,6.073515956083791,2.037552352241404
explore_139813_187280,2.243064998062706,8.450993410685474,3.755051938949871
explore_140115_208447,-6.193995417442928,-0.8350776401479082,-6.735868902564164
explore_140191_193678,1.863526283070911,6.690144334891086,4.291641513810467
explore_140378_112793,4.454446926691651,12.203336809113088,6.11111185763137
explore_140528_13176,3.549298681567052,8.213117920058114,4.31555255959792
explore_140578_23299,-2.223890766453517,2.891925267733583,2.1268545552209
explore_140779_191246,4.229717881334414,9.031811290965258,5.777514492496707
explore_14122_69778,3.41742725189855,10.230994782313402,5.435435210882458
explore_1415_120051,4.142481429503772,8.69934975340789,4.657957869528639
explore_141740_129968,5.456902161295669,10.299115952631206,6.036697092955382
explore_142378_114809,7.170718196590114,11.792073503204278,6.278077990928984
explore_142684_163802,7.27977602978656,12.69888543869841,7.539747006376548
explore_142933_58836,-4.520240354258669,0.8528823492390657,1.2718075203000343
explore_143005_106290,0.1876616480159471,6.146088139575542,1.8788266985344
explore_143123_150688,-0.0486391262373704,4.289384905098127,2.0807056536637045
explore_143149_80132,-0.0072564223422783,4.918449818864071,1.065205231816563
explore_14333_206849,1.8959007516964468,6.730231777191184,3.192344806160116
explore_144077_47213,-9.483654903059826,-3.2848720697125207,-5.024067448151774
explore_144429_40495,-2.7263448625928874,2.486873131516486,-0.6082023679366648
explore_14447_104510,0.5583629053892101,5.949393301709243,2.090986589675315
explore_144689_168669,4.269372490282956,9.343754561740091,5.403170636437972
explore_144739_54935,-1.3595126156623722,3.820020036703505,0.1198809993611961
explore_145320_138179,-0.5073182873298515,4.622595880009925,0.9637677705751626
explore_145626_127587,1.1762460476743437,6.005125191970031,1.9631393682366975
explore_14594_59174,9.50535276802546,15.806363048772512,7.7913954283090066
explore_146419_92954,-4.130941517626867,-0.91736649028011,2.5507837104942763
explore_146681_172332,2.875244310713769,7.424608359498278,3.774670079235829
explore_146760_182275,4.832874181490964,9.194124702456156,6.662224904132552
explore_146809_188723,3.091824167049998,8.090128883089713,8.504710103262303
explore_147319_122981,1.2142000609395125,6.284613662127736,2.849033992584243
explore_147788_109231,0.6095914938545155,5.997737743739324,-0.6888619329893679
explore_147989_23174,5.196240640589965,10.610373553922988,4.7926315311864816
explore_148112_116087,-2.191254066418093,4.1612732126152325,-0.3592402677467514
explore_148169_180187,-0.9514459872017212,4.0629501029964885,3.3808595049046595
explore_148253_74234,-3.3487238781556536,2.580654035804613,0.4521009801434436
explore_148395_6050,10.150214571350718,14.57621551032672,12.881584989885845
explore_148563_140040,1.3919066426011202,5.864977356568312,4.600367614560952
explore_148800_57487,2.4139805237166687,6.611571083155177,5.974618573360321
explore_148860_46686,-2.369013432796588,4.1363261187649405,-1.4165777805928037
explore_149035_219624,2.975820819834399,7.493224035153855,0.8895108333141384
explore_150124_5408,0.1073886386939062,5.058223653514314,2.9488136767572137
explore_150268_87362,1.8403895713622944,7.87391632522391,3.760411571381915
explore_150351_119577,4.233399996932626,9.082213996521512,4.297519995565721
explore_150904_166266,-0.7050498163138533,4.990651922070292,1.4228351401577417
explore_151078_77612,2.2253584191151985,8.077688232408724,3.4234261380793494
explore_151246_18740,0.1275017161360422,7.224129436679941,-1.382626308946062
explore_151407_209838,1.1989324857186177,6.119701593237998,2.425294763429287
explore_151821_30838,3.469499368544271,10.018018584458972,4.073367021641032
explore_152840_8947,8.908368490828899,13.7607789007995,5.910505369107657
explore_152951_71179,4.470093396772387,9.385692569334829,1.88811706952396
explore_152997_53794,1.4181164904602157,8.197448582221618,8.342416204427293
explore_153119_123048,3.155688179624324,8.214149406026936,3.927681783309136
explore_153272_164251,4.145894735755913,9.079039297296044,4.138018224397697
explore_153563_173467,6.76026493613498,10.879289090010536,6.407951081666157
explore_153751_39531,0.80381968762136,6.215662146896277,0.9975419035778444
explore_154457_97425,2.430045806712374,5.1801105365368425,3.416226634795928
explore_154467_43478,0.6291094517001391,7.159838420124157,4.293678401219903
explore_154633_40820,3.959580206494786,8.6940812263836,6.404962571364513
explore_15532_46577,-2.209815293529798,2.8408241266926484,1.3522479558828862
explore_155437_86377,8.188462436963855,13.788000643640684,8.565874567809564
explore_155949_219508,-3.3901076454383423,2.08998291158464,-0.2456638120119354
explore_155978_36974,-1.8171038467773568,3.211093345080441,0.6812521100518739
explore_156460_180668,2.128328597125608,8.213570254151852,2.9091308301096293
explore_156872_211820,-1.618037411944494,2.707248028208153,-1.645114816505871
explore_156937_127730,8.194252273385008,13.793983603691023,4.266190772956173
explore_157031_27254,-9.194661331454476,-4.431007403344151,-9.964263076308692
explore_157469_220694,6.998862242720253,11.172480064267331,5.887063427277471
explore_15771_76894,7.881455018260654,12.8424440232568,4.59981533722845
explore_157829_175944,9.14531486812384,13.776732932164862,4.511473704371399
explore_158268_96270,0.8460639500592182,6.125711578072049,5.147802496106506
explore_158872_200769,4.103802345912288,9.009578740576488,8.063174971671808
explore_158898_177182,-1.3562729710346213,2.9285396402714405,1.6941160758009255
explore_158909_131256,8.776551732594832,13.003117546468248,7.299666693927202
explore_159275_212710,-1.7154959873757625,3.763730735158224,0.2986384097166647
explore_159737_79723,6.586596625158849,12.522878906687124,4.850649305849362
explore_160289_201366,4.142747866737876,9.130950280686903,6.490976917758655
explore_160290_26160,-2.713915553405036,2.692794716535554,0.3524190677041349
explore_160317_156630,3.599049887795069,8.389274708608406,5.843239333204545
explore_160389_166317,0.6283232684757991,5.6487621337416165,2.345384473576177
explore_161115_139642,5.486517635203061,10.324757839011152,5.741442959851275
explore_161382_160207,4.088023597577013,7.289487100337299,1.076130903523332
explore_161405_157308,-1.3304876946917432,3.285976644780641,0.0670169372515698
explore_161669_40477,-2.464704205107186,2.5880752683144137,0.1049791457922615
explore_16176_84659,0.9384802852921996,5.77236908351244,2.984762979254882
explore_162216_165488,-2.777506057139266,2.601955274746203,-0.5535345414290246
explore_162318_178484,-1.3083325878268084,3.5236740615740247,1.0270604689603442
explore_16247_131147,3.3690304034653105,8.188767009905327,3.5580689283953277
explore_16278_163893,6.889156279848713,11.858093250413502,5.5163740603553215
explore_16286_202631,-3.2882573651611144,2.4097213957170096,-0.7460309916584665
explore_16303_44017,3.5764907358764035,7.734084395624716,1.3849765793055475
explore_163154_186357,3.254968146890078,8.276204000043128,4.33106002552967
explore_163367_180111,2.469649631162829,7.555625565758369,4.249880392031884
explore_163565_218135,1.4144435607587649,6.5305756854465296,3.729658085122966
explore_163770_216058,3.283767260793297,8.063116637877984,2.2544642982961456
explore_163909_56993,0.3847725159833571,5.589876419211636,1.9318788755935008
explore_16400_164857,3.2572755910369566,8.695416770079536,6.763852321847359
explore_164326_106459,2.5232338428807464,7.429261106987239,4.805323392740935
explore_164403_96030,-5.288796581863865,1.8487942874432932,-1.7541403645528992
explore_165368_91522,3.40417552512115,8.41269682645683,4.438556908748461
explore_165400_53728,-3.265785738224307,2.161555586926129,-0.8143665704788856
explore_166725_107598,-1.458838790778924,4.018316163434697,2.620773238123572
explore_166955_59797,1.82636674832368,6.774366911066058,3.971196696831928
explore_167266_188874,2.603306806566684,7.607896829375659,4.162120208754715
explore_167321_188819,3.83626992174569,10.75705326269023,9.167907763872066
explore_167400_20159,0.1359096534125432,4.8174804934663324,3.077348348171815
explore_167631_110007,-2.243502577421686,2.135618708794016,2.877701524507104
explore_167998_74630,-2.916615162752454,1.5115900118839762,-3.454226180468866
explore_168338_52793,-0.4526113448378427,4.317996671166243,1.4154413558319865
explore_168534_121268,3.63862586933965,8.676014368565115,5.6780219034991495
explore_168806_131914,5.633616103665956,12.046441608043398,9.264470488971789
explore_16882_195829,0.3884060006823529,6.003042587240666,-0.3544062255850113
explore_169400_50939,6.696983632925963,11.453835971313428,7.910892243124093
explore_169880_92032,0.1784922645102198,6.03253324722383,1.4010272445384648
explore_16994_5341,7.927599230454044,12.8064808039076,6.890144144240087
explore_170452_60807,-1.4948619343662746,3.207305539199228,-0.044215883702314
explore_170638_67712,7.524376122330103,12.722445595756826,8.79175401477573
explore_170781_156755,3.1013715535996305,8.581750083631407,6.361662048937484
explore_170846_130440,3.401141312908924,9.10673918017816,4.878359900795613
explore_170987_168770,0.7922951025512059,7.84807342784083,6.280373855451245
explore_171393_201239,0.6781620799070192,5.202656881148271,-0.214106391532043
explore_171931_63680,-4.682878615750397,-0.2211221312229252,-2.5646822896831494
explore_172146_181575,2.259810669487283,6.924100454064973,3.7557435448123737
explore_172241_105116,-3.614019088983551,1.5324658940033875,-0.0906361825910793
explore_17238_162238,-3.3163883960331706,0.3289622614902745,-1.97730752937916
explore_172532_33635,0.69691953991163,6.633981290469487,6.981557315455318
explore_174025_114852,1.891275730829865,6.359760786892427,2.0516954536842182
explore_174291_212535,3.793646124746087,8.915735596724543,4.317951662034203
explore_174312_42719,7.88654350904214,13.208842028251684,9.844910945912996
explore_17514_193578,2.349107597012754,7.957138628987831,8.467419431907633
explore_175287_144980,0.4464470390355938,5.8946634725564895,1.4394147246505518
explore_175665_99935,0.4580561366673495,4.582190336860142,0.7234427289871287
explore_176048_78482,-3.27255985679178,2.342653899257708,-1.201351189913909
explore_176964_49205,-4.012651775645906,3.1865540132180383,-0.5097428613447768
explore_177102_197156,6.006393972032121,10.644632818921968,5.904682351512116
explore_1774_68213,3.377112076790749,8.548920458718833,4.576092963053118
explore_178225_209845,6.865695893815343,12.190306216019357,6.5553517975432944
explore_178411_125155,0.5932394372108288,5.723444661354894,2.062906996807456
explore_178491_106790,6.202415930101732,11.984967918501452,9.412293940869404
explore_178578_172728,1.1470870743054649,6.287030930756906,1.6039880557944686
explore_178831_168772,-4.286644751801879,1.621989190538044,-0.7046339970211648
explore_179410_60478,-1.1460830856023114,3.467977615806753,4.072815811334445
explore_179611_115228,3.167670188081639,7.795540076277522,1.4562763700281594
explore_179617_143429,-6.3185207788976125,-1.0849528979338587,-5.0814802365992255
explore_179675_97177,-0.9772401211366696,3.5324015499622825,-2.0242593576999237
explore_179870_55884,3.261654585989858,6.290773662729751,-0.0380218596909735
explore_180688_182317,1.247204814788705,5.668859717157053,4.477666331517535
explore_180796_185936,-2.4166382356529854,2.9809781769121497,1.0617081602847929
explore_181297_157829,2.2512559564006254,7.1087660171579925,-0.2902142085881896
explore_181347_4612,2.799227784405573,10.573007986366427,5.401651742348272
explore_181500_185656,2.513914571233541,7.704276571409053,4.509606241729426
explore_181553_20537,11.407994057114037,15.799701424356636,11.937655320707504
explore_181628_84772,6.156718257231672,11.245849832829837,5.91077041186723
explore_181901_196636,3.863975260749288,8.557339557855443,4.552648377449891
explore_181910_130784,0.8871300397498786,6.948628851212452,3.6320980877977127
explore_181987_34999,-0.3048776684357591,3.3419650141992903,0.2535924730222064
explore_182788_32223,6.8367020885959375,12.752898276944912,6.858307758085223
explore_183288_185812,3.776133734384832,9.109055877138315,0.2395123526110076
explore_183896_88530,-4.094072067182936,2.4836377562051664,-2.075808822409456
explore_184042_167959,1.358188853125332,7.058206147609087,7.1283780414314695
explore_184164_75604,-1.1176069654443694,3.848899825028242,3.980026067111703
explore_184263_138937,-0.8268280832750289,3.679404838957388,1.3556524464906226
explore_184414_120833,0.9380639273144352,7.578618338118042,3.76682931741912
explore_184829_51308,-1.292226022050044,3.312658178875336,-5.139424258276789
explore_184868_61353,9.841037633852682,15.442885974677472,12.117755193698224
explore_185522_147798,0.0574152940357497,5.155592832049136,2.475997811205288
explore_18555_10721,4.308909998541335,8.573607993182748,5.095783115809445
explore_185589_152049,-0.5673749222979129,4.447266683450709,2.7251681004429624
explore_185943_95651,-3.2826662342979547,1.150412270484282,-2.77060312342523
explore_186056_220752,0.2403194426804088,5.314552667553755,3.274554723412328
explore_186093_81000,2.5009324620795144,7.712754342774396,4.366398298280428
explore_186358_10409,1.1335905229013656,6.591517350459879,3.382446123643522
explore_186365_147079,5.78310492626528,11.362371336162068,8.142760964405738
explore_186428_42163,0.5222163864400151,5.420492348547744,1.57128150740229
explore_186699_29884,5.31199360211688,11.554091347224707,8.027993553371317
explore_18719_59604,0.3553340047248335,5.179829020044287,1.977196528150699
explore_187867_140678,0.1602125600262736,6.6740438371866135,1.0666174394375372
explore_188183_90140,3.053909252076985,8.211032663351657,5.01234391764433
explore_18847_138966,1.428546189017604,7.577363956663588,2.0359188921920524
explore_189083_129982,6.716387729825212,10.80545707386528,3.8670748762924823
explore_189086_104381,3.429161677670138,8.3746906611854,1.338564551526266
explore_189904_194591,-3.50327904238417,3.518242717966433,0.4673421799847119
explore_189947_33190,-4.316968857330331,0.6428407931786786,-0.007209287433798
explore_190013_19144,-4.446178236832063,-0.7990070061670111,-9.891810769686384
explore_190589_34465,-4.548208333519217,0.2727602303516043,-2.416670707426712
explore_190639_4881,3.0660255527048377,7.638958916550754,5.0971650572621074
explore_190742_26334,6.656535528590067,11.093011675880913,7.334131972473826
explore_191462_158625,4.636571971065938,9.786638778061215,10.736506085833229
explore_191647_83366,5.52474500300084,10.558457748619404,6.184215286908997
explore_191800_10938,5.507296513987295,10.382040524133464,5.205485935031592
explore_192269_96518,7.363416849264811,11.413318719175331,7.234525303802781
explore_192405_124031,2.090560564330047,6.4718992724335305,1.3603776575022122
explore_192426_213774,1.9696975844510052,5.936004920993577,-2.6997159829490287
explore_19254_103067,3.0603303756146847,7.652257001491421,3.4073009003121624
explore_192765_185780,3.793245327640196,8.587475508056224,3.704049804387836
explore_192925_216311,1.7808243087835505,5.171717382744946,1.4476487785079468
explore_19312_14986,-7.058620192044669,-0.0447121804479736,-2.6577910395553133
explore_193286_85896,-4.632381350738537,0.5123122473342376,-4.112975617852495
explore_193297_64236,7.009672993731368,13.20792371437437,9.232344844768496
explore_193302_40894,3.293060423157464,10.045230613847291,6.556380962835978
explore_19342_15960,0.7346272161512634,4.852676589954225,1.01065648588611
explore_194033_129198,2.450130079876621,7.559892297557195,0.5007481269457359
explore_194377_60077,-0.4715637198795246,4.863412188369046,1.5163057529246462
explore_194644_141040,3.110266500422844,8.796838987161074,6.491664383358004
explore_194882_114077,7.610706640552016,12.116933221766956,7.539138251149077
explore_194973_201795,7.660858632828291,12.859855984628176,7.229797006142114
explore_195035_53524,8.155376934214635,11.953619798611124,8.155630688343688
explore_195825_97199,-5.967657858163395,0.3662210048214014,-4.892612403855431
explore_195835_94244,-5.521483488515203,1.14878394313848,-0.8064933892516917
explore_196123_182129,-0.2272436290041564,4.458775713641513,2.536515387885312
explore_196148_46295,-1.431458077270536,3.923953832752048,0.1133238083678164
explore_196230_24654,11.568055600906243,16.534997285373827,10.264464180255445
explore_19642_116032,0.8878560907812314,6.5840420535440245,4.246465093693654
explore_196450_16110,6.080384557844871,10.825756144974845,5.2168808728504645
explore_196625_72480,1.9133761795295248,6.902999718688172,2.976598754421219
explore_196643_43266,0.482279903730362,4.243556724193562,1.7557691991230275
explore_196651_44064,3.615102916793224,8.979759053660803,4.340530394238668
explore_197505_189395,-1.090718241840597,5.063564749073077,4.467741617866402
explore_197666_175875,3.627887650194469,7.977413049209139,4.353294898164048
explore_197748_106312,2.991738800462598,7.768800201326386,4.015906956319361
explore_198008_53869,4.205378459705615,8.712224498652656,4.208875475735202
explore_19809_135185,-0.0351548420999815,5.420882355044637,-1.6379807868228915
explore_198209_59772,1.6236997653428322,4.37293604075219,2.741304899928535
explore_198263_107356,-2.7106993234935106,3.206977456089189,-0.4847288575431853
explore_198670_71218,-3.860327193101213,1.7888912197408977,0.4043868658554023
explore_198714_17569,5.336411176741514,10.53730197683494,5.649477250272064
explore_199017_90992,5.7828333981682825,10.582624055869635,8.917361707407297
explore_200086_59229,8.55912737564854,14.0540530110496,9.085817335402048
explore_200542_81936,6.321958723196887,8.680737768336419,2.996510971814746
explore_200776_32751,3.158888030185115,6.003065585904532,4.853133694810216
explore_201037_127547,-7.2028831608089385,-1.1069431074543192,-5.410755273297773
explore_201829_112450,-2.1375716306379853,2.8326620973341825,-1.8189851465488984
explore_202111_204095,4.908259409981678,9.592831747776756,5.485596675269839
explore_20293_207983,0.417158980713906,4.521998078739228,3.978218277093221
explore_203033_136101,1.318552217324807,5.327906363970341,2.3825207652501827
explore_204451_212462,0.359514372058219,4.370393115250461,0.9767159667891844
explore_204665_214593,2.27702248827208,5.6268398121665895,-4.441330952691098
explore_20483_49668,-0.0074756748728837,4.944017999699513,1.7596118905287184
explore_205270_4766,6.34111614328024,11.838430844353798,7.738176244394413
explore_205337_85707,5.832566887071973,9.420095529558752,7.310695016637369
explore_205685_198512,-5.508513914579303,-0.5313749344641568,-4.280087566658344
explore_205853_204176,-8.534656889964644,-7.020322825149629,-14.538087953111775
explore_206231_63211,2.261535697260457,7.5172130157807455,3.836164533514418
explore_206464_1082,2.734360893885164,8.251777434492771,1.3210409258251488
explore_206519_123662,5.363662462867168,10.116042216850229,3.4592417433071363
explore_2073_92833,0.8960259117759463,6.495366856272587,3.3854596545864006
explore_207796_132362,5.782188138769357,11.338091814301944,6.438883086204589
explore_207809_200971,0.8473508098506396,5.166433689998648,1.982376025891335
explore_208419_137313,-2.398107341626106,3.109462535454547,-0.6928647821526712
explore_208614_187351,7.762662158543945,12.764406089583314,7.577867135037971
explore_208687_26923,-0.7886333328550346,3.7583731106496527,-2.534393152741956
explore_208975_78810,-3.004988996150196,1.931499135359782,-0.7074250617999299
explore_209048_43843,4.593016934600779,12.023432820450145,8.544689203944365
explore_20932_217483,-1.3127309329240633,3.3751927221039,2.639593072737802
explore_20944_179615,1.8762296073957705,6.013984722050822,2.722175894823049
explore_209582_133344,9.633080698506504,14.20585028810676,9.960981813033198
explore_209869_87626,5.424188921965432,11.808230321428637,7.421882745134597
explore_209917_69840,5.872427081388072,9.285024578347546,3.161950564491092
explore_210346_187736,8.062079926713862,14.217740904870638,3.400591444214247
explore_211586_33891,0.9290504494427247,5.8042937560207,5.084168680408552
explore_21172_116675,6.474984755394337,11.892766449200394,10.629478293088525
explore_212107_196352,1.459924064356276,5.179868775302522,1.0911454875205109
explore_212690_9543,1.4903142723434604,6.378298706297258,1.9189409219222475
explore_212864_148348,2.243256896149457,6.956514918363087,6.033036576552737
explore_212953_73254,-8.042524592499229,-3.157495456425956,-2.7955329396882904
explore_213308_130277,7.560056782130931,11.015250644028702,6.454792131195231
explore_213542_34595,6.257071359504648,11.285100967869228,9.092638284115369
explore_213680_37543,-5.576935467709067,-0.9953304566642196,-1.46169581462389
explore_213815_202463,-0.7121764794730682,3.665155406281226,1.5383399091169652
explore_214098_193809,2.3262761434621577,6.705413453757547,3.9600632198129326
explore_214303_204829,5.684869436046313,10.461698707944215,4.761193483633325
explore_214382_103790,-6.0301046799766,-0.543192806342148,-4.608965716800746
explore_214447_203969,-2.7262770990993297,2.2714947113681263,1.2208183865181454
explore_214638_6148,-4.483148545088015,0.967150391146664,-3.0189287446902155
explore_214787_83198,5.519605362034644,10.67159356010473,7.175203137792386
explore_214812_81104,1.3246618232281335,7.973490654384787,6.590029315512978
explore_215113_144637,7.568967550928836,12.230467735899802,8.426772563836327
explore_215659_152997,-3.106932415119868,2.6604446729372024,-1.861698390560994
explore_216123_42099,4.0448117195566695,6.673565021702651,6.466323372675093
explore_216553_118551,0.5099552455871585,5.756531896371497,3.879837599510912
explore_216626_177788,4.888869404929923,8.955367342340379,5.095709016827225
explore_216637_129489,8.68295641148626,15.39288572786832,12.979669891836815
explore_216704_182733,3.025585004584617,7.791088788660256,3.363299588908112
explore_217153_23737,5.957780419174956,11.264434602070237,7.760939597407664
explore_217178_147688,2.76566124351682,7.925498051255445,3.579109623678523
explore_217741_185583,2.6217614398797613,7.594098728900346,5.4366209823637135
explore_217994_130830,0.5977758360000092,5.128590385826411,1.995354698047667
explore_218089_21201,1.014031165186619,5.575484273656379,1.7448789007128849
explore_218552_159542,3.766877881687179,8.529010860628876,5.0568645919451365
explore_219096_167463,1.1130373158533822,6.965761640737503,13.519993525990348
explore_219324_198761,4.835066204209764,10.128098027588502,3.1054885183202248
explore_21943_6247,5.046379414817444,9.594737181617056,2.492567914883564
explore_219539_153575,-1.135587594342594,4.402596052379759,-0.5448782533536703
explore_219819_217843,1.5127362712322436,7.337356789101083,0.4115247460202111
explore_2198_25037,-0.4035141540489462,4.154468645036137,-0.0643233556379148
explore_219948_175662,7.688469851614002,13.655340973457388,10.260605240478466
explore_220667_186837,4.966185955462654,10.72660504928525,8.438978476164063
explore_22709_181723,2.254474891793918,7.04294892233268,4.044952848412002
explore_22892_27481,-1.646745862174562,2.318164068637248,1.510552425954075
explore_23386_203506,1.7848234523556867,6.8447954233011385,4.156302776690629
explore_23672_155947,-1.6375057818706007,2.8229311546474736,-0.0848109296415219
explore_23919_183434,2.2332604549860164,7.148177599308283,3.908084398842375
explore_24225_80623,1.4133585484982492,6.817039595501962,3.929918401461824
explore_25005_70397,1.4671706016740298,6.317742317753443,2.0294686752371955
explore_25383_29232,-4.260151913218061,0.0875675941953648,-1.5490018623405568
explore_25431_197772,-1.873509857715273,2.538344206240139,-0.726227371920685
explore_25873_172532,-2.034764496280726,2.6789886683330177,1.9764749292790893
explore_26274_206211,4.409485544791819,9.899258560490464,2.388109808325223
explore_2630_97143,2.1200722490825776,7.439745283434815,5.324035984394298
explore_26651_157138,-0.569112418800737,4.9330043314206735,2.107748781203593
explore_26714_124388,4.109070900544992,10.81016130526545,8.506523779080482
explore_2672_120891,1.7259548584302191,7.465632599258316,5.532454842870871
explore_2682_29741,0.4721968135279447,5.5112964017738015,1.1403671062509035
explore_27111_62810,0.0526437150873726,5.366763124747803,2.442902982305718
explore_27321_87083,3.9355896344248182,9.31831422911471,8.050248831404934
explore_27449_1182,4.940408493085309,10.208676943901931,6.925113803946205
explore_27705_49885,14.503600424039334,19.493459680258766,14.93865926977013
explore_27776_145082,0.2326823747339577,4.563618708796159,-0.0622230029082084
explore_27842_184901,1.240175007505781,6.3325471517931184,1.5480350220764936
explore_28008_8161,0.537742147261232,5.203845862696055,1.890519898025866
explore_28128_170527,1.2985678776258034,5.895194371917425,4.739408813894438
explore_2872_114016,6.430995855148906,11.19679872886416,3.3470685106881333
explore_29136_83361,6.838095569223682,12.287065003724436,6.34636423529937
explore_29330_183701,-2.4759249473250047,1.7285066289325857,1.4149082064210845
explore_29749_207770,2.10952416351128,7.198843754112185,10.186080437586842
explore_29824_169159,7.640238675986338,12.757423718975245,10.484715334614531
explore_29865_208716,8.944105360715959,11.29862461125891,5.031305282755659
explore_30156_200204,-4.263649328677888,0.8988888485296448,-0.0351724377903458
explore_30180_117821,-1.066357935482003,2.9279799957731174,-0.6500104113897603
explore_30206_67350,-3.764391775012213,1.157091487451582,-2.428414601314391
explore_30336_154947,1.156284291228904,5.872812635653883,4.672597825342844
explore_30748_24245,0.4605933232218831,5.432295708709214,3.1192483340241437
explore_3105_204570,4.461412254847708,7.625935649031875,3.7551456537449934
explore_31153_124173,3.123905566382039,7.893575995054493,0.8357243497375666
explore_31196_139469,3.1808402752845093,7.192709809573891,6.111844876826341
explore_31278_28672,10.096641238346164,14.38209840771186,5.419815754099764
explore_31506_18449,7.56544692278644,13.92455579444095,7.916209069389948
explore_31583_38632,0.0252440941679883,5.620910008797644,4.299486863118081
explore_31765_163857,10.482483526674878,16.943690182283774,15.497060853047422
explore_3205_105165,0.310867070734423,5.880827230452624,3.699487677268909
explore_32132_174481,3.13617963389323,9.027056702105655,4.462804398001236
explore_32499_82212,1.5414613206815937,5.62168898537019,3.3480403251748965
explore_33572_14985,9.609331148164898,15.126247205321636,10.29818126404023
explore_34488_186657,2.016839106109179,6.268535454542543,4.743571175905661
explore_35665_32355,6.173533302676217,12.557638805449445,6.277362551658332
explore_35717_44384,-2.0894838422266795,3.662611254809024,0.8905993050443123
explore_35877_194804,-0.952162315648745,5.594851834067351,-0.5277160436762415
explore_36081_139115,3.953011513922277,9.077026185438369,3.2350082692434943
explore_36208_42214,-1.1847336601903766,4.996802106847163,0.9946039570496648
explore_3650_16617,6.631109774633391,11.284607104587565,5.228350015519475
explore_36603_124434,4.878180674114223,10.070619678863032,7.695455003537802
explore_37163_191968,-0.5498247449370971,5.328915985360405,1.973401943084382
explore_37563_41639,5.98512539270134,11.398311968548049,6.657099767855929
explore_37582_64949,7.916448581145019,15.60520598878804,10.508083709584334
explore_37613_41555,-0.8968591948810387,5.694246608170808,0.278846007983231
explore_37807_43912,0.2080983959304995,6.035563841877916,1.3893087304154053
explore_38151_203408,-3.0421616472476725,1.4203657898631243,-1.7993447559154692
explore_38391_172777,2.341719742717228,6.259491870089135,5.240229692788676
explore_38752_89877,0.6354639054155242,5.743070612752804,2.6417046064466208
explore_38795_186972,-0.3769233365256917,4.448374966749561,1.2112137314884546
explore_39516_133993,8.246967460874394,13.540284104980447,9.471452166127587
explore_39828_515,-8.325800015744955,-5.4680950665287975,-9.204129583732517
explore_40061_4810,4.765628144494236,10.018400662347648,7.075278872999099
explore_40344_160773,2.330703522764729,6.483090339816714,-2.3195966026132204
explore_40404_111250,0.8520089922732287,5.723457833135984,2.8677873963637115
explore_41305_219022,-5.40218710392783,0.6222905324548428,-0.193560161565124
explore_41412_176355,5.338636243020677,9.245249280542602,3.5027255363702925
explore_41515_176728,-6.6801596562669125,-1.6278859055453787,-0.3354661788767096
explore_41_152331,-1.0014917526501057,3.329087918315768,0.7675660169267787
explore_42208_113227,0.0686809027064731,6.49266250452439,4.07134310911548
explore_42242_210290,9.722435305570624,14.241609490845503,10.323694826589216
explore_42828_178761,0.1624134328464888,4.983028183494035,1.4098219163939243
explore_42852_71783,0.2970313188760667,5.538511857815577,2.184848701933587
explore_42875_172746,-0.8998325416008613,3.8189168101672335,0.828972524713673
explore_42981_18147,1.480999540960365,6.357004538105586,2.873498465412672
explore_43174_38512,5.337080027992812,11.03967547966588,4.537301968653685
explore_43233_210828,-0.3224341494321198,3.343297405185709,1.615896405292018
explore_43529_150487,8.99181746158738,14.136630435297796,7.987702335089116
explore_43779_162744,3.398380485049247,8.895749823385588,3.522085649429769
explore_44016_63114,6.093816908489095,12.599457836694103,2.5006788853006263
explore_44086_188143,3.2817495819191733,7.931866281069398,0.2258973745995388
explore_44138_212523,7.69303134987464,12.041286787729335,5.008800129467965
explore_44557_160370,-0.0980372558231492,5.0956906785633,4.505548990866592
explore_44650_75732,0.5922885683778516,6.808195456362195,-0.2710854901964269
explore_4498_37845,11.12906398072935,14.806617733470576,7.662061538575587
explore_45319_116208,2.9924712466581616,6.847355254068896,4.272327265601147
explore_45723_205457,3.017583984136146,6.975513659415388,4.039814988509454
explore_45856_49987,4.287437116956462,9.191633494859415,3.579484087209774
explore_46293_135641,4.903664447970624,10.317330895840293,8.820314887196222
explore_46486_180274,0.170425887886235,7.746886870534403,0.980675578181914
explore_4752_149819,4.2052965766491415,8.614292258454217,4.590692920626521
explore_47586_178051,0.8577864618376351,4.846499475061249,5.893751552987311
explore_47690_88007,4.155808846421111,9.075648435898705,5.96982229879378
explore_47815_120533,6.054232614886119,9.62978438529312,10.265754767325262
explore_48176_103424,3.221371613776953,7.48432272976363,8.64441317212895
explore_49518_100401,-0.7309902166231046,3.097984709262012,1.5361064962510569
explore_50024_59388,2.651640420605833,8.99887001342263,4.8435539915790775
explore_50169_157731,3.6646202272596216,8.146146140039528,2.4264783462126043
explore_50293_113972,-5.12608620976635,0.6056216117042186,-3.643100904329546
explore_51100_32374,-0.7785094022482173,4.010055534304208,3.0450068912891948
explore_51420_207823,-0.5543577170014806,3.4345213440598164,0.246330276812013
explore_52230_171088,-4.648864296512701,1.2225940381327003,-0.5390643008770012
explore_52522_106676,6.657874930329825,11.29175991255692,6.080720798848501
explore_52897_188277,3.6798365619799127,10.125960096099432,3.850636881579952
explore_53426_27962,1.4814673305574348,6.658536705409399,1.1977279821076838
explore_53468_154589,-0.4054993325065063,4.5499565799674855,1.032008661421745
explore_53902_178269,-2.023070901425376,4.076778607753516,3.514886885081589
explore_5407_101673,2.2957890738201776,8.159219064320608,7.044954064276527
explore_54260_121208,-0.5752975685265486,3.506533334772997,3.628244099058074
explore_54420_26709,3.580731268575675,9.182210334324637,5.349205257766321
explore_54615_169555,2.39520274056734,7.209674390599771,6.911705583768089
explore_54895_94289,4.895072733261707,10.053752046026844,4.809518017572293
explore_55533_211215,3.7453743498417618,9.39961254589963,2.548498963886949
explore_55723_37510,-0.2605279566267961,4.402074652096287,1.4188765554127312
explore_56207_78545,2.621974107197548,6.963116287168525,5.19926200961115
explore_56232_126226,1.5682901037817976,6.538617768878852,1.9569963671402797
explore_56362_109802,4.216057724830771,9.708237113823104,3.736721053319841
explore_56573_199323,0.4447750370357054,4.718173227401587,-2.415222347267014
explore_56666_138979,1.172498661080062,7.572924547155691,4.878963519716886
explore_56826_135913,1.445893575310391,6.882007777293607,0.7430551370674796
explore_56838_207170,3.849259617506048,10.175612872343596,6.721261504987242
explore_57148_144135,1.674293669644055,6.857036182368152,1.7928757093810848
explore_57258_133488,-0.8651900402299657,4.052519769802305,2.5979563734432385
explore_57773_83928,13.63036778138169,19.59247772159066,16.441953674448193
explore_57889_122074,2.949304255993217,7.727675665838781,1.4740226440233066
explore_57954_78344,-2.9141849905076294,3.625721083216928,-0.0948602721620431
explore_58315_127823,-3.3473788562847475,2.3534345575270024,-0.5899783760168051
explore_58458_118705,-6.786267490400568,-1.9920758294274423,-5.105093985795757
explore_58460_82467,-0.7400625064064221,2.77169493456057,-1.811129726840894
explore_58636_133146,0.9183202739051458,5.372608062995004,1.6235300974501234
explore_59595_112629,-1.7095687794829704,2.465913408354824,1.4044536946065844
explore_59717_183750,3.2626211326916,8.05560433085046,5.015153040536537
explore_60218_57172,-1.1916760697969004,2.900169387746665,1.3423175151625957
explore_60310_20726,4.604482218155873,9.66656302303554,6.063219174412753
explore_60481_209918,1.1339389206667143,5.051820519390053,1.6505731010731828
explore_61187_202156,5.596056311068626,9.774478357406354,4.481079184406722
explore_61208_39360,1.5321088429624905,6.697094544979964,2.615969118986822
explore_6143_94058,1.313035425537182,6.333022903171306,2.6469437295126155
explore_61798_4458,0.1575426689276131,6.183323843935947,2.2065471595883497
explore_61957_77423,6.3831951987599,11.345943875307428,3.19230657928078
explore_62032_26362,-7.787942165977747,-1.9990522965436048,-2.378687769819162
explore_62115_169484,1.169664391418264,6.613983015442001,6.207265510306684
explore_62212_205290,1.454135551712142,6.851327601286616,2.506992064653021
explore_62353_67694,-8.889795000944877,-5.381295513477658,-6.666697525348173
explore_63100_87032,-2.426572950041421,0.8844579859922221,-8.520488518013758
explore_64232_48716,-10.636598966006916,-5.047740785434409,-9.77936360846527
explore_64644_209452,1.819028380716824,7.891065029108393,4.190499349333556
explore_64753_166774,-2.4266303126183697,1.4714030007351646,1.3214051449944726
explore_64893_185705,11.060443015815542,17.5920303685996,16.790771792790615
explore_64915_61659,0.186685135176592,5.121283770961779,1.860818995699502
explore_65240_18288,0.9052720553724488,6.776035672965459,-0.9233628283542286
explore_65357_105640,1.144641313580354,6.663519413380464,4.129071172366979
explore_65422_102561,6.865547780102934,10.399204201123124,6.589067453609309
explore_65928_3572,6.619909226150314,10.91873077945592,7.66376404551732
explore_65969_199231,7.117225182664692,11.16562439016334,4.491773669043919
explore_66015_75476,-0.5810842509540723,4.058274103088818,-1.370376909658641
explore_66180_49838,4.033686495883606,9.812115567345897,12.319253670514644
explore_66194_17756,4.576488983118875,9.157901654271027,4.9130736214557365
explore_66296_16280,-1.2614484521950815,3.458485129691568,-1.7118472800971234
explore_67764_208128,-7.871931465903907,-2.9970095626982247,-5.645876355841817
explore_67769_119966,2.223819667656819,5.300054040202993,1.0074679694704831
explore_67986_59584,-3.2840492828693693,2.6907472742943925,0.6899064144592076
explore_68514_158845,1.19407640391082,5.635957390519034,0.0923854160222671
explore_68951_187406,7.111925771742773,12.227758126853502,6.028651513170846
explore_69039_37045,3.280345621508928,9.34800293116222,3.678597617266485
explore_69645_39142,3.1068990534563725,6.239992256785318,0.0447333081603366
explore_69792_74379,-3.137702661040787,1.4447398785268286,-5.963954548150324
explore_69894_52866,-1.4922852581863864,1.7059995884279666,-3.164807165435101
explore_70051_56202,-2.4583511931644653,2.113745220865256,-5.879656776717996
explore_70236_24777,-3.464379633314982,2.2751155408915125,-2.248710249012451
explore_70286_19384,-1.993682427668325,3.906944008743024,1.5294425896824078
explore_70286_57041,-1.6319316922823546,4.09754525879316,1.4523975631089794
explore_70292_175708,5.110524802132605,9.71545530871533,3.6174453506438726
explore_71088_37771,-3.4041021433869445,2.5516408071751178,1.6299116907345843
explore_71226_93139,0.7277662481519688,4.9460268807641246,0.5685351151911741
explore_71325_207565,1.1495709130955731,5.508241039947964,4.984891273733902
explore_71348_170725,-0.6846552057570423,3.771147765054089,1.4110911664410866
explore_71499_107005,4.959776593536809,10.531335470685184,4.482563832721663
explore_71973_95245,1.325918052377392,5.827049369047549,4.006128990798633
explore_72144_62680,5.698094549740646,9.965985589148088,3.846770159012831
explore_72186_106009,1.308893842316496,6.238835508808443,3.2339963632037736
explore_72187_50549,5.730579732167525,9.835316512131213,7.193276315654519
explore_73461_24680,5.625104875969512,10.399304591446958,5.624183052042786
explore_73485_166228,1.6107523362075122,6.214730222998909,1.5995630327664805
explore_7417_168932,5.574332834627456,9.859547250140087,8.826922854340959
explore_74332_99340,0.7005700487283733,6.76648847724917,2.018702760573687
explore_74860_16593,-1.1755619179845211,2.279953254401427,-0.3827429591425444
explore_74871_188058,3.847282245559037,10.54694556129603,2.584996841407573
explore_75302_26881,-1.0786049574496688,5.011746932161423,0.602619875403414
explore_75599_177769,1.7716759537568474,6.352742156450921,7.642936323313298
explore_76043_143595,3.99148073976217,9.52110288800622,5.82851922167882
explore_76076_176901,-1.788646199287085,4.982542979480442,-0.5747076948138103
explore_76161_30698,-5.651757338048919,0.649999656236528,1.0206729558472123
explore_7660_145380,16.380196856567498,20.339946732738483,13.346799613437502
explore_77323_193946,-2.552961703145647,2.9060604127100773,1.6132983977966404
explore_78135_189725,-4.799129573830853,0.3115293777218137,-0.7022330678639106
explore_78511_134983,5.097604219146718,10.403848929687973,8.417950994252925
explore_78571_155396,2.9760511805777576,8.748525664306516,5.926751426782033
explore_78605_59578,-1.356795482146503,3.253930186641465,1.8417234927251205
explore_7902_32621,2.7862337134608657,9.25595219487714,4.8098788379819295
explore_79580_32855,7.201554160734854,12.943663727066587,5.563070458851924
explore_79865_105001,2.122984515863256,7.470576788856571,1.7719067433936873
explore_80973_178091,-2.0361068044658146,3.6412719097659862,0.6730705228795727
explore_81121_122883,3.653042048410543,8.704008224256352,2.791597901709045
explore_81249_170718,1.606057897875165,7.972324262867825,8.124108514818047
explore_8140_3501,3.617549702239885,8.816745704202589,5.151673685315303
explore_81457_59681,-0.7548547738385608,3.7910487864871945,0.9766153418295112
explore_81585_18129,0.8659382404492822,6.178329390475771,1.3866888166789622
explore_81773_111357,6.468831434815426,12.150109218044456,8.546466433376139
explore_82735_100448,-0.3172610661173773,5.745002982345033,3.912096404724556
explore_82914_116028,3.74702397097844,9.067111192302717,4.604104358290481
explore_83922_190029,4.779419415276031,11.080276313740915,9.218183278755053
explore_83980_165634,1.2533654711440263,6.675721805029194,4.030379585890829
explore_84032_138293,5.731552156678933,11.553798559223129,8.084635293069706
explore_84125_91191,-22.653063056259697,-16.230461385973463,-19.23105054381791
explore_843_119998,-3.385828243660946,1.9298436715838452,-6.329410939194352
explore_84494_55514,-2.5754457625359333,2.606115703811838,-1.2478369652566998
explore_84553_194806,6.653592037836041,12.40091683275895,5.292993588652049
explore_84738_101798,10.182918339211904,15.386475151743031,12.21014132618377
explore_85537_68908,-0.2087621324914881,5.882153504356467,1.1562822426418766
explore_85572_156000,0.4430939852549515,4.537865996041031,4.029836838454483
explore_85633_66629,2.035702843806792,6.989646791046601,3.913245915373623
explore_85638_92136,9.345681568594337,15.134827608071992,10.342401578785774
explore_85988_25460,-0.4573594475752868,5.484162100839551,3.5887607433814552
explore_87004_174377,-2.4124919787631978,2.7132449666047345,-1.871214391624497
explore_87050_189365,-2.800772550146212,1.5465575485958982,-4.813462797825586
explore_87101_201638,11.082314326888731,16.13242520209866,9.839211242541287
explore_87242_184808,5.809989496194061,11.389956484473464,7.100789229405232
explore_87721_51068,9.068773064654703,13.44638427392324,8.851452887518745
explore_87975_176920,0.3081784274596657,6.261520805776331,0.9193473520874356
explore_8834_109671,-2.900279510000313,1.8446424721310857,-0.7306619619770747
explore_88579_42314,2.468337713918956,6.827579683337,3.96413493384571
explore_89058_93353,0.5118528443454115,6.41480097747918,2.510375954177084
explore_89092_95896,5.773405968887786,11.549868824484667,7.780384729325655
explore_89433_94688,-1.0026802581489551,4.096554444867358,-0.5458008787091004
explore_89576_178842,-5.285942311654874,-0.2511979768391335,-4.045050745560624
explore_89781_180916,4.428119612384429,9.88577881747326,6.544440427065651
explore_8983_190440,1.3849858469574532,6.01194667537341,4.748997176750346
explore_89879_158300,2.481454308003032,7.318335753863146,3.071208256302969
explore_89986_214332,1.3309488477115057,6.573534776916377,4.231473294841016
explore_90117_127307,-30.34394902615234,-20.5924164308274,-25.595252326596203
explore_90996_80018,2.0277849835357373,6.985364866131373,4.267920100151076
explore_91191_99925,-14.958687043280838,-8.913838319779082,-17.82905639003002
explore_91425_77324,-0.2163967951530733,3.960861069339464,1.5590715477668562
explore_91580_17162,67.52000948886955,70.40769219621933,66.84967905201302
explore_91740_189920,-6.544016718686865,-0.6633215118778633,-2.4576071482252813
explore_9178_62520,6.9743979056510215,10.370012311891708,5.645941038643151
explore_92081_40382,-1.5738409506535158,3.2585023243425564,1.924008275574547
explore_92196_92639,-1.036713682550929,4.314271529961333,-0.936068392242138
explore_92679_114032,-1.5135109154955204,3.959178339866096,-7.330500060455601
explore_92742_218561,0.2460640492448987,5.765390236793656,4.476469465663402
explore_93341_1183,0.711944796878859,5.381633949528448,2.0007295238101324
explore_93413_107301,7.243256345828926,12.771429483011062,8.158734020036308
explore_93586_143278,4.711955075563702,9.279390029046358,5.917244153900624
explore_93667_68345,2.022113955459981,7.826335880597338,4.052315490519554
explore_94179_119028,-0.5752743937966288,4.4817814488286825,1.593517216136402
explore_94297_128964,5.76377107479882,10.588182230385057,5.394898764619643
explore_94513_92325,8.254771773451118,14.615611930500329,0.0092459447017878
explore_94533_39732,0.8878334323357635,4.84076207393578,3.309199953521689
explore_9470_103093,-3.004756273639108,0.6406495737434116,1.293915415637793
explore_94830_124089,-2.772007374187516,0.9940035973478832,-0.8480197268770187
explore_95034_192874,2.124572000165094,6.362202841526995,0.2617483736697473
explore_95210_84096,0.7732528302373494,6.808727153370837,5.223357743908639
explore_95700_169620,-1.1243069802498713,4.851430536324211,2.665629708197766
explore_96170_65567,0.4626451076528444,4.999706815628676,5.072443047595385
explore_96205_38382,-4.805929342468566,1.084623721473604,-1.3471180591882477
explore_96275_124603,-0.2854532988288658,5.476614324920382,1.2481455636759609
explore_96764_204707,6.208511430888404,10.147863653870012,4.059564331962666
explore_96972_190787,-0.6905996280302091,5.194295071251535,3.800665170883255
explore_97007_135912,5.126422884157853,9.73947140023279,0.35939277990021
explore_97111_148227,4.56580371056006,9.177054955921134,4.227775679009564
explore_97202_100839,5.612284756858555,9.395789212271628,7.686738161295917
explore_97261_90513,-0.8504990877537996,4.002811854064802,2.5603755079936734
explore_97785_32854,2.52365139094518,8.39558144813802,2.215632093168616
explore_98146_189556,0.1289611124555306,5.1223031726498816,2.7012089501709644
explore_98459_169583,-3.1336199652089705,2.2364464835768976,-1.5038450432693566
explore_98831_78112,9.691137952343492,15.905819635329795,11.425702169933588
explore_99400_28683,8.33748907968168,13.37831122342799,6.408488335884447
explore_99432_143601,4.00205419803547,8.606831186291473,5.44675433357447
explore_99617_54786,-4.612582880433434,0.9802606290179332,-4.8126025218255695
explore_99692_125688,-1.2915125753648586,3.546827035065768,-0.8215206831775984
